id	isolate	host	collection_date	country	host_group
8	RF122	cow	2002	Ireland	cattle
18	LGA251	cow	2011	UK	cattle
98	Newbould 305	cow	2012	Switzerland	cattle
344	SS_0537	chicken	2013	UK	poultry
345	SS_0538	chicken	2013	UK	poultry
346	SS_0539	chicken	2013	UK	poultry
347	SS_0540	chicken	2013	UK	poultry
348	SS_0541	chicken	2013	UK	poultry
349	SS_0542	chicken	2013	UK	poultry
351	SS_0544	chicken	2013	UK	poultry
352	SS_0545	chicken	2013	UK	poultry
353	SS_0546	chicken	2013	UK	poultry
354	SS_0547	chicken	2013	UK	poultry
355	SS_0548	chicken	2013	UK	poultry
357	SS_0550	chicken	2013	UK	poultry
358	SS_0551	chicken	2013	UK	poultry
359	SS_0552	chicken	2013	UK	poultry
360	SS_0553	chicken	2013	UK	poultry
362	SS_0555	chicken	2013	UK	poultry
363	SS_0556	chicken	2013	UK	poultry
365	SS_0558	chicken	2013	UK	poultry
368	SS_0561	chicken	2013	UK	poultry
369	SS_0562	chicken	2013	UK	poultry
372	SS_0565	chicken	2013	UK	poultry
373	SS_0566	chicken	2013	UK	poultry
374	SS_0567	chicken	2013	UK	poultry
375	SS_0568	chicken	2013	UK	poultry
376	SS_0569	chicken	2013	UK	poultry
378	SS_0571	chicken	2013	UK	poultry
379	SS_0572	chicken	2013	UK	poultry
380	SS_0573	chicken	2013	UK	poultry
381	SS_0574	chicken	2013	UK	poultry
382	SS_0575	chicken	2013	UK	poultry
383	SS_0576	chicken	2013	UK	poultry
384	SS_0577	chicken	2013	UK	poultry
385	SS_0578	chicken	2013	UK	poultry
386	SS_0579	chicken	2013	UK	poultry
387	SS_0580	chicken	2013	UK	poultry
388	SS_0581	chicken	2013	UK	poultry
389	SS_0582	chicken	2013	UK	poultry
390	SS_0583	chicken	2013	UK	poultry
391	SS_0584	chicken	2013	UK	poultry
807	SS_0585	chicken	2012	UK	poultry
808	SS_0586	chicken	2012	UK	poultry
809	SS_0587	chicken	2012	UK	poultry
810	SS_0588	chicken	2012	UK	poultry
811	SS_0589	chicken	2012	UK	poultry
812	SS_0590	chicken	2012	UK	poultry
813	SS_0591	chicken	2012	UK	poultry
814	SS_0592	chicken	2012	UK	poultry
815	SS_0593	chicken	2013	UK	poultry
816	SS_0594	chicken	2013	UK	poultry
817	SS_0595	chicken	2013	UK	poultry
818	SS_0596	chicken	2013	UK	poultry
819	SS_0597	chicken	2013	UK	poultry
820	SS_0598	chicken	2013	UK	poultry
821	SS_0599	chicken	2013	UK	poultry
822	SS_0600	chicken	2013	UK	poultry
823	SS_0601	chicken	2013	UK	poultry
824	SS_0602	chicken	2013	UK	poultry
825	SS_0603	chicken	2013	UK	poultry
826	SS_0604	chicken	2013	UK	poultry
828	SS_0606	chicken	2013	UK	poultry
829	SS_0607	chicken	2013	UK	poultry
830	SS_0608	chicken	2013	UK	poultry
831	SS_0609	chicken	2013	UK	poultry
832	SS_0610	chicken	2013	UK	poultry
833	SS_0611	chicken	2013	UK	poultry
834	SS_0612	chicken	2013	UK	poultry
835	SS_0613	chicken	2013	UK	poultry
836	SS_0614	chicken	2013	UK	poultry
838	SS_0616	chicken	2013	UK	poultry
839	SS_0617	chicken	2013	UK	poultry
840	SS_0618	chicken	2013	UK	poultry
841	SS_0619	chicken	2013	UK	poultry
842	SS_0620	chicken	2013	UK	poultry
843	SS_0621	chicken	2013	UK	poultry
844	SS_0622	chicken	2013	UK	poultry
845	SS_0623	chicken	2013	UK	poultry
847	SS_0625	chicken	2013	UK	poultry
848	SS_0626	chicken	2013	UK	poultry
849	SS_0627	chicken	2013	UK	poultry
850	SS_0628	chicken	2013	UK	poultry
851	SS_0629	chicken	2013	UK	poultry
852	SS_0630	chicken	2013	UK	poultry
853	SS_0631	chicken	2013	UK	poultry
854	SS_0632	chicken	2013	UK	poultry
860	SS_0638	chicken	2013	UK	poultry
866	SS_0644	chicken	2013	UK	poultry
867	SS_0645	chicken	2013	UK	poultry
868	SS_0646	chicken	2013	UK	poultry
869	SS_0647	chicken	2013	UK	poultry
870	SS_0648	chicken	2013	UK	poultry
871	SS_0649	chicken	2013	UK	poultry
872	SS_0650	chicken	2013	UK	poultry
873	SS_0651	chicken	2013	UK	poultry
874	SS_0652	chicken	2013	UK	poultry
875	SS_0653	chicken	2013	UK	poultry
877	SS_0655	chicken	2013	UK	poultry
878	SS_0656	chicken	2013	UK	poultry
881	SS_0658	chicken	2013	UK	poultry
882	SS_0659	chicken	2013	UK	poultry
883	SS_0660	chicken	2013	UK	poultry
884	SS_0661	chicken	2013	UK	poultry
885	SS_0662	chicken	2013	UK	poultry
886	SS_0663	chicken	2013	UK	poultry
887	SS_0664	chicken	2013	UK	poultry
888	SS_0665	chicken	2013	UK	poultry
889	SS_0666	chicken	2013	UK	poultry
890	SS_0667	chicken	2013	UK	poultry
892	SS_0669	chicken	2013	UK	poultry
893	SS_0670	chicken	2013	UK	poultry
894	SS_0671	chicken	2013	UK	poultry
895	SS_0672	chicken	2013	UK	poultry
897	SS_0674	chicken	2013	UK	poultry
898	SS_0675	chicken	2013	UK	poultry
899	SS_0676	chicken	2013	UK	poultry
900	SS_0677	chicken	2013	UK	poultry
901	SS_0678	chicken	2013	UK	poultry
902	SS_0679	chicken	2013	UK	poultry
903	SS_0680	chicken	2013	UK	poultry
904	SS_0681	chicken	2013	UK	poultry
906	SS_0683	chicken	2013	UK	poultry
907	SS_0684	chicken	2013	UK	poultry
908	SS_0685	chicken	2013	UK	poultry
909	SS_0686	chicken	2013	UK	poultry
910	SS_0687	chicken	2013	UK	poultry
911	SS_0688	chicken	2013	UK	poultry
912	SS_0689	chicken	2013	UK	poultry
913	SS_0690	chicken	2013	UK	poultry
914	SS_0691	chicken	2013	UK	poultry
915	SS_0692	chicken	2013	UK	poultry
916	SS_0693	chicken	2013	UK	poultry
917	SS_0694	chicken	2013	UK	poultry
918	SS_0695	chicken	2013	UK	poultry
919	SS_0696	chicken	2013	UK	poultry
920	SS_0697	chicken	2013	UK	poultry
921	SS_0698	chicken	2013	UK	poultry
922	SS_0699	chicken	2013	UK	poultry
923	SS_0700	chicken	2013	UK	poultry
924	SS_0701	chicken	2013	UK	poultry
925	SS_0702	chicken	2013	UK	poultry
926	SS_0703	chicken	2013	UK	poultry
927	SS_0704	chicken	2013	UK	poultry
928	SS_0705	chicken	2013	UK	poultry
929	SS_0706	chicken	2013	UK	poultry
930	SS_0707	chicken	2013	UK	poultry
931	SS_0708	chicken	2013	UK	poultry
932	SS_0709	chicken	2013	UK	poultry
933	SS_0710	chicken	2013	UK	poultry
934	SS_0711	chicken	2013	UK	poultry
935	SS_0712	chicken	2013	UK	poultry
936	SS_0713	chicken	2013	UK	poultry
937	SS_0714	chicken	2013	UK	poultry
938	SS_0715	chicken	2013	UK	poultry
939	SS_0716	chicken	2013	UK	poultry
940	SS_0717	chicken	2013	UK	poultry
946	SS_0723	chicken	2013	UK	poultry
947	SS_0724	chicken	2013	UK	poultry
948	SS_0725	chicken	2013	UK	poultry
949	SS_0726	chicken	2013	UK	poultry
1663	61291	chicken	1998	Denmark	poultry
1665	61282	chicken	1967	Japan	poultry
1666	61280	chicken	1998	Japan	poultry
1667	61277	chicken	1998	Japan	poultry
1668	61281	chicken	1998	Japan	poultry
1670	61290	pheasant	unknown	UK	game_birds
1671	61283	pheasant	unknown	UK	game_birds
1672	61287	partridge	1996	UK	game_birds
1673	973N0056	grouse	unknown	UK	game_birds
1675	61284	partridge	2006	UK	game_birds
1676	61288	turkey	unknown	UK	poultry
1678	61273	chicken	1976	Belgium	poultry
1679	61269	chicken	1996	UK	poultry
1680	61267	chicken	1996	UK	poultry
1681	61268	chicken	1996	UK	poultry
1682	61272	chicken	1999	USA	poultry
1683	61270	chicken	1999	USA	poultry
1684	61271	chicken	2000	USA	poultry
1685	61276	chicken	1996	Australia	poultry
1686	61275	chicken	1996	Australia	poultry
2694	114	cow	unknown	UK	cattle
2698	38963	cow	unknown	UK	cattle
2702	7_2003	cow	2003	Chile	cattle
2712	9_1987	cow	1987	USA	cattle
2713	9715	chicken	unknown	UK	poultry
2715	B119	cow	1998	Ireland	cattle
2716	B122	cow	1998	Ireland	cattle
2717	B130	cow	1998	Ireland	cattle
2722	CH11	cow	unknown	Chile	cattle
2723	CH48	chicken	1998	Japan	poultry
2724	Chile9	cow	2003	Chile	cattle
2725	CI2315	cow	unknown	UK	cattle
2726	CTH136	cow	1987	USA	cattle
2727	CTH14	cow	1987	USA	cattle
2728	CTH142	cow	1987	USA	cattle
2729	CTH147	cow	1987	USA	cattle
2730	CTH160	cow	1987	USA	cattle
2731	CTH189	cow	1987	USA	cattle
2732	CTH19	cow	1987	USA	cattle
2733	CTH205	cow	1987	USA	cattle
2734	CTH211	cow	1987	USA	cattle
2735	CTH232	cow	1987	USA	cattle
2736	CTH252	cow	1987	USA	cattle
2737	CTH4	cow	1987	USA	cattle
2738	CTH96	cow	1987	USA	cattle
2753	DS36	cow	1998	Sweden	cattle
2754	DS37	cow	2009	Spain	cattle
2756	DS42	cow	2009	Argentina	cattle
2767	DS95	cow	2005	Denmark	cattle
2770	IMD1000-09	pig	2009	Switzerland	pig
2771	IMD2002-10	pig	2010	Switzerland	pig
2772	IMD49-10	pig	2010	Switzerland	pig
2781	LMA1168	cow	1974	USA	cattle
2788	MSA1547	cow	unknown	Ireland	cattle
2795	RF287	cow	unknown	Ireland	cattle
2796	SAU(M)27	cow	2001	USA	cattle
2800	VI_54646	cow	2001	Norway	cattle
2801	VI_54648	cow	2001	Norway	cattle
2802	VI_54649	cow	2001	Norway	cattle
2803	VI_54650	cow	2001	Norway	cattle
2804	VI_54651	cow	2001	Norway	cattle
2805	VI_54652	cow	2001	Norway	cattle
2806	VI_54653	cow	2001	Norway	cattle
2807	VI_54654	cow	2001	Norway	cattle
2808	VI_54655	cow	2001	Norway	cattle
2809	VI_54657	cow	2001	Norway	cattle
2810	VI_54658	cow	2001	Norway	cattle
2811	VI_54659	cow	2001	Norway	cattle
2814	VI_54664	cow	2001	Norway	cattle
2818	VI50900	cow	2001	Norway	cattle
2839	C05_232	cow	2006	England	cattle
2840	C02_737	cow	2006	England	cattle
2841	C02_936	cow	2006	England	cattle
2842	02.4228.J	cow	2002	Scotland	cattle
2843	STF45-1	cow	2006	England	cattle
2844	C02_467	cow	2006	England	cattle
2845	C04_847	cow	2006	England	cattle
2846	C04_288	cow	2006	England	cattle
2857	Ko	cow	2011	Denmark	cattle
2858	2901	dog	2005	UK	companion_animal
2859	SI-702	cow	2008	Italy	cattle
2860	SI-641	sheep	2006	Italy	small_ruminant
2861	ARI233-1	pig	2008	Switzerland	pig
2862	SI-629	sheep	2001	Italy	small_ruminant
2863	22-M75-10-08	red squirrel	2009	England	squirrel
2864	MPS-6H	cow	2011	England	cattle
2865	MPS-18.67	cow	2012	England	cattle
2867	22-M156-05-10	red squirrel	2008	Channel Islands	squirrel
2871	RV2007-03209-66	cow	2007	Netherlands	cattle
2872	NBRC102143	cow	1950	Sweden	cattle
2873	m-MR-6AI	cow	2012	UK	cattle
2874	m-MR-7M	cow	2012	UK	cattle
2875	m-MR-7AD	cow	2012	UK	cattle
2876	m-MR-11S	cow	2012	UK	cattle
2877	m-36-46	cow	2012	UK	cattle
2878	VI_55070_(sg97a)	goat	2001	Norway	small_ruminant
2879	m-29-26	cow	2012	UK	cattle
2880	STF_40-14	cow	2007	UK	cattle
2881	m-30-76	cow	2012	UK	cattle
2882	m-31-77	cow	2012	UK	cattle
2886	m37-55	cow	2012	UK	cattle
2888	GKP138-11	cow	2012	UK	cattle
2889	GKP136-40	cow	2012	UK	cattle
2890	GKP138-41	cow	2012	UK	cattle
2892	GKP138-67	cow	2012	UK	cattle
2893	GKP138-33	cow	2012	UK	cattle
2894	m-25.21_2.3	cow	2012	UK	cattle
2897	GKP136-67	cow	2012	UK	cattle
2898	45-164	cow	2012	England	cattle
2902	GKP12981	cow	unknown	UK	cattle
2903	GKP12973	cow	2012	UK	cattle
2904	GKP12493	cow	unknown	UK	cattle
2905	GKP6751	cow	unknown	UK	cattle
2906	GKP13373	cow	unknown	UK	cattle
2908	2012S143_(MV1-06)	cow	2010	Belgium	cattle
2911	GKP138-73B	cow	2012	England	cattle
2912	GKP138-73D	cow	2012	England	cattle
2913	GKP138-73E	cow	2012	England	cattle
2914	GKP138-73F	cow	2012	UK	cattle
2915	M735/97/1	red squirrel	1997	UK	squirrel
2916	A-2	cow	unknown	Turkey	cattle
2917	A-54	cow	unknown	Turkey	cattle
2918	A-112	cow	unknown	Turkey	cattle
2919	A-134	cow	unknown	Turkey	cattle
2926	12780	pig	2008	Italy	pig
2927	CHILE5	cow	2003	Chile	cattle
2928	CTH54	cow	1987	USA	cattle
2929	CTH163	cow	1987	USA	cattle
2930	Fli5576-9	cow	2006	Germany	cattle
2931	LMA1166	cow	1964	France	cattle
2932	NCIMB702892	cow	1958	Canada	cattle
2933	RF111	cow	1993	Ireland	cattle
2934	RF115	cow	1993	Ireland	cattle
2935	RF116	cow	1993	Ireland	cattle
2971	Fin47_H17	pig	2015	Finland	pig
2972	Fin48_H18	pig	2015	Finland	pig
2973	Fin46_H17	pig	2015	Finland	pig
2975	K12PJN53	pig	2012	South Korea	pig
2976	S54F9	pig	2005	Denmark	pig
2977	CC9_pig1	pig	2015	USA	pig
2978	CC9_pig2	pig	2015	USA	pig
2979	CC9_pig3	pig	2015	USA	pig
2980	CC9_pig4	pig	2015	USA	pig
2981	CC9_pig5	pig	2015	USA	pig
2982	CC9_pig6	pig	2015	USA	pig
2983	CC9_pig7	pig	2015	USA	pig
2984	CC9_pig8	pig	2015	USA	pig
2985	CC9_pig9	pig	2015	USA	pig
2986	CC9_pig10	pig	2015	USA	pig
2988	IBUN9014YSA	pig	2014	Colombia	pig
2989	0213-M-4A	pig	2021	China	pig
2990	M3	pig	2015	China	pig
2991	XM201503-M6	pig	2015	China	pig
2992	M48	pig	2012	China	pig
2993	M51	pig	2012	China	pig
2994	PN246B0	pig	2016	South Africa	pig
2995	PR243B0	pig	2016	South Africa	pig
2996	PN243B0	pig	2016	South Africa	pig
2997	PN235B0	pig	2016	South Africa	pig
3000	IMT38951_SK41	pig	2016	Germany	pig
3001	IMT38951_SK42	pig	2016	Germany	pig
3002	GDB8P68A	pig	2018	China	pig
3003	GDY8P109A	pig	2018	China	pig
3004	GD-G33	pig	2013	China	pig
3005	GD-G38	pig	2013	China	pig
3006	PJFA-521M	pig	2017	South Korea	pig
3007	T144	pig	2014	China	pig
3008	CQB5P008P	pig	2015	China	pig
3009	CQSE017P	pig	2015	China	pig
3010	CQB3M005P	cow	2013	China	cattle
3011	CQR3P007P	pig	2013	China	pig
3012	CQH3M012P	cow	2013	China	cattle
3013	CQB5P051P	pig	2015	China	pig
3014	CQY3C006P	chicken	2013	China	poultry
3015	CQH3M001P	cow	2013	China	cattle
3016	CQH3M002P	cow	2013	China	cattle
3017	CQB3M006P	cow	2013	China	cattle
3018	CQH3C002P	chicken	2013	China	poultry
3019	CQB3M013P	cow	2013	China	cattle
3020	CQB3M011P	cow	2013	China	cattle
3021	CQH3M007P	cow	2013	China	cattle
3022	CQR3P001P	pig	2013	China	pig
3023	CQH3P002P	pig	2013	China	pig
3024	CQR3P006P	pig	2013	China	pig
3025	CQY3C001P	chicken	2013	China	poultry
3026	324	pig	2009	Germany	pig
3027	1061	pig	2009	Germany	pig
3028	089B_2	pig	2009	Peru	pig
3029	09_01691_3	pig	2009	Poland	pig
3030	2007-70-91-4-SPA	pig	2007	Denmark	pig
3031	2007-70-92-6-SPA	pig	2007	Denmark	pig
3032	2007-70-95-9-SPA	pig	2007	Denmark	pig
3033	34-M-B-1_11	pig	2008	Denmark	pig
3034	3-S-1	pig	2007	Denmark	pig
3035	7_2007-70-77-4	pig	2007	Denmark	pig
3036	7-1	pig	2007	Canada	pig
3037	7-109	pig	2007	Canada	pig
3038	7-12	pig	2007	Canada	pig
3039	7-14	pig	2007	Canada	pig
3040	7-3	pig	2007	Canada	pig
3041	7413532-2	pig	2002	Denmark	pig
3042	7SPA_72-13850-1	pig	2000	Denmark	pig
3043	9B	pig	2007	Denmark	pig
3045	P23-01_SW31.1	pig	2008	United States	pig
3046	P23-02_SW62.1	pig	2008	United States	pig
3047	P23-03_SW181.1	pig	2008	United States	pig
3048	SWK35	pig	2009	United States	pig
3051	BSAR141_2	cow	2011	Denmark	cattle
3052	GKP136-4	cow	2012	United Kingdom	cattle
3053	DTU2013_1133	pig	2008	Denmark	pig
3054	NCTC9546	chicken	1954	United Kingdom	poultry
3055	NCTC9547	cow	1954	Unknown	cattle
3056	NCTC8399	cow	1947	United Kingdom	cattle
3057	NCTC9551	cow	1954	Unknown	cattle
3058	NCTC9553	cow	1954	United Kingdom	cattle
3059	NCTC9552	cow	1954	Unknown	cattle
3060	_W1	pig	2015	Denmark	pig
3061	_W2	pig	2015	Denmark	pig
3062	_W3	pig	2015	Denmark	pig
3063	_W4	pig	2015	Denmark	pig
3064	_W5	pig	2015	Denmark	pig
3065	_W6	pig	2015	Denmark	pig
3066	_W7	pig	2015	Denmark	pig
3067	_F1	pig	2015	Denmark	pig
3068	_F2	pig	2015	Denmark	pig
3069	_F3	pig	2015	Denmark	pig
3070	_F4	pig	2015	Denmark	pig
3071	_F5	pig	2015	Denmark	pig
3072	_F6	pig	2015	Denmark	pig
3073	_F7	pig	2015	Denmark	pig
3074	_F8	pig	2015	Denmark	pig
3075	_F9	pig	2015	Denmark	pig
3076	9	cow	2000	Finland	cattle
3077	75	cow	2000	Finland	cattle
3078	110	cow	2000	Finland	cattle
3079	112	cow	2000	Finland	cattle
3080	ISU_871	pig	2010	USA	pig
3081	ISU_872	pig	2010	USA	pig
3082	ISU_873	pig	2010	USA	pig
3083	ISU_874	pig	2010	USA	pig
3084	ISU_875	pig	2010	USA	pig
3085	ISU_876	pig	2010	USA	pig
3086	ISU_877	pig	2010	USA	pig
3087	ISU_878	pig	2010	USA	pig
3088	ISU_879	pig	2010	USA	pig
3089	ISU_880	pig	2010	USA	pig
3090	ISU_881	pig	2010	USA	pig
3091	ISU_882	pig	2010	USA	pig
3092	ISU_912	pig	2010	USA	pig
3093	ISU_915	pig	2010	USA	pig
3094	ISU_916	pig	2010	USA	pig
3095	ISU_917	pig	2010	USA	pig
3096	ISU_918	pig	2010	USA	pig
3097	ISU_922	pig	2010	USA	pig
3098	ISU_924	pig	2010	USA	pig
3099	ISU_925	pig	2010	USA	pig
3100	ISU_933	pig	2010	USA	pig
3101	ISU_934	pig	2010	USA	pig
3102	ISU_935	pig	2010	USA	pig
3103	ISU_936	pig	2010	USA	pig
3104	ISU_939	pig	2010	USA	pig
3105	ISU_941	pig	2010	USA	pig
3106	ISU_949	pig	2010	USA	pig
3107	ISU_951	pig	2010	USA	pig
3108	ISU_952	pig	2010	USA	pig
3109	ISU_953	pig	2010	USA	pig
3110	ISU_954	pig	2010	USA	pig
3111	ISU_956	pig	2010	USA	pig
3112	ISU_968	pig	2010	USA	pig
3113	ISU_969	pig	2010	USA	pig
3114	ISU_970	pig	2010	USA	pig
3115	ISU_971	pig	2010	USA	pig
3116	ISU_976	pig	2010	USA	pig
3117	ISU_978	pig	2010	USA	pig
3118	ISU_979	pig	2010	USA	pig
3119	ISU_992	pig	2010	USA	pig
3120	ISU_1000	pig	2010	USA	pig
3121	ISU_1001	pig	2010	USA	pig
3122	ISU_1002	pig	2010	USA	pig
3123	ISU_1008	pig	2010	USA	pig
3124	ISU_1009	pig	2010	USA	pig
3125	ISU_1010	pig	2010	USA	pig
3126	MRSA_SKN07	cow	2014	India	cattle
3127	ISU_926	pig	2010	USA	pig
3128	SA7112	pig	2012	Brazil	pig
3129	19	cow	2005	Belgium	cattle
3130	299	cow	2006	Belgium	cattle
3131	682	cow	2011	Italy	cattle
3132	685	cow	2012	Italy	cattle
3133	663	cow	2012	Italy	cattle
3134	674	cow	2011	Italy	cattle
3135	141	cow	2006	Belgium	cattle
3136	ILS-72	cow	2011	Ivory Coast	cattle
3137	Sa12-001	cow	2012	Australia	cattle
3138	Sa12-002	cow	2012	Australia	cattle
3139	Sa13-001	cow	2013	Australia	cattle
3140	Sa13-002	cow	2013	Australia	cattle
3141	Sa14-001	cow	2014	Australia	cattle
3142	Sa14-002	cow	2014	Australia	cattle
3143	Sa14-003	cow	2014	Australia	cattle
3144	Sa14-004	cow	2014	Australia	cattle
3145	AL-699	cow	2013	Chile	cattle
3146	AL-492	cow	2013	Chile	cattle
3147	MT-0541	cow	2013	Chile	cattle
3148	AL-704	cow	2013	Chile	cattle
3149	MT-0557	cow	2013	Chile	cattle
3150	MT-0509	cow	2013	Chile	cattle
3151	MT-0363	cow	2013	Chile	cattle
3152	1608	cow	2016	Switzerland	cattle
3153	Sa52	cow	2016	Denmark	cattle
3154	4185	cow	2001	Brazil	cattle
3155	241	cow	2016	Russia	cattle
3156	1113	cow	2016	Russia	cattle
3157	11131	cow	2016	Russia	cattle
3158	17	cow	2017	Russia	cattle
3159	42	cow	2017	Russia	cattle
3160	MR3	pig	2016	Nepal	pig
3161	MR6	pig	2016	Nepal	pig
3162	MR9	pig	2016	Nepal	pig
3163	MR10	pig	2016	Nepal	pig
3164	MR15	pig	2016	Nepal	pig
3165	2AY16-1	pig	2016	China	pig
3166	2AY19	pig	2016	China	pig
3167	2AY20	pig	2016	China	pig
3168	2AY27	pig	2016	China	pig
3169	2AY36	pig	2016	China	pig
3170	2AY41	pig	2016	China	pig
3171	2AY47	pig	2016	China	pig
3172	2AY54	pig	2016	China	pig
3173	2AY60	pig	2016	China	pig
3174	2AY63	pig	2016	China	pig
3175	2AY68-1	pig	2016	China	pig
3176	2AY7-1	pig	2016	China	pig
3177	2AY72	pig	2016	China	pig
3178	2AY74	pig	2016	China	pig
3179	2AY76	pig	2016	China	pig
3180	2AY77	pig	2016	China	pig
3181	2B1-1	pig	2016	China	pig
3182	2CY12	pig	2016	China	pig
3183	2CY17	pig	2016	China	pig
3184	2CY19	pig	2016	China	pig
3185	2CY2	pig	2016	China	pig
3186	2CY20-1	pig	2016	China	pig
3187	2CY3	pig	2016	China	pig
3188	2CY4	pig	2016	China	pig
3189	2CY8	pig	2016	China	pig
3190	AY20	pig	2016	China	pig
3191	AY53	pig	2016	China	pig
3192	BY2	pig	2016	China	pig
3193	BY46-2	pig	2016	China	pig
3194	BY48-1	pig	2016	China	pig
3195	BY49-2	pig	2016	China	pig
3196	BY51	pig	2016	China	pig
3197	BY53	pig	2016	China	pig
3198	BY54	pig	2016	China	pig
3199	BY55-1	pig	2016	China	pig
3200	BY56-1	pig	2016	China	pig
3201	BY59-1	pig	2016	China	pig
3202	BY65	pig	2016	China	pig
3203	BY68	pig	2016	China	pig
3204	BY69	pig	2016	China	pig
3205	BY7	pig	2016	China	pig
3206	BY73	pig	2016	China	pig
3207	BY74	pig	2016	China	pig
3208	BY78	pig	2016	China	pig
3209	BY80	pig	2016	China	pig
3210	BY82	pig	2016	China	pig
3211	BY89	pig	2016	China	pig
3212	CY14	pig	2016	China	pig
3213	CY21-2	pig	2016	China	pig
3214	DY22	pig	2016	China	pig
3215	DY32	pig	2016	China	pig
3216	DY67-1	pig	2016	China	pig
3217	DY82	pig	2016	China	pig
3218	S2AY11	pig	2016	China	pig
3219	S2AY23	pig	2016	China	pig
3220	S2AY8	pig	2016	China	pig
3221	2CY21	pig	2016	China	pig
3222	S2CY27	pig	2016	China	pig
3223	SAY42	pig	2016	China	pig
3224	SDY10	pig	2016	China	pig
3225	SDY17	pig	2016	China	pig
3226	SDY30	pig	2016	China	pig
3227	SDY38-1	pig	2016	China	pig
3228	DY77	pig	2016	China	pig
3229	SDY82	pig	2016	China	pig
3230	E77	pig	2016	China	pig
3231	SEY16-1	pig	2016	China	pig
3232	SEY49-1	pig	2016	China	pig
3233	SGY37	pig	2016	China	pig
3234	SHY37-1	pig	2016	China	pig
3235	SJY5	pig	2016	China	pig
3236	SKY9-1	pig	2016	China	pig
3237	YF012	pig	2015	China	pig
3238	YF037	pig	2015	China	pig
3239	YG029	pig	2015	China	pig
3240	YH022	pig	2015	China	pig
3241	YH030	pig	2015	China	pig
3242	YI040	pig	2015	China	pig
3243	YK046	pig	2015	China	pig
3244	15	cow	2015	Netherlands	cattle
3245	28	cow	2015	Netherlands	cattle
3246	31	cow	2015	Netherlands	cattle
3247	58	cow	2015	Netherlands	cattle
3248	139	cow	2015	Netherlands	cattle
3249	483	cow	2015	Netherlands	cattle
3250	909	cow	2014	Netherlands	cattle
3251	A54_B	cow	2016	Malaysia	cattle
3252	PKFA-151	pig	2017	South Korea	pig
3253	G08M	cow	2005	Switzerland	cattle
3254	G12B	cow	2005	Switzerland	cattle
3255	G29N	cow	2005	Switzerland	cattle
3256	M2084B	cow	2004	Switzerland	cattle
3257	M2130B	cow	2004	Switzerland	cattle
3258	M2529B	cow	2004	Switzerland	cattle
3259	M5512B	cow	2004	Switzerland	cattle
3260	M6020B	cow	2004	Switzerland	cattle
3261	M3783C	cow	2004	Switzerland	cattle
3262	M2839C	cow	2004	Switzerland	cattle
3263	M1280C	cow	2004	Switzerland	cattle
3264	M1655C	cow	2004	Switzerland	cattle
3265	M2323C	cow	2004	Switzerland	cattle
3266	M2682C	cow	2004	Switzerland	cattle
3267	K2R	cow	2004	Switzerland	cattle
3268	G07I	cow	2005	Switzerland	cattle
3269	M3386D	cow	2004	Switzerland	cattle
3270	G42G	cow	2005	Switzerland	cattle
3271	G33O	cow	2005	Switzerland	cattle
3272	G68P	cow	2005	Switzerland	cattle
3273	G11F	cow	2005	Switzerland	cattle
3274	G19F	cow	2005	Switzerland	cattle
3275	3059	cow	2015	Brazil	cattle
3276	Lodi13K	cow	2011	Italy	cattle
3277	Lodi10B	cow	2011	Italy	cattle
3278	Lodi4R	cow	2011	Italy	cattle
3279	Lodi11bM	cow	2011	Italy	cattle
3280	M5171B	cow	2005	Switzerland	cattle
3281	B231_MRSA	cow	2007	Belgium	cattle
3282	B524_MRSA	cow	2011	Belgium	cattle
3283	Ani_GT_111	cow	2016	Belgium	cattle
3284	Ani_LG_017	cow	2016	Belgium	cattle
3285	Ani_LG_020	cow	2016	Belgium	cattle
3286	Ani_LG_027	cow	2016	Belgium	cattle
3287	Ani_LG_010	cow	2016	Belgium	cattle
3288	AAS1	pig	2015	Taiwan	pig
3289	Ani_OS001	cow	2016	Norway	cattle
3290	Ani_OS001m	cow	2016	Norway	cattle
3291	70	cow	2018	Russia	cattle
3292	74	cow	2018	Russia	cattle
3293	88	cow	2018	Russia	cattle
3294	8656	cow	2018	Russia	cattle
3295	615	cow	2018	Russia	cattle
3296	1703	cow	2018	Russia	cattle
3297	1838	cow	2018	Russia	cattle
3298	1839	cow	2018	Russia	cattle
3299	23	cow	2018	Russia	cattle
3300	8	cow	2018	Russia	cattle
3301	812	cow	2018	Russia	cattle
3302	724	cow	2018	Russia	cattle
3303	18-17	cow	2018	Russia	cattle
3304	18-16	cow	2018	Russia	cattle
3305	18-13	cow	2018	Russia	cattle
3306	18-29M	cow	2018	Russia	cattle
3307	18-19M	cow	2018	Russia	cattle
3308	18-35M	cow	2018	Russia	cattle
3309	18-13-1	cow	2018	Russia	cattle
3310	18-7M	cow	2018	Russia	cattle
3311	1709	cow	2018	Russia	cattle
3312	GDM7P049A	pig	2017	China	pig
3313	SH44	cow	2018	China	cattle
3314	SH49	cow	2018	China	cattle
3315	Saari_1	cow	2015	Finland	cattle
3316	Saari_2	cow	2015	Finland	cattle
3317	Saari_3	cow	2016	Finland	cattle
3318	Saari_4	cow	2017	Finland	cattle
3319	Saari_5	cow	2017	Finland	cattle
3320	Saari_6	cow	2018	Finland	cattle
3321	Saari_7	cow	2018	Finland	cattle
3322	Saari_8	cow	2015	Finland	cattle
3323	Saari_9	cow	2016	Finland	cattle
3324	Saari_10	cow	2016	Finland	cattle
3325	Saari_11	cow	2016	Finland	cattle
3326	Saari_12	cow	2018	Finland	cattle
3327	Saari_13	cow	2011	Finland	cattle
3328	Saari_14	cow	2011	Finland	cattle
3329	Saari_15	cow	2018	Finland	cattle
3330	Saari_16	cow	2018	Finland	cattle
3331	Saari_17	cow	2018	Finland	cattle
3332	Saari_18	cow	2018	Finland	cattle
3333	Saari_19	cow	2018	Finland	cattle
3334	Saari_20	cow	2018	Finland	cattle
3335	mecC_165_PE	cow	2017	Brazil	cattle
3336	SAU_0023	cow	2007	Canada	cattle
3337	SAU_0313	cow	2007	Canada	cattle
3338	SAU_0462	cow	2007	Canada	cattle
3339	SAU_0635	cow	2007	Canada	cattle
3340	SAU_0842	cow	2007	Canada	cattle
3341	SAU_2961	cow	2007	Canada	cattle
3342	SAU_1021	cow	2007	Canada	cattle
3343	SAU_1115	cow	2007	Canada	cattle
3344	SAU_1169	cow	2007	Canada	cattle
3345	SAU_1553	cow	2007	Canada	cattle
3346	SAU_1726	cow	2007	Canada	cattle
3347	SAU_1997	cow	2007	Canada	cattle
3348	SAU_2192	cow	2007	Canada	cattle
3349	SAU_2464	cow	2008	Canada	cattle
3350	SAU_2872	cow	2007	Canada	cattle
3351	SAU_5110	cow	2007	Canada	cattle
3352	SAU_6056	cow	2007	Canada	cattle
3353	SAU_8-SA	cow	2008	Canada	cattle
3354	SAU_1482	cow	2007	Canada	cattle
3355	SAU_1710	cow	2007	Canada	cattle
3356	SAU_2000	cow	2007	Canada	cattle
3357	SAU_2286	cow	2007	Canada	cattle
3358	SAU_4039	cow	2007	Canada	cattle
3359	SAU_4415	cow	2007	Canada	cattle
3360	SAU_4-SA	cow	2008	Canada	cattle
3361	SAU_6766	cow	2007	Canada	cattle
3362	SAU_4315	cow	2007	Canada	cattle
3363	SAU_4554	cow	2007	Canada	cattle
3364	SAU_6049	cow	2007	Canada	cattle
3365	SAU_0027	cow	2007	Canada	cattle
3366	SAU_0086	cow	2007	Canada	cattle
3367	SAU_0122	cow	2007	Canada	cattle
3368	SAU_0338	cow	2007	Canada	cattle
3369	SAU_0347	cow	2007	Canada	cattle
3370	SAU_0350	cow	2007	Canada	cattle
3371	SAU_0362	cow	2007	Canada	cattle
3372	SAU_0563	cow	2008	Canada	cattle
3373	SAU_0567	cow	2007	Canada	cattle
3374	SAU_10-SA	cow	2008	Canada	cattle
3375	SAU_1132a	cow	2007	Canada	cattle
3376	SAU_1181	cow	2007	Canada	cattle
3377	SAU_1212	cow	2008	Canada	cattle
3378	SAU_1779	cow	2008	Canada	cattle
3379	SAU_1894	cow	2007	Canada	cattle
3380	SAU_1914	cow	2008	Canada	cattle
3381	SAU_2027	cow	2007	Canada	cattle
3382	SAU_2236	cow	2008	Canada	cattle
3383	SAU_2526	cow	2008	Canada	cattle
3384	SAU_2882	cow	2008	Canada	cattle
3385	SAU_2984	cow	2007	Canada	cattle
3386	SAU_2-SA	cow	2007	Canada	cattle
3387	SAU_3457	cow	2007	Canada	cattle
3388	SAU_3559	cow	2007	Canada	cattle
3389	SAU_3-SA	cow	2008	Canada	cattle
3390	SAU_4178	cow	2007	Canada	cattle
3391	SAU_4235	cow	2008	Canada	cattle
3392	SAU_5663	cow	2007	Canada	cattle
3393	SAU_5724	cow	2007	Canada	cattle
3394	SAU_5945	cow	2007	Canada	cattle
3395	SAU_5-SA	cow	2007	Canada	cattle
3396	SAU_7231	cow	2007	Canada	cattle
3397	SAU_7526	cow	2007	Canada	cattle
3398	SAU_7581	cow	2007	Canada	cattle
3399	SAU_8389	cow	2007	Canada	cattle
3400	SAU_8503	cow	2007	Canada	cattle
3401	SAU_9082	cow	2007	Canada	cattle
3402	SAU_9309	cow	2007	Canada	cattle
3403	SAU_9314	cow	2007	Canada	cattle
3404	SAU_9493	cow	2007	Canada	cattle
3405	SAU_9595	cow	2007	Canada	cattle
3406	SAU_0482	cow	2007	Canada	cattle
3407	SAU_0799	cow	2007	Canada	cattle
3408	SAU_0850	cow	2007	Canada	cattle
3409	SAU_1052	cow	2008	Canada	cattle
3410	SAU_1208	cow	2008	Canada	cattle
3411	SAU_1302	cow	2007	Canada	cattle
3412	SAU_1310	cow	2007	Canada	cattle
3413	SAU_1393	cow	2007	Canada	cattle
3414	SAU_1-SA	cow	2007	Canada	cattle
3415	SAU_2025	cow	2007	Canada	cattle
3416	SAU_2104	cow	2007	Canada	cattle
3417	SAU_2690	cow	2007	Canada	cattle
3418	SAU_2811	cow	2008	Canada	cattle
3419	SAU_2941	cow	2008	Canada	cattle
3420	SAU_4900	cow	2007	Canada	cattle
3421	SAU_9255	cow	2007	Canada	cattle
3422	SAU_9362	cow	2007	Canada	cattle
3423	SAU_0046	cow	2007	Canada	cattle
3424	SAU_0797	cow	2007	Canada	cattle
3425	SAU_1328	cow	2008	Canada	cattle
3426	SAU_3057	cow	2008	Canada	cattle
3427	SAU_5661	cow	2008	Canada	cattle
3428	SAU_8494	cow	2007	Canada	cattle
3429	SAU_0018	cow	2007	Canada	cattle
3430	SAU_0040	cow	2007	Canada	cattle
3431	SAU_0186	cow	2007	Canada	cattle
3432	SAU_0427	cow	2007	Canada	cattle
3433	SAU_0540	cow	2007	Canada	cattle
3434	SAU_0547	cow	2007	Canada	cattle
3435	SAU_0811	cow	2007	Canada	cattle
3436	SAU_3436	cow	2007	Canada	cattle
3437	SAU_3641	cow	2008	Canada	cattle
3438	SAU_7404	cow	2007	Canada	cattle
3439	SAU_8167	cow	2007	Canada	cattle
3440	SAU_0230	cow	2007	Canada	cattle
3441	SAU_1205	cow	2007	Canada	cattle
3442	SAU_1300	cow	2007	Canada	cattle
3443	SAU_1379	cow	2007	Canada	cattle
3444	SAU_1528	cow	2007	Canada	cattle
3445	SAU_3205	cow	2007	Canada	cattle
3446	SAU_4358	cow	2008	Canada	cattle
3447	SAU_6-SA	cow	2007	Canada	cattle
3448	SAU_7599	cow	2007	Canada	cattle
3449	SAU_8111	cow	2007	Canada	cattle
3450	SAU_3125	cow	2007	Canada	cattle
3451	SAU_4506	cow	2007	Canada	cattle
3452	SAU_7829	cow	2007	Canada	cattle
3453	SAU_8817	cow	2007	Canada	cattle
3454	SAU_9450	cow	2007	Canada	cattle
3455	BJ-PNB20	pig	2009	China	pig
3456	BJ-PNB23	pig	2009	China	pig
3457	BJ-PNB35	pig	2009	China	pig
3458	BJ-PNB40	pig	2009	China	pig
3459	BJ-PNB45	pig	2009	China	pig
3460	BJ-PNB49	pig	2009	China	pig
3461	GD-G14	pig	2008	China	pig
3462	GD-G16	pig	2008	China	pig
3463	GD-G19	pig	2008	China	pig
3464	GD-G26	pig	2008	China	pig
3465	GD-G35	pig	2008	China	pig
3466	GD-G39	pig	2008	China	pig
3467	GD-G44	pig	2008	China	pig
3468	GD-G47	pig	2008	China	pig
3469	GD-G51	pig	2008	China	pig
3470	GD-G9	pig	2008	China	pig
3471	HN-B18	pig	2012	China	pig
3472	HN-B21	pig	2012	China	pig
3473	HN-B7	pig	2012	China	pig
3474	HN-P249	pig	2012	China	pig
3475	HN-P273	pig	2012	China	pig
3476	HN-P278	pig	2012	China	pig
3477	HN-P285	pig	2012	China	pig
3478	HN-P290	pig	2012	China	pig
3479	HN-P351	pig	2012	China	pig
3480	HN-P56	pig	2012	China	pig
3481	HN-SF19	pig	2011	China	pig
3482	HN-SF20	pig	2011	China	pig
3483	HN-SF21	pig	2011	China	pig
3484	HN-SF25	pig	2011	China	pig
3485	HN-SF30	pig	2011	China	pig
3486	HN-SF8	pig	2011	China	pig
3487	HN-SY64	pig	2012	China	pig
3488	HN-Y2	pig	2012	China	pig
3489	LN-DL44-1	pig	2013	China	pig
3490	LN-DL44-2	pig	2013	China	pig
3491	LN-DL56-1	pig	2013	China	pig
3492	LN-DL57-2	pig	2013	China	pig
3493	NX-PN16A	pig	2009	China	pig
3494	NX-PN29C	pig	2009	China	pig
3495	NX-PN61	pig	2009	China	pig
3496	NX-PN63	pig	2009	China	pig
3497	NX-T144	pig	2014	China	pig
3498	NX-T192	pig	2014	China	pig
3499	NX-T26	pig	2014	China	pig
3500	NX-T47	pig	2014	China	pig
3501	QD-AB1	pig	2014	China	pig
3502	QD-CD6	pig	2014	China	pig
3503	QD-CD8	pig	2014	China	pig
3504	QD-EF2	pig	2014	China	pig
3505	QD-J1	pig	2014	China	pig
3506	QD-L26	pig	2014	China	pig
3507	QD-L27	pig	2014	China	pig
3508	QD-L34	pig	2014	China	pig
3509	QD-P3	pig	2014	China	pig
3510	QD-T10	pig	2014	China	pig
3511	QD-T16	pig	2014	China	pig
3512	QD-T2	pig	2014	China	pig
3513	QD-T8	pig	2014	China	pig
3514	QD-T9	pig	2014	China	pig
3515	SC-PSC40	pig	2012	China	pig
3516	SC-PSC41	pig	2012	China	pig
3517	SC-PSC49	pig	2012	China	pig
3518	SD-PTB23	pig	2013	China	pig
3519	SD-PW12	pig	2013	China	pig
3520	SD-PW17	pig	2013	China	pig
3521	SD-PW29	pig	2013	China	pig
3522	SD-PW36	pig	2013	China	pig
3523	SD-PW40	pig	2013	China	pig
3524	SD-PW5	pig	2013	China	pig
3525	SD-PW50	pig	2013	China	pig
3526	SD-PW88	pig	2013	China	pig
3527	SD-PW96	pig	2013	China	pig
3528	SH-2M109	pig	2011	China	pig
3529	SH-2M29	pig	2011	China	pig
3530	SH-2M3	pig	2011	China	pig
3531	SH-2M52	pig	2011	China	pig
3532	SH-2M64	pig	2011	China	pig
3533	SH-2M77	pig	2011	China	pig
3534	SH-AS14	pig	2013	China	pig
3535	SH-B5	pig	2013	China	pig
3536	SH-FX32	pig	2013	China	pig
3537	SH-WF100	pig	2010	China	pig
3538	SH-WF13	pig	2010	China	pig
3539	SH-WF18-2	pig	2010	China	pig
3540	SH-WF22	pig	2010	China	pig
3541	SH-WF23	pig	2010	China	pig
3542	SH-WF33	pig	2010	China	pig
3543	SH-WF64	pig	2010	China	pig
3544	SH-WF78	pig	2010	China	pig
3545	SH-WF80	pig	2010	China	pig
3546	SH-WF9	pig	2010	China	pig
3547	174	cow	2010	India	cattle
3548	4181	cow	2008	Brazil	cattle
3549	174	cow	2017	India	cattle
3550	179	cow	2017	India	cattle
3551	183	cow	2017	India	cattle
3552	187	cow	2016	India	cattle
3553	364	cow	2016	India	cattle
3554	S7_2014	pig	2014	Brazil	pig
3555	S11_2014	pig	2014	Brazil	pig
3556	S17_2014	pig	2014	Brazil	pig
3557	S18_2014	pig	2014	Brazil	pig
3558	82862	cow	2018	Italy	cattle
3559	76635	cow	2012	Italy	cattle
3560	76630	cow	2012	Italy	cattle
3561	46930_42710	cow	2014	Italy	cattle
3562	46930_41762	cow	2019	Italy	cattle
3563	46930_38023	cow	2019	Italy	cattle
3564	46930_37395	cow	2015	Italy	cattle
3565	46930_36271	cow	2014	Italy	cattle
3566	36093	cow	2017	Italy	cattle
3567	46930_35018	cow	2014	Italy	cattle
3568	49760_28306	cow	2017	Italy	cattle
3569	24246	cow	2019	Italy	cattle
3570	22964	cow	2019	Italy	cattle
3571	21393	cow	2019	Italy	cattle
3572	26520_17781-1	cow	2016	Italy	cattle
3573	26520_17600-9	cow	2016	Italy	cattle
3574	26520_17600-2	cow	2016	Italy	cattle
3575	26520_14910	cow	2017	Italy	cattle
3576	26520_14118	cow	2017	Italy	cattle
3577	26520_14107	cow	2017	Italy	cattle
3578	26520_14079	cow	2017	Italy	cattle
3579	26520_14072	cow	2017	Italy	cattle
3580	9440	cow	2019	Italy	cattle
3581	KM166	cow	2018	India	cattle
3582	KM218	cow	2018	India	cattle
3583	KM200	cow	2018	India	cattle
3584	98563.4	pig	2019	Italy	pig
3585	36379.3	pig	2019	Italy	pig
3586	22131.1	pig	2019	Italy	pig
3587	34442.3	pig	2019	Italy	pig
3588	34442.5	pig	2019	Italy	pig
3589	34442.10	pig	2019	Italy	pig
3590	Kt20RM_TKDBRS	cow	2017	India	cattle
3591	Kn36M_TKDBRS	cow	2017	India	cattle
3592	V329	cow	2001	Spain: Valencia	cattle
3593	S143	cow	2016	India	cattle
3594	S144	cow	2016	India	cattle
3595	S177	cow	2016	India	cattle
3596	S181	cow	2018	India	cattle
3597	S182	cow	2018	India	cattle
3598	S178	cow	2018	India	cattle
3599	A3.1	cow	2013	India	cattle
3600	B3	cow	2013	India	cattle
3601	B5	cow	2013	India	cattle
3602	B7	cow	2013	India	cattle
3603	H5	cow	2013	India	cattle
3604	H13	cow	2013	India	cattle
3605	IV5	cow	2013	India	cattle
3606	K1	cow	2009	India	cattle
3607	K3.1	cow	2009	India	cattle
3608	K4.1	cow	2009	India	cattle
3609	K4.2	cow	2009	India	cattle
3610	K111	cow	2011	India	cattle
3611	K113	cow	2011	India	cattle
3612	K115	cow	2011	India	cattle
3613	K117.1	cow	2011	India	cattle
3614	K124	cow	2011	India	cattle
3615	K133	cow	2011	India	cattle
3616	K139	cow	2011	India	cattle
3617	K152	cow	2011	India	cattle
3618	K159	cow	2011	India	cattle
3619	K170	cow	2011	India	cattle
3620	K181	cow	2011	India	cattle
3621	K182	cow	2011	India	cattle
3622	K187	cow	2011	India	cattle
3623	UP13	cow	2011	India	cattle
3624	UP15	cow	2011	India	cattle
3625	K109	cow	2011	India	cattle
3626	K186	cow	2011	India	cattle
3627	55-100-002	pig	2014	Denmark	pig
3628	K10	cow	2009	India	cattle
3629	K13	cow	2009	India	cattle
3630	K39	cow	2009	India	cattle
3631	K41	cow	2009	India	cattle
3632	K68	cow	2010	India	cattle
3633	K77	cow	2010	India	cattle
3634	SAR1	cow	2010	Switzerland	cattle
3635	SAR38	cow	2010	Switzerland	cattle
3636	3361	pig	2007	Germany	pig
3637	3676	pig	2007	Germany	pig
3638	3859	pig	2007	Germany	pig
3639	3860	pig	2007	Germany	pig
3640	4084	pig	2007	Germany	pig
3641	4085	pig	2007	Germany	pig
3642	4086	pig	2007	Germany	pig
3643	4096	pig	2007	Germany	pig
3644	4379	pig	2007	Germany	pig
3645	4380	pig	2007	Germany	pig
3646	4381	pig	2007	Germany	pig
3647	4387	pig	2007	Germany	pig
3648	80256	pig	2008	Germany	pig
3649	80262	pig	2008	Germany	pig
3650	80484	pig	2008	Germany	pig
3651	80491	pig	2008	Germany	pig
3652	81000	pig	2008	Germany	pig
3653	81133	pig	2008	Germany	pig
3654	81155	pig	2008	Germany	pig
3655	81205	pig	2008	Germany	pig
3656	81415	pig	2008	Germany	pig
3657	81637	pig	2008	Germany	pig
3658	81641	pig	2008	Germany	pig
3659	81755	pig	2008	Germany	pig
3660	81857	pig	2008	Germany	pig
3661	81859	pig	2008	Germany	pig
3662	82233	pig	2008	Germany	pig
3663	82241	pig	2008	Germany	pig
3664	82335	pig	2008	Germany	pig
3665	82417	pig	2008	Germany	pig
3666	82508	pig	2008	Germany	pig
3667	82729	pig	2008	Germany	pig
3668	90107	pig	2009	Germany	pig
3669	90278	pig	2009	Germany	pig
3670	90336	pig	2009	Germany	pig
3671	90457	pig	2009	Germany	pig
3672	90503	pig	2009	Germany	pig
3673	90607	pig	2009	Germany	pig
3674	90620	pig	2009	Germany	pig
3675	90631	pig	2009	Germany	pig
3676	90659	pig	2009	Germany	pig
3677	91178	pig	2009	Germany	pig
3678	91246	pig	2009	Germany	pig
3679	91443	pig	2009	Germany	pig
3680	91476	pig	2009	Germany	pig
3681	91477	pig	2009	Germany	pig
3682	91652	pig	2009	Germany	pig
3683	91961	pig	2009	Germany	pig
3684	92010	pig	2009	Germany	pig
3685	92303	pig	2009	Germany	pig
3686	92479	pig	2009	Germany	pig
3687	92484	pig	2009	Germany	pig
3688	92522	pig	2009	Germany	pig
3689	92621	pig	2009	Germany	pig
3690	100008	pig	2009	Germany	pig
3691	100091	pig	2010	Germany	pig
3692	100092	pig	2010	Germany	pig
3693	100136	pig	2010	Germany	pig
3694	100174	pig	2010	Germany	pig
3695	100283	pig	2010	Germany	pig
3696	100346	pig	2010	Germany	pig
3697	100376	pig	2010	Germany	pig
3698	100472	pig	2010	Germany	pig
3699	100674	pig	2010	Germany	pig
3700	100714	pig	2010	Germany	pig
3701	100722	pig	2010	Germany	pig
3702	100820	pig	2010	Germany	pig
3703	101036	pig	2010	Germany	pig
3704	101197	pig	2010	Germany	pig
3705	101416	pig	2010	Germany	pig
3706	101518	pig	2010	Germany	pig
3707	101578	pig	2010	Germany	pig
3708	101588	pig	2010	Germany	pig
3709	101809	pig	2010	Germany	pig
3710	101811	pig	2010	Germany	pig
3711	102269	pig	2010	Germany	pig
3712	102503	pig	2010	Germany	pig
3713	102563	pig	2010	Germany	pig
3714	102642	pig	2010	Germany	pig
3715	102646	pig	2010	Germany	pig
3716	102710	pig	2010	Germany	pig
3717	102714	pig	2010	Germany	pig
3718	102948	pig	2010	Germany	pig
3719	103135	pig	2010	Germany	pig
3720	103228	pig	2010	Germany	pig
3721	103235	pig	2010	Germany	pig
3722	103747	pig	2010	Germany	pig
3723	103902	pig	2010	Germany	pig
3724	104062	pig	2010	Germany	pig
3725	104092	pig	2010	Germany	pig
3726	104452	pig	2011	Germany	pig
3727	104454	pig	2011	Germany	pig
3728	120146	pig	2012	Germany	pig
3729	120685	pig	2012	Germany	pig
3730	121370	pig	2012	Germany	pig
3731	121785	pig	2012	Germany	pig
3732	122927	pig	2013	Germany	pig
3733	130078	pig	2013	Germany	pig
3734	130079	pig	2013	Germany	pig
3735	130198	pig	2013	Germany	pig
3736	130266	pig	2013	Germany	pig
3737	130366	pig	2013	Germany	pig
3738	130367	pig	2013	Germany	pig
3739	130433	pig	2013	Germany	pig
3740	130505	pig	2013	Germany	pig
3741	130588	pig	2013	Germany	pig
3742	130930	pig	2013	Germany	pig
3743	131200	pig	2013	Germany	pig
3744	132093	pig	2014	Germany	pig
3745	151803	pig	2015	Germany	pig
3746	152388	pig	2015	Germany	pig
3747	152658	pig	2016	Germany	pig
3748	153120	pig	2016	Germany	pig
3749	160215	pig	2016	Germany	pig
3750	160418	pig	2016	Germany	pig
3751	160427	pig	2016	Germany	pig
3752	160436	pig	2016	Germany	pig
3753	160441	pig	2016	Germany	pig
3754	160442	pig	2016	Germany	pig
3755	160546	pig	2016	Germany	pig
3756	160702	pig	2016	Germany	pig
3757	161099	pig	2016	Germany	pig
3758	161105	pig	2016	Germany	pig
3759	161111	pig	2016	Germany	pig
3760	161373	pig	2016	Germany	pig
3761	161399	pig	2016	Germany	pig
3762	161705	pig	2016	Germany	pig
3763	161738	pig	2016	Germany	pig
3764	162331	pig	2016	Germany	pig
3765	162382	pig	2016	Germany	pig
3766	162602	pig	2016	Germany	pig
3767	162749	pig	2016	Germany	pig
3768	162803	pig	2016	Germany	pig
3769	163113	pig	2017	Germany	pig
3770	163120	pig	2017	Germany	pig
3771	163126	pig	2017	Germany	pig
3772	180392	pig	2018	Germany	pig
3773	180394	pig	2018	Germany	pig
3774	180405	pig	2018	Germany	pig
3775	180485	pig	2018	Germany	pig
3776	180785	pig	2018	Germany	pig
3777	180962	pig	2018	Germany	pig
3778	181126	pig	2018	Germany	pig
3779	181168	pig	2018	Germany	pig
3780	181403	pig	2018	Germany	pig
3781	181580	pig	2018	Germany	pig
3782	182320	pig	2018	Germany	pig
3783	182322	pig	2018	Germany	pig
3784	191049	pig	2019	Germany	pig
3785	191210	pig	2019	Germany	pig
3786	191974	pig	2019	Germany	pig
3787	192060	pig	2019	Germany	pig
3797	104A	pig	2011	Poland	pig
3798	108WB	wild boar	2014	Poland	wild_boar
3799	1102a	pig	2012	Poland	pig
3800	1109	pig	2012	Poland	pig
3801	1110b	pig	2011	Poland	pig
3802	114WB	wild boar	2014	Poland	wild_boar
3803	115WB	wild boar	2014	Poland	wild_boar
3804	1162	pig	2012	Poland	pig
3805	1201b	pig	2012	Poland	pig
3806	120WB	wild boar	2014	Poland	wild_boar
3807	1212b	pig	2012	Poland	pig
3808	121WB	wild boar	2014	Poland	wild_boar
3809	1228	pig	2012	Poland	pig
3810	1229b	pig	2012	Poland	pig
3811	123WB	wild boar	2014	Poland	wild_boar
3812	125WB	wild boar	2014	Poland	wild_boar
3813	126WB	wild boar	2014	Poland	wild_boar
3814	12A	pig	2011	Poland	pig
3815	131WB	wild boar	2014	Poland	wild_boar
3816	132A	pig	2011	Poland	pig
3817	132WB	wild boar	2014	Poland	wild_boar
3818	136WB	wild boar	2014	Poland	wild_boar
3819	1402	pig	2012	Poland	pig
3820	1405b	pig	2012	Poland	pig
3821	140a	pig	2011	Poland	pig
3822	140WB	wild boar	2014	Poland	wild_boar
3823	1411	pig	2012	Poland	pig
3824	143WB	wild boar	2014	Poland	wild_boar
3825	1486	pig	2012	Poland	pig
3826	149WB	wild boar	2014	Poland	wild_boar
3827	1508a	pig	2012	Poland	pig
3828	151WB	wild boar	2014	Poland	wild_boar
3829	152WB	wild boar	2014	Poland	wild_boar
3830	153WB	wild boar	2014	Poland	wild_boar
3831	157WB	wild boar	2014	Poland	wild_boar
3832	15A	pig	2011	Poland	pig
3833	161WB	wild boar	2014	Poland	wild_boar
3834	164WB	wild boar	2014	Poland	wild_boar
3835	165WB	wild boar	2014	Poland	wild_boar
3836	167WB	wild boar	2014	Poland	wild_boar
3837	16M6_4	pig	2020	Poland	pig
3838	1712	chicken	2013	Poland	poultry
3839	1732	chicken	2013	Poland	poultry
3845	18A	pig	2011	Poland	pig
3846	18M10_1	pig	2020	Poland	pig
3849	18M1_2	pig	2020	Poland	pig
3852	18M3_2	pig	2020	Poland	pig
3854	1A	pig	2011	Poland	pig
3855	1M10_1	pig	2020	Poland	pig
3857	20M10_1	pig	2020	Poland	pig
3859	20M2_1	pig	2020	Poland	pig
3861	20M9_1	pig	2020	Poland	pig
3863	2101	chicken	2013	Poland	poultry
3864	2102	chicken	2013	Poland	poultry
3866	2M4_7	pig	2020	Poland	pig
3867	31WB	wild boar	2014	Poland	wild_boar
3868	34WB	wild boar	2014	Poland	wild_boar
3869	35WB	wild boar	2014	Poland	wild_boar
3870	364A	pig	2011	Poland	pig
3871	36WB	wild boar	2014	Poland	wild_boar
3872	38A	pig	2011	Poland	pig
3873	38WB	wild boar	2014	Poland	wild_boar
3876	40WB	wild boar	2014	Poland	wild_boar
3877	41WB	wild boar	2014	Poland	wild_boar
3878	42WB	wild boar	2014	Poland	wild_boar
3879	44WB	wild boar	2014	Poland	wild_boar
3880	46WB	wild boar	2014	Poland	wild_boar
3881	47WB	wild boar	2014	Poland	wild_boar
3882	49WB	wild boar	2014	Poland	wild_boar
3883	50WB	wild boar	2014	Poland	wild_boar
3884	51A	pig	2011	Poland	pig
3885	53WB	wild boar	2014	Poland	wild_boar
3887	58WB	wild boar	2014	Poland	wild_boar
3888	603A	pig	2011	Poland	pig
3889	67WB	wild boar	2014	Poland	wild_boar
3890	68WB	wild boar	2014	Poland	wild_boar
3891	71WB	wild boar	2014	Poland	wild_boar
3892	76WB	wild boar	2014	Poland	wild_boar
3893	78WB	wild boar	2014	Poland	wild_boar
3894	809a	pig	2011	Poland	pig
3895	80WB	wild boar	2014	Poland	wild_boar
3896	81WB	wild boar	2014	Poland	wild_boar
3897	83WB	wild boar	2014	Poland	wild_boar
3898	88WB	wild boar	2014	Poland	wild_boar
3899	89WB	wild boar	2014	Poland	wild_boar
3900	907a	pig	2012	Poland	pig
3901	90WB	wild boar	2014	Poland	wild_boar
3902	925b	pig	2012	Poland	pig
3903	92WB	wild boar	2014	Poland	wild_boar
3904	93WB	wild boar	2014	Poland	wild_boar
3905	964	pig	2012	Poland	pig
3906	98WB	wild boar	2014	Poland	wild_boar
3907	99A	pig	2011	Poland	pig
AAXJGH01	CFSAN092696	rat	2018	USA	rodent
AAXJUT01	VL-FL-7270	dog	2017	USA	companion_animal
ABXZZK01	800.508-Staph aureus	camel, milk	2025	USA	other
BAABRE01	NBRC 102143	cow	unknown	unknown	cattle
BAABRQ01	NBRC 110649	cow, milk	unknown	Japan	cattle
CAMQTH01	ERR5647223_bin.5_metawrap_v1.3_MAG	mouse	unknown	unknown	rodent
CAXKUV01	E8_22S00631-1	horse	2022	Netherlands	equine
CAXKUZ01	E5_22S00628-1	horse	2020	Netherlands	equine
CAXKVA01	E7_22S00630-1	horse	2022	Netherlands	equine
CAXYMV01	23S01383-1	horse	2023	Netherlands	equine
CAXYMW01	23S00018-1	horse	2023	Netherlands	equine
CAXYMZ01	23S01410-1	horse	2023	Netherlands	equine
CAXYNA01	22S01043-1	horse	2022	Netherlands	equine
CAXYNI01	23S01238-1	horse	2023	Netherlands	equine
CAXYNL01	23S00083-1	horse	2023	Netherlands	equine
CAXYNM01	23S00031-1	horse	2023	Netherlands	equine
CAXYNO01	23S01243-1	horse	2023	Netherlands	equine
CAXYNP01	23S01403-1	horse	2023	Netherlands	equine
CAXYNT01	23S01639-1	horse	2023	Netherlands	equine
CAXYNY01	23S01415-1	horse	2023	Netherlands	equine
CAXYPE01	23S01234-1	horse	2023	Netherlands	equine
CAXYPF01	23S01388-1	horse	2023	Netherlands	equine
CAXYPG01	23S00001-1	horse	2023	Netherlands	equine
CAXYPJ01	23S01229-1	horse	2023	Netherlands	equine
CAXYPL01	23S01394-1	horse	2023	Netherlands	equine
DACNRC02	2008-60-970-1	pig	2008	Denmark	pig
DACNRF02	9B	pig	2007	Denmark	pig
DACNRG02	2008-60-970-1	pig	2008	Denmark	pig
DACNRI02	M34-B-1_11	pig	2008	Denmark	pig
DACNRJ02	9B	pig	2007	Denmark	pig
DAETBE01	F4	pig	2015	Denmark	pig
DAETBG01	F5	pig	2015	Denmark	pig
DAETBH01	F9	pig	2015	Denmark	pig
DAETBI01	F8	pig	2015	Denmark	pig
DAETBJ01	F7	pig	2015	Denmark	pig
DAETBM01	F6	pig	2015	Denmark	pig
DAETBP01	F3	pig	2015	Denmark	pig
DAETBQ01	F1	pig	2015	Denmark	pig
DAETBR01	F2	pig	2015	Denmark	pig
DAETBS01	W1	pig	2015	Denmark	pig
DAETBT01	W2	pig	2015	Denmark	pig
DAETBU01	W3	pig	2015	Denmark	pig
DAETBV01	W5	pig	2015	Denmark	pig
DAETBW01	W7	pig	2015	Denmark	pig
DAETBX01	W6	pig	2015	Denmark	pig
DAETBY01	W4	pig	2015	Denmark	pig
DAFRKU01	6356812	cat	2017	USA	companion_animal
DAFRKV01	6155912	dog	2014	USA	companion_animal
DAFRKW01	1739317	dog	2018	USA	companion_animal
DAFRKX01	6875716	dog	2016	USA	companion_animal
DAFRKY01	81731111	dog	2014	USA	companion_animal
DAFRLA01	70642621	horse	2021	USA	equine
DAFRLB01	6356812	cat	2017	USA	companion_animal
DAFRLC01	6356812	cat	2017	USA	companion_animal
DAFRLD01	1604217	cat	2017	USA	companion_animal
DAFRLE01	1739317	dog	2017	USA	companion_animal
DAFRMS01	6776315	dog	2016	USA	companion_animal
DAFRMT01	8207618	dog	2018	USA	companion_animal
DAFRMU01	324768	dog	2016	USA	companion_animal
DAFRMV01	6098713	horse	2019	USA	equine
DAFRMW01	6443813	dog	2019	USA	companion_animal
DAFRMX01	6068011	dog	2015	USA	companion_animal
DAFRNA01	6890515	cat	2015	USA	companion_animal
DAFRNB01	6019715	horse	2016	USA	equine
DAFRNC01	6996715	horse	2017	USA	equine
DAFRND01	6430313	dog	2016	USA	companion_animal
DAFRNE01	6956815	cat	2015	USA	companion_animal
DAFRNF01	1051017	dog	2017	USA	companion_animal
DAFRNG01	8672817	dog	2017	USA	companion_animal
DAFROM01	1739317	dog	2018	USA	companion_animal
DAFRON01	70964719	dog	2019	USA	companion_animal
DAFROO01	70207819	dog	2020	USA	companion_animal
DAFROP01	1252917	dog	2018	USA	companion_animal
DAFROQ01	1418117	horse	2021	USA	equine
DAFROS01	6499516	cat	2016	USA	companion_animal
DAFRWA01	1274817	dog	2017	USA	companion_animal
DAGGZQ01	17-123220	dog	2017	Italy	companion_animal
DAGHBF01	18-153686-1	dog	2018	Italy	companion_animal
DAJPCJ01	30-AQS-112	pig	2018	Japan	pig
DAJPCK01	30-AQS-107	pig	2018	Japan	pig
DAJPCL01	30-AQS-101	pig	2018	Japan	pig
DAJPCM01	30-AQS-98	pig	2018	Japan	pig
DAJPCN01	30-AQS-97	pig	2018	Japan	pig
DAJPCO01	29-AQS-94	pig	2017	Japan	pig
DAJPCP01	29-AQS-86	pig	2017	Japan	pig
DAJPCQ01	29-AQS-75	pig	2017	Japan	pig
DAJPCR01	29-AQS-61	pig	2017	Japan	pig
DAJPCS01	29-AQS-69	pig	2017	Japan	pig
DAJPCT01	29-AQS-53	pig	2017	Japan	pig
DAJPCU01	29-AQS-50	pig	2017	Japan	pig
DAJPCV01	29-AQS-45	pig	2017	Japan	pig
DAJPCW01	28-AQS-44	pig	2016	Japan	pig
DAJPCX01	28-AQS-38	pig	2016	Japan	pig
DAJPCY01	28-AQS-37	pig	2016	Japan	pig
DAJPCZ01	28-AQS-30	pig	2016	Japan	pig
DAJPDA01	28-AQS-29	pig	2016	Japan	pig
DAJPDB01	28-AQS-22	pig	2016	Japan	pig
DAJPDC01	28-AQS-21	pig	2016	Japan	pig
DAJPDD01	28-AQS-15	pig	2016	Japan	pig
DAJPDE01	28-AQS-14	pig	2016	Japan	pig
DAJPDF01	28-AQS-8	pig	2016	Japan	pig
DAJPDG01	28-AQS-7	pig	2016	Japan	pig
DAJPDH01	28-AQS-1	pig	2016	Japan	pig
DAJPDI01	R1-T37-4-24	pig	2019	Japan	pig
DAJPDJ01	R1-T37-1-21	pig	2019	Japan	pig
DAJPDK01	R1-H18-3-18	pig	2019	Japan	pig
DAJPDL01	R1-H18-1-16	pig	2019	Japan	pig
DAJPDM01	R1-O14-4-15	pig	2019	Japan	pig
DAJPDN01	R1-O14-3-14	pig	2019	Japan	pig
DAJPDO01	R1-T32-5-13	pig	2019	Japan	pig
DAJPDP01	R1-O8-5-12	pig	2019	Japan	pig
DAJPDQ01	R1-T21-4-11	pig	2019	Japan	pig
DAJPDR01	R1-T21-2-10	pig	2019	Japan	pig
DAJPDS01	R1-T17-4-9	pig	2019	Japan	pig
DAJPDT01	R1-T17-2-7	pig	2019	Japan	pig
DAJPDU01	R1-T11-1-6	pig	2019	Japan	pig
DAJPDV01	R1-T10-4-4	pig	2019	Japan	pig
DAJPDW01	R1-T10-1-2	pig	2019	Japan	pig
DAJPDX01	R1-O2-2-1	pig	2019	Japan	pig
DAJPDY01	30-174	pig	2018	Japan	pig
DAJPDZ01	30-99	pig	2018	Japan	pig
DAJPEA01	30-95	pig	2018	Japan	pig
DAJPEB01	30-94	pig	2018	Japan	pig
DAJPEC01	30-93	pig	2018	Japan	pig
DAJPED01	30-91	pig	2018	Japan	pig
DAJPEE01	30-32	pig	2018	Japan	pig
DAJPEF01	30-23	pig	2018	Japan	pig
DAJPEG01	30-Sta-P-19	pig	2018	Japan	pig
DAJPEH01	30-Sta-P-17	pig	2018	Japan	pig
DAJPEI01	29-Sta-P-48	pig	2017	Japan	pig
DAJPEJ01	29-99	pig	2017	Japan	pig
DAJPEK01	29-Sta-P-45	pig	2017	Japan	pig
DAJPEL01	28-Sta-P43	pig	2016	Japan	pig
DAJPEM01	29-144	pig	2017	Japan	pig
DAKLYI01	90894 M	macaque	2022	USA	other
DAKLYJ01	90896 M	macaque	2022	USA	other
DAKYHS01	14-00595	cow	2014	Germany	cattle
DAKYJQ01	14-00594	cow	2014	Germany	cattle
DAKYKP01	14-00591	cow	2014	Germany	cattle
DAKYLA01	14-00592	cow	2014	Germany	cattle
DAKYMZ01	14-00593	cow	2014	Germany	cattle
DAKYRP01	14-00515-1	european rabbit	2014	Germany	rabbit
DAKYRQ01	14-00515-2	european rabbit	2014	Germany	rabbit
DAKYRZ01	14-00597	cow	2014	Germany	cattle
DALBPC01	NM348	pig	2012	USA	pig
DALBPD01	NM343	pig	2012	USA	pig
DALBSU01	NM347	pig	2012	USA	pig
DALBUS01	NM346	pig	2012	USA	pig
DALBUT01	NM345	pig	2012	USA	pig
DALBUV01	NM344	pig	2012	USA	pig
DALJTB01	SS_0673	chicken	2013	United Kingdom	poultry
DALJTX01	SS_0668	chicken	2013	United Kingdom	poultry
DALTHE01	dmn150421-721	yellow-necked mouse	2014	Germany	other
DALTHF01	dmn150401-647	yellow-necked mouse	2014	Germany	other
DALTHG01	ZSFV 18-3	mouse	2013	Germany	rodent
DALTHI01	6927-6	mouse	2014	France	rodent
DALTHJ01	A763/1	mouse	2014	Germany	rodent
DALTHK01	DKFZ_2007_450_01	mouse	2007	Germany	rodent
DALTHL01	DKFZ 463	mouse	2008	Germany	rodent
DALTHM01	DKFZ_U2341-07	mouse	2007	Germany	rodent
DALTHN01	ZSFV 36-1	mouse	2013	Germany	rodent
DALTHO01	6.3	mouse	2011	Germany	rodent
DALTHP01	PGA-18	mouse	2013	USA	rodent
DALTHQ01	PGA-17	mouse	2013	USA	rodent
DALTHR01	PGA-9	mouse	2013	USA	rodent
DALTHS01	PGA-7	mouse	2013	USA	rodent
DALTHT01	CR175	mouse	2012	USA	rodent
DALTHU01	CR171	mouse	2012	USA	rodent
DALTHV01	CR184a	mouse	2012	USA	rodent
DALTHW01	PGA-3	mouse	2013	USA	rodent
DALTHX01	CR129	mouse	2004	USA	rodent
DALTHY01	CR159	mouse	2004	USA	rodent
DALTHZ01	CR125	mouse	2004	Canada	rodent
DALTIA01	CR123	mouse	2004	USA	rodent
DALTIB01	CR058	mouse	2011	USA	rodent
DALTIC01	CR113	mouse	2004	USA	rodent
DALTID01	CR103	mouse	2011	USA	rodent
DALTIE01	CR096	mouse	2011	USA	rodent
DALTIF01	CR034	mouse	2011	USA	rodent
DALTIG01	CR026	mouse	2011	USA	rodent
DALTIH01	CR057	mouse	2011	Canada	rodent
DALTII01	CR018	mouse	2011	USA	rodent
DALTIJ01	CR013	mouse	2011	USA	rodent
DALTIO01	dsz186-24	common vole	2013	Germany	rodent
DALTIP01	dmn150527-834	common vole	2014	Germany	rodent
DALTIQ01	dsz140916-186-01	field vole	2013	Germany	rodent
DALTIR01	dmn160708-880	common vole	2014	Germany	rodent
DALTIS01	dmn150527-831	field vole	2014	Germany	rodent
DALTIT01	dmn150430-754	common shrew	2014	Germany	other
DALTIU01	dmn150507-765	common shrew	2014	Germany	other
DALTIV01	dmn150421-726	common vole	2014	Germany	rodent
DALTIW01	dmn150414-700	yellow-necked mouse	2014	Germany	other
DALTIX01	7189-1	mouse	2014	France	rodent
DALTIY01	dmn150401-671	yellow-necked mouse	2014	Germany	other
DALTIZ01	7555-1	mouse	2014	France	rodent
DALTJA01	DKFZ566-07	rat	2007	Germany	rodent
DALTJB01	A754/1	rat	2014	Germany	rodent
DALTJC01	DKFZ_2015_044-01	mouse	unknown	Germany	rodent
DALTJD01	2014_690_01	mouse	2014	Germany	rodent
DALTJE01	DKFZ 516	mouse	2008	Germany	rodent
DALTJF01	2014_644_02	mouse	2014	Germany	rodent
DALTJG01	DKFZ 464	mouse	2008	Germany	rodent
DALTJH01	DKFZ_2014_104_03	rat	2014	Germany	rodent
DALTJI01	DKFZ_1999_412_01	cavy	1999	Germany	other
DALTJJ01	DKFZ_1983_377_01	mouse	1983	Germany	rodent
DALTJK01	DKFZ_1983_237_01	rat	1983	Germany	rodent
DALTJL01	DKFZ_1983_328_02	rat	1983	Germany	rodent
DALTJM01	DKFZ_U 344a1	mouse	2008	Germany	rodent
DALTJN01	J74	mouse	2011	New Zealand	rodent
DALTJO01	DKFZ_U 344-2	mouse	2008	Germany	rodent
DALTJP01	J108	mouse	2011	New Zealand	rodent
DALTJQ01	J68	mouse	2011	New Zealand	rodent
DALTJR01	J121	mouse	2011	New Zealand	rodent
DALTJS01	J20	mouse	2011	New Zealand	rodent
DALTJT01	J41	mouse	2011	New Zealand	rodent
DALTJU01	1.3	mouse	2011	Germany	rodent
DALTJV01	J15	mouse	2011	New Zealand	rodent
DALTJW01	2.2	mouse	2011	Germany	rodent
DALTJX01	ZSFV 14-2	mouse	2013	Germany	rodent
DALTJY01	PGA-12	mouse	2013	USA	rodent
DALTJZ01	PGA-11	mouse	2013	USA	rodent
DALTKA01	CR167	mouse	2012	USA	rodent
DALTKB01	CR160	mouse	2004	USA	rodent
DALTKC01	CR155	mouse	2004	USA	rodent
DALTKD01	CR154	mouse	2004	USA	rodent
DALTKE01	CR147	mouse	2004	Canada	rodent
DALTKF01	CR148	mouse	2004	USA	rodent
DALTKG01	CR146	mouse	2004	USA	rodent
DALTKH01	CR143	mouse	2004	Canada	rodent
DALTKU01	dmn160628-867	common vole	2014	Germany	rodent
DALTKV01	dmn160706-871	common vole	2014	Germany	rodent
DALTKW01	dmn160622-859	yellow-necked mouse	2015	Germany	other
DALTKX01	dmn160622-858	yellow-necked mouse	2015	Germany	other
DALTKY01	dmn160622-853	bank vole	2015	Germany	rodent
DALTKZ01	dmn160622-849	bank vole	2015	Germany	rodent
DALTLA01	dmn150521-805	bank vole	2014	Germany	rodent
DALTLB01	dmn150527-830	field vole	2014	Germany	rodent
DALTLC01	dmn150521-800	bank vole	2014	Germany	rodent
DALTLD01	dmn150521-790	yellow-necked mouse	2014	Germany	other
DALTLE01	dmn150503-760	common shrew	2014	Germany	other
DALTLF01	dmn150421-724	common vole	2014	Germany	rodent
DALTLG01	dmn150401-672	yellow-necked mouse	2014	Germany	other
DALTLH01	7010-1	mouse	2014	France	rodent
DALTLI01	7203-30	mouse	2014	France	rodent
DALTLJ01	7600-5	mouse	2014	France	rodent
DALTLK01	A853-3	mouse	2014	Germany	rodent
DALTLL01	A796/1	mouse	2014	Germany	rodent
DALTLM01	A735/2	rat	2014	Germany	rodent
DALTLN01	DKFZA581-1	mouse	2007	Germany	rodent
DALTLO01	A734/3	rat	2014	Germany	rodent
DALTLP01	DKFZA569-2	mouse	2007	Germany	rodent
DALTLQ01	DKFZ_2015_044-03	mouse	unknown	Germany	rodent
DALTLR01	2014_660_02	mouse	2014	Germany	rodent
DALTLS01	2014_672_02	mouse	2014	Germany	rodent
DALTLT01	DKFZ_2012_281_17	mouse	2012	Germany	rodent
DALTLU01	DKFZ_2009_396_01	mouse	2009	Germany	rodent
DALTLV01	DKFZ 517	mouse	2008	Germany	rodent
DALTLW01	DKFZ_2008_439_01	mouse	2008	Germany	rodent
DALTLX01	DKFZ 525	mouse	2008	Germany	rodent
DALTLY01	DKFZ 513	mouse	2008	Germany	rodent
DALTLZ01	DKFZ 512	mouse	2008	Germany	rodent
DALTMA01	DKFZ_1983_249_01	mouse	1983	Germany	rodent
DALTMB01	DKFZ_1983_275_01	rat	1983	Germany	rodent
DALTMC01	DKFZ_U2405-07	mouse	2007	Germany	rodent
DALTMD01	DKFZ_U120	mouse	2008	Germany	rodent
DALTME01	DKFZ_U147	mouse	2008	Germany	rodent
DALTMH01	J107	mouse	2011	New Zealand	rodent
DALTMO01	dsz140926-190-14	mouse	2014	Germany	rodent
DALTMQ01	dsz140916-186-02	common vole	2013	Germany	rodent
DALTMR01	dsz140916-186-08	field vole	2012	Germany	rodent
DALTMS01	dmn160707-878	common vole	2014	Germany	rodent
DALTMT01	dmn160706-874	common vole	2014	Germany	rodent
DALTMU01	dmn160628-865	common vole	2014	Germany	rodent
DALTMV01	dmn150430-756	common shrew	2014	Germany	other
DALTMW01	dmn150401-660	bank vole	2014	Germany	rodent
DALTMX01	dmn150401-666	bank vole	2014	Germany	rodent
DALTMY01	dmn150401-659	bank vole	2014	Germany	rodent
DALTMZ01	7191-1	mouse	2014	France	rodent
DALTNA01	DKFZ_2012_281_13	mouse	2012	Germany	rodent
DALTNB01	J57	mouse	2011	New Zealand	rodent
DALTNC01	J40	mouse	2011	New Zealand	rodent
DALTND01	J35	mouse	2011	New Zealand	rodent
DALTNE01	J33	mouse	2011	New Zealand	rodent
DALTNF01	J21	mouse	2011	New Zealand	rodent
DALTNG01	J16	mouse	2011	New Zealand	rodent
DALTNH01	J12	mouse	2011	New Zealand	rodent
DALTNI01	J10	mouse	2011	New Zealand	rodent
DALTNJ01	1.1	mouse	2011	Germany	rodent
DALTNK01	ZSFV 13-2	mouse	2013	Germany	rodent
DALTNL01	ZSFV 20-2	mouse	2013	Germany	rodent
DALTNM01	ZSFV 28-2	mouse	2013	Germany	rodent
DALTNN01	ZSFV 29-2	mouse	2013	Germany	rodent
DALTNO01	PGA-16	mouse	2013	USA	rodent
DALTNP01	PGA-10	mouse	2013	USA	rodent
DALTNQ01	PGA-8	mouse	2013	USA	rodent
DALTNR01	PGA-6	mouse	2013	USA	rodent
DALTNS01	PGA-4	mouse	2013	USA	rodent
DALTNT01	PGA-1	mouse	2013	USA	rodent
DALTNU01	CR185	mouse	2012	USA	rodent
DALTNV01	CR180	mouse	2012	USA	rodent
DALTNW01	CR174	mouse	2012	USA	rodent
DALTNX01	CR173	mouse	2012	USA	rodent
DALTNY01	CR172	mouse	2012	USA	rodent
DALTNZ01	CR166	mouse	2004	USA	rodent
DALTOA01	CR145	mouse	2004	USA	rodent
DALTOB01	CR153	mouse	2004	USA	rodent
DALTOC01	CR144	mouse	2004	USA	rodent
DALTOD01	CR142	mouse	2004	USA	rodent
DALTOE01	dsz140916-186-05	yellow-necked mouse	2013	Germany	other
DALTOF01	dmn160630-870	common vole	2014	Germany	rodent
DALTOG01	dmn150527-824	common vole	2014	Germany	rodent
DALTOH01	dmn150521-792	bank vole	2014	Germany	rodent
DALTOI01	dmn150521-786	yellow-necked mouse	2014	Germany	other
DALTOJ01	dmn150421-725	common vole	2014	Germany	rodent
DALTOK01	souru3	mouse	unknown	France	rodent
DALTOL01	7203-10	mouse	2014	France	rodent
DALTOM01	7190-1	mouse	2014	France	rodent
DALTON01	7549-2	mouse	2014	France	rodent
DALTOO01	7287-2	mouse	2014	France	rodent
DALTOP01	7212-2	mouse	2014	France	rodent
DALTOQ01	A853-1	mouse	2014	Germany	rodent
DALTOR01	A735/1	rat	2014	Germany	rodent
DALTOS01	A798/3	rat	2014	Germany	rodent
DALTOT01	2014_641_01	mouse	2014	Germany	rodent
DALTOU01	A731/2	mouse	2014	Germany	rodent
DALTOV01	DKFZ 520	rat	2008	Germany	rodent
DALTOW01	DKFZ 518	mouse	2008	Germany	rodent
DALTOX01	DKFZ 515	mouse	2008	Germany	rodent
DALTOY01	DKFZ_1983_256_01	mouse	1983	Germany	rodent
DALTOZ01	DKFZ_U2354-07	mouse	2007	Germany	rodent
DALTPA01	J105	mouse	2011	New Zealand	rodent
DALTPB01	J110	mouse	2011	New Zealand	rodent
DALTPC01	DKFZ_U44	rat	2008	Germany	rodent
DALTPD01	J78	mouse	2011	New Zealand	rodent
DALTPE01	J70	mouse	2011	New Zealand	rodent
DALTPF01	J34	mouse	2011	New Zealand	rodent
DALTPG01	ZSFV 26-4	mouse	2013	Germany	rodent
DALTPH01	PGA-13	mouse	2013	USA	rodent
DALTPI01	CR179	mouse	2012	USA	rodent
DALTPJ01	CR169	mouse	2012	USA	rodent
DALTPK01	PGA-20	mouse	2013	USA	rodent
DALTPL01	CR163	mouse	2004	USA	rodent
DALTPM01	CR162	mouse	2004	USA	rodent
DALTPN01	CR150	mouse	2004	USA	rodent
DALTPO01	CR141	mouse	2004	USA	rodent
DALTPP01	CR134	mouse	2004	USA	rodent
DALTPQ01	CR138	mouse	2004	USA	rodent
DALTPR01	CR133	mouse	2004	Canada	rodent
DALTPS01	CR136	mouse	2004	Canada	rodent
DALTPT01	CR132	mouse	2004	USA	rodent
DALTPU01	CR130	mouse	2004	USA	rodent
DALTPV01	CR128	mouse	2004	USA	rodent
DALTPW01	CR126	mouse	2004	USA	rodent
DALTPX01	CR122	mouse	2004	USA	rodent
DALTPY01	CR119	mouse	2004	USA	rodent
DALTPZ01	CR120	mouse	2004	USA	rodent
DALTQA01	CR124	mouse	2004	USA	rodent
DALTQB01	CR118	mouse	2004	USA	rodent
DALTQC01	dmn150401-653	bank vole	2014	Germany	rodent
DALTQD01	A792/1	mouse	2014	Germany	rodent
DALTQE01	A734/2	rat	2014	Germany	rodent
DALTQF01	PGA-14	mouse	2013	USA	rodent
DALTQG01	PGA-19	mouse	2013	USA	rodent
DALTQH01	CR164	mouse	2004	USA	rodent
DALTQI01	2014_696_01	mouse	2014	Germany	rodent
DALTQJ01	CR161	mouse	2004	USA	rodent
DALTQK01	CR158	mouse	2004	USA	rodent
DALTQL01	CR156	mouse	2004	USA	rodent
DALTQM01	CR157	mouse	2004	USA	rodent
DALTQN01	CR116	mouse	2004	USA	rodent
DALTQO01	CR149	mouse	2004	USA	rodent
DALTQP01	CR117	mouse	2004	USA	rodent
DALTQQ01	CR115	mouse	2004	USA	rodent
DALTQR01	CR114	mouse	2004	USA	rodent
DALTQS01	CR111	mouse	2004	USA	rodent
DALTQT01	CR109	mouse	2011	USA	rodent
DALTQU01	CR106	mouse	2011	USA	rodent
DALTQV01	CR102	mouse	2011	Canada	rodent
DALTQW01	CR101	mouse	2011	USA	rodent
DALTQX01	CR104	mouse	2011	USA	rodent
DALTQY01	CR100	mouse	2011	Japan	rodent
DALTQZ01	CR098	mouse	2011	USA	rodent
DALTRA01	CR097	mouse	2011	USA	rodent
DALTRB01	CR094	mouse	2011	USA	rodent
DALTRC01	CR093	mouse	2011	USA	rodent
DALTRD01	CR087	mouse	2011	USA	rodent
DALTRE01	CR092	mouse	2011	USA	rodent
DALTRF01	CR091	mouse	2011	USA	rodent
DALTRG01	CR085	mouse	2011	USA	rodent
DALTRH01	CR083	mouse	2011	USA	rodent
DALTRI01	CR082	mouse	2011	USA	rodent
DALTRJ01	CR081	mouse	2011	USA	rodent
DALTRK01	CR079	mouse	2011	USA	rodent
DALTRL01	CR075	mouse	2011	USA	rodent
DALTRM01	CR074	mouse	2011	USA	rodent
DALTRN01	CR072	mouse	2011	USA	rodent
DALTRO01	CR069	mouse	2011	USA	rodent
DALTRP01	CR066	mouse	2011	USA	rodent
DALTRQ01	CR065	mouse	2011	USA	rodent
DALTRR01	CR064	mouse	2011	USA	rodent
DALTRS01	CR063	mouse	2011	USA	rodent
DALTRT01	CR062	mouse	2011	USA	rodent
DALTRU01	CR055	mouse	2011	USA	rodent
DALTRV01	CR059	mouse	2011	USA	rodent
DALTRW01	CR053	mouse	2011	USA	rodent
DALTRX01	CR052	mouse	2011	USA	rodent
DALTRY01	CR051	mouse	2011	USA	rodent
DALTRZ01	CR050	mouse	2011	USA	rodent
DALTSA01	CR049	mouse	2011	USA	rodent
DALTSB01	CR047	mouse	2011	USA	rodent
DALTSC01	CR046	mouse	2011	United Kingdom	rodent
DALTSD01	CR045	mouse	2011	USA	rodent
DALTSE01	CR044	mouse	2011	USA	rodent
DALTSF01	CR040	mouse	2011	Japan	rodent
DALTSG01	CR039	mouse	2011	USA	rodent
DALTSH01	CR030	mouse	2011	USA	rodent
DALTSI01	CR035	mouse	2011	USA	rodent
DALTSJ01	CR025	mouse	2011	USA	rodent
DALTSK01	CR022	mouse	2011	USA	rodent
DALTSL01	CR019	mouse	2011	USA	rodent
DALTSM01	CR017	mouse	2004	USA	rodent
DALTSN01	CR015	mouse	2011	USA	rodent
DALTSO01	CR014	mouse	2011	USA	rodent
DALTSP01	CR011	mouse	2011	USA	rodent
DALTSQ01	CR009	mouse	2011	USA	rodent
DALTSR01	CR007	mouse	2011	USA	rodent
DALTSS01	CR006	mouse	2011	USA	rodent
DALTSY01	ZSFV 35-1	mouse	2013	Germany	rodent
DALTSZ01	CR170	mouse	2012	USA	rodent
DALTTB01	PGA-5	mouse	2013	USA	rodent
DALTTC01	CR140	mouse	2004	USA	rodent
DALTTE01	CR139	mouse	2004	USA	rodent
DALTTF01	CR084	mouse	2011	USA	rodent
DALTTG01	CR061	mouse	2011	USA	rodent
DALTTL01	A754/3	rat	2014	Germany	rodent
DALTTP01	DKFZ 514	mouse	2008	Germany	rodent
DALTTR01	J90	mouse	2011	New Zealand	rodent
DALTTS01	CR077	mouse	2011	USA	rodent
DALTTT01	ZSFV 17-1	mouse	2013	Germany	rodent
DALTTU01	J36	mouse	2011	New Zealand	rodent
DALTUL01	dmn150401-661	bank vole	2014	Germany	rodent
DALTUM01	dmn150521-806	bank vole	2014	Germany	rodent
DALTUN01	dmn150401-652	bank vole	2014	Germany	rodent
DALTUO01	7599-1	mouse	2014	France	rodent
DALTUP01	J106	mouse	2011	New Zealand	rodent
DALTUQ01	PGA-2	mouse	2013	USA	rodent
DALTUR01	J112	mouse	2011	New Zealand	rodent
DALTUS01	CR127	mouse	2004	Canada	rodent
DALTUT01	CR165	mouse	2004	USA	rodent
DAMDZA01	Sa254	cow	2016	Denmark	cattle
DAMDZD01	Sa253	cow	2016	Denmark	cattle
DAMDZE01	Sa247	cow	2016	Denmark	cattle
DAMDZI01	Sa252	cow	2016	Denmark	cattle
DAMDZM01	Sa245	cow	2016	Denmark	cattle
DAMEAQ01	Sa113	cow	2016	Denmark	cattle
DAMEAR01	Sa114	cow	2016	Denmark	cattle
DAMEAT01	Sa97	cow	2016	Denmark	cattle
DAMEAU01	Sa98	cow	2016	Denmark	cattle
DAMEAV01	Sa93	cow	2016	Denmark	cattle
DAMEBB01	Sa250	cow	2016	Denmark	cattle
DAMEBZ01	Sa110	cow	2016	Denmark	cattle
DAMECB01	Sa91	cow	2016	Denmark	cattle
DAMECC01	Sa92	cow	2016	Denmark	cattle
DAMECD01	Sa99	cow	2016	Denmark	cattle
DAMECE01	Sa100	cow	2016	Denmark	cattle
DAMECF01	Sa57	cow	2016	Denmark	cattle
DAMECH01	Sa103	cow	2016	Denmark	cattle
DAMECI01	Sa52	cow	2016	Denmark	cattle
DAMECJ01	Sa53	cow	2016	Denmark	cattle
DAMECK01	Sa102	cow	2016	Denmark	cattle
DAMECL01	Sa101	cow	2016	Denmark	cattle
DAMECM01	Sa109	cow	2016	Denmark	cattle
DAMECN01	Sa75	cow	2016	Denmark	cattle
DAMECO01	Sa74	cow	2016	Denmark	cattle
DAMECP01	Sa70	cow	2016	Denmark	cattle
DAMECQ01	Sa73	cow	2016	Denmark	cattle
DAMECR01	Sa87	cow	2016	Denmark	cattle
DAMECS01	Sa88	cow	2016	Denmark	cattle
DAMECT01	Sa71	cow	2016	Denmark	cattle
DAMECZ01	Sa246	cow	2016	Denmark	cattle
DAMEDN01	Sa95	cow	2016	Denmark	cattle
DAMEDO01	Sa58	cow	2016	Denmark	cattle
DAMEDP01	Sa96	cow	2016	Denmark	cattle
DAMEDQ01	Sa50	cow	2016	Denmark	cattle
DAMEDR01	Sa89	cow	2016	Denmark	cattle
DAMEDS01	Sa104	cow	2016	Denmark	cattle
DAMEDT01	Sa106	cow	2016	Denmark	cattle
DAMEDU01	Sa105	cow	2016	Denmark	cattle
DAMEDV01	Sa56	cow	2016	Denmark	cattle
DAMEDW01	Sa68	cow	2016	Denmark	cattle
DAMEDX01	Sa69	cow	2016	Denmark	cattle
DAMEDY01	Sa65	cow	2016	Denmark	cattle
DAMEDZ01	Sa64	cow	2016	Denmark	cattle
DAMEEA01	Sa67	cow	2016	Denmark	cattle
DAMEEB01	Sa60	cow	2016	Denmark	cattle
DAMEEC01	Sa61	cow	2016	Denmark	cattle
DAMEED01	Sa62	cow	2016	Denmark	cattle
DAMEEE01	Sa63	cow	2016	Denmark	cattle
DAMEEF01	Sa249	cow	2016	Denmark	cattle
DAMEEJ01	Sa94	cow	2016	Denmark	cattle
DAMEEK01	Sa108	cow	2016	Denmark	cattle
DAMEEL01	Sa107	cow	2016	Denmark	cattle
DAMEEM01	Sa90	cow	2016	Denmark	cattle
DAMEEP01	Sa51	cow	2016	Denmark	cattle
DAMEFB01	Sa111	cow	2016	Denmark	cattle
DAMEGU01	Sa251	cow	2016	Denmark	cattle
DAMQJH01	Z_19	mongoose	2010	Denmark	other
DAMQJI01	R953	meerkat	unknown	United Kingdom	other
DAMQJJ01	W321	monkey	unknown	United Kingdom	primate
DAMQJL01	Z_34	chimpanzee	2010	Denmark	other
DAMQJM01	DS29	goat	2002	Italy	small_ruminant
DAMQJN01	DS90	sheep	2005	Norway	small_ruminant
DAMQJR01	423/10	cloudrat	unknown	United Kingdom	other
DAMQJS01	VI 54650	cow	2001	Norway	cattle
DAMQJT01	VI 54651	cow	2001	Norway	cattle
DAMQJU01	B122	cow	1998	Ireland	cattle
DAMQJV01	B130	cow	1998	Ireland	cattle
DAMQJZ01	VI 54657	cow	2001	Norway	cattle
DAMQKD01	B600535/04/1	pheasant	unknown	United Kingdom	game_birds
DAMQKH01	KM777-07	horse	2007	Switzerland	equine
DAMQKI01	DS71	cat	unknown	Sweden	companion_animal
DAMQKJ01	M148 (M192)	porpoise	2006	Netherlands	other
DAMQKK01	M192/06/1	porpoise	unknown	United Kingdom	other
DAMQKL01	Z_5	bat	2010	Denmark	bat
DAMQKM01	Z_21	mongoose	2010	Denmark	other
DAMQKN01	DS52	rabbit	2000	Belgium	rabbit
DAMQKO01	DS33	rabbit	2009	Spain	rabbit
DAMQKP01	DS30	goat	2002	Italy	small_ruminant
DAMQKQ01	DS47	rabbit	2000	Belgium	rabbit
DAMQKR01	DS27	goat	2002	Italy	small_ruminant
DAMQKS01	DS9	goat	2002	Italy	small_ruminant
DAMQKT01	DS1	goat	2005	Austria	small_ruminant
DAMQKX01	KM489-05	horse	2005	Switzerland	equine
DAMQKZ01	DS80	goat	2005	Norway	small_ruminant
DAMQLA01	DS51	rabbit	2000	Belgium	rabbit
DAMQLC01	Z_24	cavy	2010	Denmark	other
DAMQLD01	VI 54655	cow	2001	Norway	cattle
DAMQLE01	VI 54658	cow	2001	Norway	cattle
DAMQLF01	R5	bat	2008	Nigeria	bat
DAMQLG01	L3	bat	2008	Nigeria	bat
DAMQLJ01	DS25	goat	2002	Italy	small_ruminant
DAMQMC01	Z_22	horse	2010	Denmark	equine
DAMQME01	Ssi4	horse	2011	Switzerland	equine
DAMQNF01	322/10_2	great tit	unknown	United Kingdom	other
DAMQNG01	B500242/00/1	parrot	unknown	USA	other
DAMQNH01	VI 54659	cow	2001	Norway	cattle
DAMQNJ01	Z_23	horse	2010	Denmark	equine
DAMQNK01	DS4	goat	2005	Austria	small_ruminant
DAMQNM01	DS75	goat	2005	Norway	small_ruminant
DAMQQC01	B119	cow	1998	Ireland	cattle
DAMQQE01	M597/99/1	seal	unknown	United Kingdom	other
DAMQRS01	horse123_pastern	horse	2020	Switzerland	equine
DAMQRU01	horse5_pastern	horse	2019	Switzerland	equine
DAMQRV01	horse14_pastern	horse	2019	Switzerland	equine
DAMQRW01	horse87_pastern	horse	2019	Switzerland	equine
DAMQRX01	horse90_nose	horse	2019	Switzerland	equine
DAMQRY01	horse91_nose	horse	2019	Switzerland	equine
DAMQRZ01	horse90_pastern	horse	2019	Switzerland	equine
DAMQSA01	horse91_pastern	horse	2019	Switzerland	equine
DAMQSB01	horse92_pastern	horse	2019	Switzerland	equine
DAMQSC01	horse15_nose	horse	2019	Switzerland	equine
DAMQSD01	horse96_pastern	horse	2019	Switzerland	equine
DAMQSE01	horse96_nose	horse	2019	Switzerland	equine
DAMQSF01	horse99_pastern	horse	2019	Switzerland	equine
DAMQSG01	horse102_pastern	horse	2019	Switzerland	equine
DAMQSH01	horse100_pastern	horse	2019	Switzerland	equine
DAMQSI01	horse102_pastern_MRSA	horse	2019	Switzerland	equine
DAMQSJ01	horse103_nose	horse	2019	Switzerland	equine
DAMQSK01	horse104_nose	horse	2019	Switzerland	equine
DAMQSL01	horse104_pastern	horse	2019	Switzerland	equine
DAMQSM01	horse110_nose_MRSA	horse	2020	Switzerland	equine
DAMQSN01	horse18_pastern	horse	2019	Switzerland	equine
DAMQSO01	horse126_pastern	horse	2020	Switzerland	equine
DAMQSP01	horse111_pastern_MRSA	horse	2020	Switzerland	equine
DAMQSQ01	horse129_pastern	horse	2020	Switzerland	equine
DAMQSR01	horse132_nose	horse	2020	Switzerland	equine
DAMQSS01	horse19_nose	horse	2019	Switzerland	equine
DAMQST01	horse22_nose	horse	2019	Switzerland	equine
DAMQSU01	horse19_pastern	horse	2019	Switzerland	equine
DAMQSV01	horse7_pastern	horse	2019	Switzerland	equine
DAMQSW01	horse27_pastern	horse	2019	Switzerland	equine
DAMQSX01	horse35_pastern	horse	2019	Switzerland	equine
DAMQSY01	horse39_nose	horse	2019	Switzerland	equine
DAMQSZ01	horse40_nose	horse	2019	Switzerland	equine
DAMQTA01	horse42_nose	horse	2019	Switzerland	equine
DAMQTB01	horse42_pastern	horse	2019	Switzerland	equine
DAMQTC01	horse46_nose	horse	2019	Switzerland	equine
DAMQTD01	horse46_pastern	horse	2019	Switzerland	equine
DAMQTE01	horse9_pastern	horse	2019	Switzerland	equine
DAMQTF01	horse47_nose	horse	2019	Switzerland	equine
DAMQTG01	horse48_nose	horse	2019	Switzerland	equine
DAMQTH01	horse48_pastern	horse	2019	Switzerland	equine
DAMQTI01	horse50_nose	horse	2019	Switzerland	equine
DAMQTJ01	horse51_pastern	horse	2019	Switzerland	equine
DAMQTK01	horse52_nose	horse	2019	Switzerland	equine
DAMQTL01	horse55_pastern	horse	2019	Switzerland	equine
DAMQTM01	horse63_pastern	horse	2019	Switzerland	equine
DAMQTN01	horse64_pastern	horse	2019	Switzerland	equine
DAMQTO01	horse66_nose	horse	2019	Switzerland	equine
DAMQTP01	horse68_pastern	horse	2019	Switzerland	equine
DAMQTQ01	horse69_nose	horse	2019	Switzerland	equine
DAMQTR01	horse69_pastern	horse	2019	Switzerland	equine
DAMQTS01	horse88_nose	horse	2019	Switzerland	equine
DAMQTT01	horse92_nose	horse	2019	Switzerland	equine
DAMQTU01	horse95_nose	horse	2019	Switzerland	equine
DAMQTV01	horse94_pastern	horse	2019	Switzerland	equine
DAMQTW01	horse103_pastern	horse	2019	Switzerland	equine
DAMQTX01	horse15_pastern	horse	2019	Switzerland	equine
DAMQTY01	horse106_nose	horse	2020	Switzerland	equine
DAMQTZ01	horse111_nose_MRSA	horse	2020	Switzerland	equine
DAMQUA01	horse121_pastern	horse	2020	Switzerland	equine
DAMQUB01	horse22_pastern	horse	2019	Switzerland	equine
DAMQUC01	horse24_pastern	horse	2019	Switzerland	equine
DAMQUD01	horse26_nose	horse	2019	Switzerland	equine
DAMQUE01	horse30_nose	horse	2019	Switzerland	equine
DAMQUF01	horse31_nose	horse	2019	Switzerland	equine
DAMQUG01	horse32_nose	horse	2019	Switzerland	equine
DAMQUH01	horse37_nose	horse	2019	Switzerland	equine
DAMQUI01	horse35_nose	horse	2019	Switzerland	equine
DAMQUJ01	horse37_pastern	horse	2019	Switzerland	equine
DAMQUK01	horse8_pastern	horse	2019	Switzerland	equine
DAMQUL01	horse43_nose	horse	2019	Switzerland	equine
DAMQUM01	horse43_pastern	horse	2019	Switzerland	equine
DAMQUN01	horse47_nose_MRSA	horse	2019	Switzerland	equine
DAMQUO01	horse47_pastern	horse	2019	Switzerland	equine
DAMQUP01	horse53_pastern	horse	2019	Switzerland	equine
DAMQUQ01	horse50_pastern	horse	2019	Switzerland	equine
DAMQUR01	horse54_pastern	horse	2019	Switzerland	equine
DAMQUS01	horse11_nose	horse	2019	Switzerland	equine
DAMQUT01	horse58_nose	horse	2019	Switzerland	equine
DAMQUU01	horse64_nose	horse	2019	Switzerland	equine
DAMQUV01	horse59_nose	horse	2019	Switzerland	equine
DAMQUW01	horse65_nose	horse	2019	Switzerland	equine
DAMQUX01	horse12_nose	horse	2019	Switzerland	equine
DAMQUY01	horse67_nose	horse	2019	Switzerland	equine
DAMQUZ01	horse71_nose	horse	2019	Switzerland	equine
DAMQVA01	horse71_pastern	horse	2019	Switzerland	equine
DAMQVB01	horse13_nose	horse	2019	Switzerland	equine
DAMQVC01	horse72_nose	horse	2019	Switzerland	equine
DAMQVD01	horse72_pastern	horse	2019	Switzerland	equine
DAMQVE01	horse76_nose	horse	2019	Switzerland	equine
DAMQVF01	horse77_pastern	horse	2019	Switzerland	equine
DAMQVG01	horse76_pastern	horse	2019	Switzerland	equine
DAMQVH01	horse78_nose	horse	2019	Switzerland	equine
DAMQVI01	horse78_pastern	horse	2019	Switzerland	equine
DAMQVJ01	horse79_pastern	horse	2019	Switzerland	equine
DAMQVK01	horse13_pastern	horse	2019	Switzerland	equine
DAMQVL01	horse80_nose	horse	2019	Switzerland	equine
DAMQVM01	horse80_pastern	horse	2019	Switzerland	equine
DAMQVN01	horse83_nose	horse	2019	Switzerland	equine
DAMQVO01	horse83_pastern	horse	2019	Switzerland	equine
DAMQVP01	horse86_nose	horse	2019	Switzerland	equine
DAMQVQ01	horse5_nose	horse	2019	Switzerland	equine
DAMQVR01	horse94_nose	horse	2019	Switzerland	equine
DAMQVS01	horse97_pastern	horse	2019	Switzerland	equine
DAMQVT01	horse98_nose	horse	2019	Switzerland	equine
DAMQVU01	horse121_nose	horse	2020	Switzerland	equine
DAMQVV01	horse123_nose	horse	2020	Switzerland	equine
DAMQVW01	horse148_nose	horse	2020	Switzerland	equine
DAMQVX01	horse148_nose_MRSA	horse	2020	Switzerland	equine
DAMQVY01	horse157_nose	horse	2020	Switzerland	equine
DAMQVZ01	horse157_pastern	horse	2020	Switzerland	equine
DAMQWA01	horse20_nose	horse	2019	Switzerland	equine
DAMQWB01	horse27_nose	horse	2019	Switzerland	equine
DAMQWC01	horse33_pastern	horse	2019	Switzerland	equine
DAMQWD01	horse32_pastern	horse	2019	Switzerland	equine
DAMQWE01	horse38_nose	horse	2019	Switzerland	equine
DAMQWF01	horse45_pastern	horse	2019	Switzerland	equine
DAMQWG01	horse57_pastern	horse	2019	Switzerland	equine
DAMQWH01	horse58_pastern	horse	2019	Switzerland	equine
DAMQWI01	horse85_pastern	horse	2019	Switzerland	equine
DAMQWJ01	horse63_nose	horse	2019	Switzerland	equine
DAMQWK01	horse87_nose	horse	2019	Switzerland	equine
DAMQXB01	horse21_nose	horse	2019	Switzerland	equine
DAMQXC01	horse23_nose	horse	2019	Switzerland	equine
DAMQXD01	horse81_pastern	horse	2019	Switzerland	equine
DAMQXE01	horse101_nose	horse	2019	Switzerland	equine
DAMQXF01	horse114_nose_MRSA	horse	2020	Switzerland	equine
DAMQXG01	horse33_nose	horse	2019	Switzerland	equine
DAMQXH01	horse8_nose	horse	2019	Switzerland	equine
DAMQXI01	horse40_pastern	horse	2019	Switzerland	equine
DAMQXJ01	horse41_nose	horse	2019	Switzerland	equine
DAMQXK01	horse49_pastern	horse	2019	Switzerland	equine
DAMQXL01	horse68_nose	horse	2019	Switzerland	equine
DAMQXM01	horse81_nose	horse	2019	Switzerland	equine
DAMQXR01	horse77_nose	horse	2019	Switzerland	equine
DAMQXS01	horse84_pastern	horse	2019	Switzerland	equine
DAMQXT01	horse67_pastern	horse	2019	Switzerland	equine
DAMQXU01	horse103_nose_MRSA	horse	2019	Switzerland	equine
DAMQXV01	horse183_pastern	horse	2020	Switzerland	equine
DAMQXW01	horse36_pastern	horse	2019	Switzerland	equine
DAMQXX01	horse131_nose	horse	2020	Switzerland	equine
DAMQXY01	horse95_pastern	horse	2019	Switzerland	equine
DAMRQT01	BM033	cow	2013	unknown	cattle
DAMRQU01	BM034	cow	2013	unknown	cattle
DAMRQV01	BM043	cow	2013	unknown	cattle
DAMRQW01	S084	cow	2018	unknown	cattle
DAMRQX01	S086	cow	2018	unknown	cattle
DAMRQY01	S087	cow	2018	unknown	cattle
DAMRQZ01	S088	cow	2018	unknown	cattle
DAMRRF01	S089	cow	2018	unknown	cattle
DAMRRG01	S096	cow	2018	unknown	cattle
DAMRRH01	S097	cow	2018	unknown	cattle
DAMRRI01	S098	cow	2018	unknown	cattle
DAMRRJ01	S105	cow	2018	unknown	cattle
DAMRRK01	S153	cow	2018	unknown	cattle
DAMRRL01	BM045	cow	2013	unknown	cattle
DAMRRM01	S154	cow	2018	unknown	cattle
DAMRRN01	S155	cow	2018	unknown	cattle
DAMRRO01	S159	cow	2018	unknown	cattle
DAMRRP01	S171	cow	2018	unknown	cattle
DAMRRQ01	S107	cow	2018	unknown	cattle
DAMRRR01	S108	cow	2018	unknown	cattle
DAMRRS01	S109	cow	2018	unknown	cattle
DAMRRT01	S110	cow	2018	unknown	cattle
DAMRRU01	S156	cow	2018	unknown	cattle
DAMRRV01	S166	cow	2018	unknown	cattle
DAMRRW01	BM046	cow	2013	unknown	cattle
DAMRRX01	S138	cow	2018	unknown	cattle
DAMRRY01	S144	cow	2018	unknown	cattle
DAMRRZ01	S118	cow	2018	unknown	cattle
DAMRSA01	S142	cow	2018	unknown	cattle
DAMRSB01	S117	cow	2018	unknown	cattle
DAMRSC01	S181	cow	2018	unknown	cattle
DAMRSD01	S182	cow	2018	unknown	cattle
DAMRSE01	BM133	cow	2013	unknown	cattle
DAMRSF01	BM089	cow	2013	unknown	cattle
DAMRSG01	BM114	cow	2013	unknown	cattle
DAMRSH01	BM118	cow	2013	unknown	cattle
DAMRSI01	BM081	cow	2013	unknown	cattle
DAMRSJ01	BM137	cow	2013	unknown	cattle
DAMRSK01	BM123	cow	2013	unknown	cattle
DAMRSL01	BM038	cow	2013	unknown	cattle
DAMRSM01	BM113	cow	2013	unknown	cattle
DAMRSN01	BM116	cow	2013	unknown	cattle
DAMRSO01	BM090	cow	2013	unknown	cattle
DAMRSP01	BM112	cow	2013	unknown	cattle
DAMRSQ01	BM077	cow	2013	unknown	cattle
DAMRSR01	BM076	cow	2013	unknown	cattle
DAMRSS01	BM117	cow	2013	unknown	cattle
DAMRST01	BM119	cow	2013	unknown	cattle
DAMRSU01	BM110	cow	2013	unknown	cattle
DAMRSV01	BM039	cow	2013	unknown	cattle
DAMRSW01	BM111	cow	2013	unknown	cattle
DAMRSX01	BM085	cow	2013	unknown	cattle
DAMRTA01	BM131	cow	2013	unknown	cattle
DAMRTB01	H02	cow	2018	unknown	cattle
DAMRTC01	BM109	cow	2013	unknown	cattle
DAMRTD01	BM092	cow	2013	unknown	cattle
DAMRTE01	H01	cow	2018	unknown	cattle
DAMRTF01	H03	cow	2018	unknown	cattle
DAMRTG01	H05	cow	2018	unknown	cattle
DAMRTH01	H04	cow	2018	unknown	cattle
DAMRTI01	H06	cow	2018	unknown	cattle
DAMRTJ01	H09	cow	2018	unknown	cattle
DAMRTK01	BM040	cow	2013	unknown	cattle
DAMRTL01	S183	cow	2018	unknown	cattle
DAMRTM01	H07	cow	2018	unknown	cattle
DAMRTN01	ST099	cow	2002	unknown	cattle
DAMRTO01	BM049	cow	2013	unknown	cattle
DAMRTP01	ST136	cow	2002	unknown	cattle
DAMRTQ01	ST117	cow	2002	unknown	cattle
DAMRTR01	ST132	cow	2002	unknown	cattle
DAMRTS01	ST120	cow	2002	unknown	cattle
DAMRTT01	ST119	cow	2002	unknown	cattle
DAMRTU01	ST116	cow	2002	unknown	cattle
DAMRTV01	ST137	cow	2002	unknown	cattle
DAMRTW01	ST143	cow	2002	unknown	cattle
DAMRTX01	ST206	cow	2002	unknown	cattle
DAMRTY01	ST199	cow	2002	unknown	cattle
DAMRTZ01	BM051	cow	2013	unknown	cattle
DAMRUA01	ST147	cow	2002	unknown	cattle
DAMRUB01	ST173	cow	2002	unknown	cattle
DAMRUC01	ST157	cow	2002	unknown	cattle
DAMRUD01	ST220	cow	2002	unknown	cattle
DAMRUE01	ST135	cow	2002	unknown	cattle
DAMRUF01	ST153	cow	2002	unknown	cattle
DAMRUG01	ST150	cow	2002	unknown	cattle
DAMRUH01	BM052	cow	2013	unknown	cattle
DAMRUI01	ST185	cow	2002	unknown	cattle
DAMRUJ01	ST164	cow	2002	unknown	cattle
DAMRUK01	ST180	cow	2002	unknown	cattle
DAMRUL01	ST168	cow	2002	unknown	cattle
DAMRUM01	ST213	cow	2002	unknown	cattle
DAMRUN01	ST177	cow	2002	unknown	cattle
DAMRUO01	ST205	cow	2002	unknown	cattle
DAMRUP01	H11	cow	2018	unknown	cattle
DAMRUR01	H08	cow	2018	unknown	cattle
DAMRUS01	H12	cow	2018	unknown	cattle
DAMRUT01	H10	cow	2018	unknown	cattle
DAMRUU01	H13	cow	2018	unknown	cattle
DAMRUW01	S002	cow	2018	unknown	cattle
DAMRUX01	S006	cow	2018	unknown	cattle
DAMRUY01	S007	cow	2018	unknown	cattle
DAMRUZ01	BM041	cow	2013	unknown	cattle
DAMRVA01	S009	cow	2018	unknown	cattle
DAMRVB01	S015	cow	2018	unknown	cattle
DAMRVC01	S010	cow	2018	unknown	cattle
DAMRVD01	S021	cow	2018	unknown	cattle
DAMRVE01	S024	cow	2018	unknown	cattle
DAMRVF01	S027	cow	2018	unknown	cattle
DAMRVG01	S028	cow	2018	unknown	cattle
DAMRVH01	S031	cow	2018	unknown	cattle
DAMRVI01	S035	cow	2018	unknown	cattle
DAMRVJ01	S034	cow	2018	unknown	cattle
DAMRVK01	BM042	cow	2013	unknown	cattle
DAMRVL01	S039	cow	2018	unknown	cattle
DAMRVM01	S040	cow	2018	unknown	cattle
DAMRVN01	S041	cow	2018	unknown	cattle
DAMRVO01	S043	cow	2018	unknown	cattle
DAMRVP01	S044	cow	2018	unknown	cattle
DAMRVQ01	S065	cow	2018	unknown	cattle
DAMRVR01	S048	cow	2018	unknown	cattle
DAMRVS01	S079	cow	2018	unknown	cattle
DAMRVT01	S080	cow	2018	unknown	cattle
DAMRVU01	S066	cow	2018	unknown	cattle
DAMRVV01	ST144	cow	2002	unknown	cattle
DAMRVW01	ST154	cow	2002	unknown	cattle
DAMRVX01	ST155	cow	2002	unknown	cattle
DAMRVY01	ST156	cow	2002	unknown	cattle
DAMRVZ01	BM053	cow	2013	unknown	cattle
DAMRWA01	ST160	cow	2002	unknown	cattle
DAMRWB01	ST163	cow	2002	unknown	cattle
DAMRWC01	ST159	cow	2002	unknown	cattle
DAMRWD01	ST167	cow	2002	unknown	cattle
DAMRWE01	ST169	cow	2002	unknown	cattle
DAMRWF01	ST174	cow	2002	unknown	cattle
DAMRWG01	ST176	cow	2002	unknown	cattle
DAMRWH01	ST181	cow	2002	unknown	cattle
DAMRWI01	ST182	cow	2002	unknown	cattle
DAMRWJ01	BM054	cow	2013	unknown	cattle
DAMRWK01	ST187	cow	2002	unknown	cattle
DAMRWL01	ST188	cow	2002	unknown	cattle
DAMRWM01	ST189	cow	2002	unknown	cattle
DAMRWN01	ST196	cow	2002	unknown	cattle
DAMRWO01	ST211	cow	2002	unknown	cattle
DAMRWP01	ST212	cow	2002	unknown	cattle
DAMRWQ01	ST198	cow	2002	unknown	cattle
DAMRWR01	ST200	cow	2002	unknown	cattle
DAMRWS01	ST204	cow	2002	unknown	cattle
DAMRWT01	ST208	cow	2002	unknown	cattle
DAMRWU01	BM055	cow	2013	unknown	cattle
DAMRWV01	ST209	cow	2002	unknown	cattle
DAMRWW01	ST217	cow	2002	unknown	cattle
DAMRWX01	ST215	cow	2002	unknown	cattle
DAMRWY01	ST218	cow	2002	unknown	cattle
DAMRWZ01	ST222	cow	2002	unknown	cattle
DAMRXA01	ST219	cow	2002	unknown	cattle
DAMRXB01	BM088	cow	2013	unknown	cattle
DAMRXC01	BM050	goat, milk	2013	unknown	small_ruminant
DAMRXD01	GM1	sheep, milk	2018	unknown	small_ruminant
DAMRXE01	BM057	cow	2013	unknown	cattle
DAMRXF01	BM035	cow	2013	unknown	cattle
DAMRXG01	BM058	cow	2013	unknown	cattle
DAMRXH01	BM060	cow	2013	unknown	cattle
DAMRXI01	BM059	cow	2013	unknown	cattle
DAMRXJ01	BM061	cow	2013	unknown	cattle
DAMRXK01	BM063	cow	2013	unknown	cattle
DAMRXL01	BM064	cow	2013	unknown	cattle
DAMRXM01	BM065	cow	2013	unknown	cattle
DAMRXN01	BM066	cow	2013	unknown	cattle
DAMRXO01	BM067	cow	2013	unknown	cattle
DAMRXP01	BM069	cow	2013	unknown	cattle
DAMRXQ01	BM036	cow	2013	unknown	cattle
DAMRXR01	BM071	cow	2013	unknown	cattle
DAMRXS01	BM072	cow	2013	unknown	cattle
DAMRXT01	BM073	cow	2013	unknown	cattle
DAMRXU01	BM075	cow	2013	unknown	cattle
DAMRXV01	BM129	cow	2013	unknown	cattle
DAMRXW01	BM130	cow	2013	unknown	cattle
DAMRXX01	BM134	cow	2013	unknown	cattle
DAMRXY01	BM136	cow	2013	unknown	cattle
DAMRXZ01	BM128	cow	2013	unknown	cattle
DAMRYA01	BM132	cow	2013	unknown	cattle
DAMRYB01	BM037	cow	2013	unknown	cattle
DAMRYC01	BM087	cow	2013	unknown	cattle
DAMRYD01	BM124	cow	2013	unknown	cattle
DAMRYE01	BM126	cow	2013	unknown	cattle
DAMSQT01	RIVM_M090422	european hedgehog	2020	Netherlands	hedgehog
DAMSQU01	RIVM_M085048	european hedgehog	2019	Netherlands	hedgehog
DAMSQV01	RIVM_M085053	european hedgehog	2019	Netherlands	hedgehog
DAMSRG01	RIVM_M085047	european hedgehog	2019	Netherlands	hedgehog
DAMSRH01	RIVM_M085044	european hedgehog	2019	Netherlands	hedgehog
DAMSRJ01	RIVM_M085040	european hedgehog	2019	Netherlands	hedgehog
DAMSRK01	RIVM_M085041	european hedgehog	2019	Netherlands	hedgehog
DAMSRL01	RIVM_M085042	european hedgehog	2019	Netherlands	hedgehog
DAMSRM01	RIVM_M085039	european hedgehog	2019	Netherlands	hedgehog
DAMUUP01	RIVM_M090368	european hedgehog	2020	Netherlands	hedgehog
DAMUUR01	RIVM_M090367	european hedgehog	2020	Netherlands	hedgehog
DAMUUS01	RIVM_M090366	european hedgehog	2020	Netherlands	hedgehog
DAMUUT01	RIVM_M090364	european hedgehog	2019	Netherlands	hedgehog
DAMUUU01	RIVM_M090365	european hedgehog	2020	Netherlands	hedgehog
DAMUUV01	RIVM_M090363	european hedgehog	2019	Netherlands	hedgehog
DAMUUW01	RIVM_M090362	european hedgehog	2019	Netherlands	hedgehog
DAMUUX01	RIVM_M090360	european hedgehog	2019	Netherlands	hedgehog
DAMUUY01	RIVM_M090361	european hedgehog	2019	Netherlands	hedgehog
DAMUUZ01	RIVM_M090359	european hedgehog	2020	Netherlands	hedgehog
DAMUVA01	RIVM_M090358	european hedgehog	2020	Netherlands	hedgehog
DAMUVB01	RIVM_M090357	european hedgehog	2020	Netherlands	hedgehog
DAMUVC01	RIVM_M090356	european hedgehog	2020	Netherlands	hedgehog
DAMUVD01	RIVM_M090355	european hedgehog	2020	Netherlands	hedgehog
DAMUVE01	RIVM_M090354	european hedgehog	2020	Netherlands	hedgehog
DAMUVF01	RIVM_M090352	european hedgehog	2020	Netherlands	hedgehog
DAMUVG01	RIVM_M090353	european hedgehog	2020	Netherlands	hedgehog
DAMUVH01	RIVM_M090351	european hedgehog	2020	Netherlands	hedgehog
DAMUVI01	RIVM_M090350	european hedgehog	2020	Netherlands	hedgehog
DAMUVJ01	RIVM_M090349	european hedgehog	2020	Netherlands	hedgehog
DAMUVK01	RIVM_M090348	european hedgehog	2020	Netherlands	hedgehog
DAMUVL01	RIVM_M090347	european hedgehog	2020	Netherlands	hedgehog
DAMUVM01	RIVM_M090346	european hedgehog	2020	Netherlands	hedgehog
DAMUVN01	RIVM_M090345	european hedgehog	2020	Netherlands	hedgehog
DAMUVO01	RIVM_M090344	european hedgehog	2020	Netherlands	hedgehog
DAMUVP01	RIVM_M090343	european hedgehog	2020	Netherlands	hedgehog
DAMUVQ01	RIVM_M090342	european hedgehog	2020	Netherlands	hedgehog
DAMUVR01	RIVM_M090341	european hedgehog	2020	Netherlands	hedgehog
DAMUVS01	RIVM_M090340	european hedgehog	2020	Netherlands	hedgehog
DAMUVT01	RIVM_M090339	european hedgehog	2020	Netherlands	hedgehog
DAMUVU01	RIVM_M090338	european hedgehog	2020	Netherlands	hedgehog
DAMUVV01	RIVM_M090337	european hedgehog	2020	Netherlands	hedgehog
DAMUVW01	RIVM_M090336	european hedgehog	2020	Netherlands	hedgehog
DAMUVX01	RIVM_M090335	european hedgehog	2020	Netherlands	hedgehog
DAMUVY01	RIVM_M090334	european hedgehog	2020	Netherlands	hedgehog
DAMUVZ01	RIVM_M090430	european hedgehog	2020	Netherlands	hedgehog
DAMUWA01	RIVM_M090429	european hedgehog	2020	Netherlands	hedgehog
DAMUWB01	RIVM_M090428	european hedgehog	2020	Netherlands	hedgehog
DAMUWC01	RIVM_M090427	european hedgehog	2020	Netherlands	hedgehog
DAMUWD01	RIVM_M090426	european hedgehog	2020	Netherlands	hedgehog
DAMUWE01	RIVM_M090425	european hedgehog	2020	Netherlands	hedgehog
DAMUWF01	RIVM_M090424	european hedgehog	2020	Netherlands	hedgehog
DAMUWG01	RIVM_M090423	european hedgehog	2020	Netherlands	hedgehog
DAMUWH01	RIVM_M085055	european hedgehog	2020	Netherlands	hedgehog
DAMUWI01	RIVM_M085054	european hedgehog	2019	Netherlands	hedgehog
DAMUWJ01	RIVM_M085052	european hedgehog	2019	Netherlands	hedgehog
DAMUWK01	RIVM_M085051	european hedgehog	2019	Netherlands	hedgehog
DAMUWL01	RIVM_M085050	european hedgehog	2019	Netherlands	hedgehog
DAMUWM01	RIVM_M085049	european hedgehog	2019	Netherlands	hedgehog
DAMUWN01	RIVM_M085046	european hedgehog	2019	Netherlands	hedgehog
DAMUWO01	RIVM_M085045	european hedgehog	2019	Netherlands	hedgehog
DAMUWP01	RIVM_M085038	european hedgehog	2019	Netherlands	hedgehog
DAMUWQ01	RIVM_M085043	european hedgehog	2019	Netherlands	hedgehog
DAMUYX01	2008-10-1295	horse	2008	Denmark	equine
DAMUYY01	2008-10-992	pig	2008	Denmark	pig
DAMUYZ01	2008-10-924	pig	2008	Denmark	pig
DAMUZA01	2008-10-1467-1	pig	2008	Denmark	pig
DAMUZB01	2008-10-1243-3	pig	2008	Denmark	pig
DAMUZC01	2008-10-746-1	pig	2008	Denmark	pig
DAMUZD01	2007-10-2969	pig	2007	Denmark	pig
DAMUZE01	2007-10-2471-1	pig	2007	Denmark	pig
DAMUZF01	2007-10-2272-2	pig	2007	Denmark	pig
DAMUZG01	2007-10-2282-2	pig	2007	Denmark	pig
DAMUZH01	2007-10-1374	pig	2007	Denmark	pig
DAMUZI01	2007-10-1336	pig	2007	Denmark	pig
DAMUZJ01	2007-10-2155-1	horse	2007	Denmark	equine
DAMUZK01	2007-10-2147-3	pig	2007	Denmark	pig
DAMUZL01	2007-10-1277	pig	2007	Denmark	pig
DAMUZM01	2007-10-1270	pig	2007	Denmark	pig
DAMUZN01	2007-10-1278	pig	2007	Denmark	pig
DAMUZO01	2006-10-1006-1	pig	2006	Denmark	pig
DAMUZP01	2006-40-995	horse	2006	Denmark	equine
DAMUZQ01	2006-10-584-1	pig	2006	Denmark	pig
DAMUZR01	7610213-1	pig	2004	Denmark	pig
DAMUZS01	2006-10-2960-5	pig	2006	Denmark	pig
DAMUZT01	7612070-1	pig	2004	Denmark	pig
DAMUZU01	7611472-1	sheep	2004	Denmark	small_ruminant
DAMUZV01	7611995-1	pig	2004	Denmark	pig
DAMUZW01	7612628-4	pig	2004	Denmark	pig
DAMUZX01	7613046-1	pig	2004	Denmark	pig
DAMUZY01	9487165-2	chicken	1998	Denmark	poultry
DAMUZZ01	9487165-4	chicken	1998	Denmark	poultry
DAMVAA01	9485767-6	chicken	1998	Denmark	poultry
DAMVAB01	9485434-2	chicken	1998	Denmark	poultry
DAMVAC01	9487165-2	chicken	1998	Denmark	poultry
DAMVAD01	9486972-7	chicken	1998	Denmark	poultry
DAMVAE01	89978-16	chicken	1998	Denmark	poultry
DAMVAF01	9487165-3	chicken	1998	Denmark	poultry
DAMVAG01	9589232-2	chicken	1998	Denmark	poultry
DAMVAH01	9484329-5	chicken	1998	Denmark	poultry
DAMVAI01	9488971-4	chicken	1998	Denmark	poultry
DAMVAJ01	9383355-1	chicken	1998	Denmark	poultry
DAMVAK01	9484538-10	chicken	1998	Denmark	poultry
DAMVAL01	9489978-15	chicken	1998	Denmark	poultry
DAMVAM01	91499-1	chicken	1998	Denmark	poultry
DAMVAN01	9484338-2	chicken	1998	Denmark	poultry
DAMVAO01	9485767-1	chicken	1998	Denmark	poultry
DAMVAP01	9488533-1	chicken	1998	Denmark	poultry
DAMVAQ01	9492055-1	chicken	1998	Denmark	poultry
DAMVAR01	9488971-3	chicken	1998	Denmark	poultry
DAMVAS01	9489978-11	chicken	1998	Denmark	poultry
DAMVAT01	9489978-3	chicken	1998	Denmark	poultry
DAMVAU01	91209-3	chicken	1998	Denmark	poultry
DAMVAV01	9487349-6	chicken	1998	Denmark	poultry
DAMVAW01	9483533-2	chicken	1998	Denmark	poultry
DAMVAX01	9487165-5	chicken	1998	Denmark	poultry
DAMVAY01	9485578-2	chicken	1998	Denmark	poultry
DAMVAZ01	9491598-2	chicken	1998	Denmark	poultry
DAMVBA01	9485638-13	chicken	1998	Denmark	poultry
DAMVBB01	9485578-1	chicken	1998	Denmark	poultry
DAMVBC01	9574058-1	chicken	1998	Denmark	poultry
DAMVBD01	9485767-8	chicken	1998	Denmark	poultry
DAMVBE01	9485767-10	chicken	1998	Denmark	poultry
DAMVBF01	9488971-1	chicken	1998	Denmark	poultry
DAMVBG01	9486972-7	chicken	1998	Denmark	poultry
DAMVBH01	9488971-2	chicken	1998	Denmark	poultry
DAMVBI01	9485971-1	chicken	1998	Denmark	poultry
DAMVBJ01	9485189-2	chicken	1998	Denmark	poultry
DAMVBK01	9489978-6	chicken	1998	Denmark	poultry
DAMVBL01	9486393-2	chicken	1998	Denmark	poultry
DAMVBM01	9485767-1	chicken	1998	Denmark	poultry
DAMVBN01	9487165-3	chicken	1998	Denmark	poultry
DAMVBO01	9485767-9	chicken	1998	Denmark	poultry
DAMVBP01	9476763-7	chicken	1998	Denmark	poultry
DAMVBQ01	9489978-14	chicken	1998	Denmark	poultry
DAMVBR01	9486683-2	chicken	1998	Denmark	poultry
DAMVBS01	9485767-5	chicken	1998	Denmark	poultry
DAMVBT01	9486542-11	chicken	1998	Denmark	poultry
DAMVBU01	9488549-3	chicken	1998	Denmark	poultry
DAMVBV01	9489978-13	chicken	1998	Denmark	poultry
DAMVBW01	9592848-2	wild turkey	1998	Denmark	other
DAMVBX01	9488533-3	chicken	1998	Denmark	poultry
DAMVBY01	9484434-3	chicken	1998	Denmark	poultry
DAMVBZ01	9491499-4	chicken	1998	Denmark	poultry
DAMVCA01	9491918-1	chicken	1998	Denmark	poultry
DAMVCB01	9876585-1	chicken	1998	Denmark	poultry
DAMVCC01	7514607-1	pig	2003	Denmark	pig
DAMVCD01	7411696-1	pig	2002	Denmark	pig
DAMVCE01	7403457-1	horse	2002	Denmark	equine
DAMVCF01	7215320-1	pig	2000	Denmark	pig
DAMVCG01	7214665-1	pig	2000	Denmark	pig
DAMVCH01	7310164-3	pig	2001	Denmark	pig
DAMVCI01	7310169-1	pig	2001	Denmark	pig
DAMVCJ01	7310127-2	pig	2001	Denmark	pig
DAMVCK01	7512986-1	pig	2003	Denmark	pig
DAMVCL01	7205557-1	horse	2000	Denmark	equine
DAMVCM01	7512166-1	pig	2003	Denmark	pig
DAMVCN01	7503489-1	pig	2003	Denmark	pig
DAMVCO01	7413475-1	pig	2002	Denmark	pig
DAMVCP01	7413714-1	pig	2002	Denmark	pig
DAMVCQ01	7414175-1	pig	2002	Denmark	pig
DAMVCS01	7403136-1	horse	2002	Denmark	equine
DAMVCT01	7314010-1	chicken	2001	Denmark	poultry
DAMVCU01	7410089-1	pig	2002	Denmark	pig
DAMVCV01	7210804-1	pig	2000	Denmark	pig
DAMVCW01	7213850-1	pig	2000	Denmark	pig
DAMVCX01	7213279-1	pig	2000	Denmark	pig
DAMVCY01	7213076-1	pig	2000	Denmark	pig
DAMVCZ01	7710894-1	pig	2005	Denmark	pig
DAMVDA01	7710669-2	pig	2005	Denmark	pig
DAMVDB01	7710652-1	pig	2005	Denmark	pig
DAMVDC01	7710821-3	pig	2005	Denmark	pig
DAMVDD01	7710662-1	pig	2005	Denmark	pig
DAMVDE01	7710104-1	pig	2005	Denmark	pig
DAMWTB01	07-03450	pig	2007	Germany	pig
DAMXCM01	12-00973	horse	2012	Germany	equine
DAMXEN01	12-00975	horse	2012	Germany	equine
DANBYA01	E6	monkey	2011	Gambia	primate
DANBZP01	SA29	monkey	2011	Gambia	primate
DANBZR01	SA22	monkey	2011	Gambia	primate
DANBZS01	H7	monkey	2011	Gambia	primate
DANBZT01	H5	monkey	2011	Gambia	primate
DANBZU01	G8	monkey	2011	Gambia	primate
DANBZV01	F12	monkey	2011	Gambia	primate
DANBZW01	F7	monkey	2011	Gambia	primate
DANBZX01	E4	monkey	2011	Gambia	primate
DANBZY01	E1	monkey	2011	Gambia	primate
DANCAJ01	G10	monkey	2011	Gambia	primate
DANCAU01	H9	monkey	2011	Gambia	primate
DANCAY01	H10	monkey	2011	Gambia	primate
DANCBA01	SA27	monkey	2011	Gambia	primate
DANCBI01	E2	monkey	2011	Gambia	primate
DANCCS01	H4	monkey	2011	Gambia	primate
DANCCT01	H2	monkey	2011	Gambia	primate
DANCCU01	G9	monkey	2011	Gambia	primate
DANCCV01	G2	monkey	2011	Gambia	primate
DANCCW01	G11	monkey	2011	Gambia	primate
DANCCX01	E8	monkey	2011	Gambia	primate
DANCCY01	E5	monkey	2011	Gambia	primate
DANCCZ01	E3	monkey	2011	Gambia	primate
DANCDS01	H8	monkey	2011	Gambia	primate
DANCDT01	F5	monkey	2011	Gambia	primate
DANCEC01	G5	monkey	2011	Gambia	primate
DANCED01	F9	monkey	2011	Gambia	primate
DANCEE01	F11	monkey	2011	Gambia	primate
DANCKO01	H6	monkey	2011	Gambia	primate
DANDAY01	103_286551	cow	unknown	Egypt	cattle
DANDQU01	P3309	dog	2016	New Zealand	companion_animal
DANDQV01	34/2016	dog	2016	New Zealand	companion_animal
DANDQW01	21/2016	dog	2016	New Zealand	companion_animal
DANDRG01	K8	dog	2013	New Zealand	companion_animal
DANDRH01	P7511	dog	2016	New Zealand	companion_animal
DANDRK01	K24	dog	2013	New Zealand	companion_animal
DANDRL01	P6646	dog	2016	New Zealand	companion_animal
DANDRM01	L44	cat	2013	New Zealand	companion_animal
DANDRN01	L18	dog	2013	New Zealand	companion_animal
DANDRO01	L34	cat	2013	New Zealand	companion_animal
DANDRS01	66/2016	dog	2016	New Zealand	companion_animal
DANDRY01	L47	dog	2013	New Zealand	companion_animal
DANDSK01	K14	dog	2013	New Zealand	companion_animal
DANDSL01	K10	dog	2013	New Zealand	companion_animal
DANDSM01	K2	cat	2013	New Zealand	companion_animal
DANDSN01	K3	dog	2013	New Zealand	companion_animal
DANEAI01	02CZ010M	pig	2018	Italy	pig
DANEAJ01	05CS013M	pig	2018	Italy	pig
DANEAK01	05CS016M	pig	2018	Italy	pig
DANEAL01	05CS020M	pig	2018	Italy	pig
DANEAO01	07KR002M	pig	2018	Italy	pig
DANEAP01	07KR009M	pig	2018	Italy	pig
DANEAQ01	07KR010M	pig	2018	Italy	pig
DANEAR01	07KR012M	pig	2018	Italy	pig
DANEAS01	07KR013M	pig	2018	Italy	pig
DANEAT01	07KR015M	pig	2018	Italy	pig
DANEAU01	07KR016M	pig	2018	Italy	pig
DANEAV01	03CZ004M	pig	2018	Italy	pig
DANEAW01	07KR018M	pig	2018	Italy	pig
DANEAX01	07KR019M	pig	2018	Italy	pig
DANEAZ01	11RC005M	pig	2018	Italy	pig
DANEBA01	11RC007M	pig	2018	Italy	pig
DANEBD01	18CS004M	pig	2018	Italy	pig
DANEBE01	18CS005M	pig	2018	Italy	pig
DANEBF01	18CS008M	pig	2018	Italy	pig
DANEBG01	18CS007M	pig	2018	Italy	pig
DANEBH01	18CS009M	pig	2018	Italy	pig
DANEBI01	18CS010M	pig	2018	Italy	pig
DANEBK01	19RC013M	pig	2018	Italy	pig
DANEBL01	19RC019M	pig	2018	Italy	pig
DANEBM01	29RC009M	pig	2018	Italy	pig
DANEBN01	05CS001M	pig	2018	Italy	pig
DANEBO01	05CS008M	pig	2018	Italy	pig
DANEBQ01	05CS012M	pig	2018	Italy	pig
DANEBZ01	03CZ007M	pig	2018	Italy	pig
DANECF01	07KR014M	pig	2018	Italy	pig
DANEJI01	ST398	cow	2014	China	cattle
DANEJL01	ST398	cow	2015	China	cattle
DANEJO01	ST398	cow	2014	China	cattle
DANEJQ01	ST398	cow	2014	China	cattle
DANEJS01	ST398	cow	2014	China	cattle
DANEJZ01	ST398	cow	2014	China	cattle
DANEKB01	ST398	cow	2015	China	cattle
DANEKC01	ST398	cow	2015	China	cattle
DANEKD01	ST398	cow	2014	China	cattle
DANEKF01	ST398	cow	2015	China	cattle
DANEKN01	ST398	cow	2014	China	cattle
DANEKR01	ST398	cow	2015	China	cattle
DANEKW01	ST398	cow	2014	China	cattle
DANELP01	297112	cow	2011	Italy	cattle
DANELQ01	314245	cow	2016	Italy	cattle
DANELR01	ST398	cow	2014	China	cattle
DANELT01	318533	cow	2016	Italy	cattle
DANELU01	182828	cow	2012	Italy	cattle
DANELV01	279710	cow	2016	Italy	cattle
DANELW01	283958	cow	2011	Italy	cattle
DANELX01	182828	cow	2012	Italy	cattle
DANELY01	194588	cow	2016	Italy	cattle
DANELZ01	173445	cow	2016	Italy	cattle
DANEMA01	173445	cow	2016	Italy	cattle
DANEMB01	173445	cow	2016	Italy	cattle
DANEMC01	173445	cow	2016	Italy	cattle
DANEMD01	332644	cow	2016	Italy	cattle
DANEME01	17560	cow	2012	Italy	cattle
DANEMF01	3432	cow	2011	Italy	cattle
DANEMG01	332644	cow	2016	Italy	cattle
DANEMH01	101708	cow	2012	Italy	cattle
DANEMI01	57732	cow	2016	Italy	cattle
DANEMJ01	306505	cow	2011	Italy	cattle
DANEMK01	139606	cow	2012	Italy	cattle
DANEML01	69929	cow	2016	Italy	cattle
DANEMM01	108758	cow	2016	Italy	cattle
DANEMN01	199100	cow	2012	Italy	cattle
DANEMO01	43895	cow	2012	Italy	cattle
DANEMP01	30456	cow	2012	Italy	cattle
DANEMQ01	178233	cow	2012	Italy	cattle
DANEMR01	314657	cow	2016	Italy	cattle
DANEMS01	39046	cow	2017	Italy	cattle
DANEMT01	100600	cow	2012	Italy	cattle
DANEMU01	286060	cow	2016	Italy	cattle
DANEMV01	286060	cow	2016	Italy	cattle
DANEMW01	121251	cow	2016	Italy	cattle
DANEMX01	288007	cow	2016	Italy	cattle
DANEMY01	193921	cow	2012	Italy	cattle
DANEMZ01	35456	cow	2012	Italy	cattle
DANENA01	181234	cow	2012	Italy	cattle
DANENB01	295130	cow	2016	Italy	cattle
DANENC01	133783	cow	2012	Italy	cattle
DANEND01	35456	cow	2012	Italy	cattle
DANENE01	3441	cow	2011	Italy	cattle
DANENF01	131150	cow	2016	Italy	cattle
DANENG01	348773	cow	2016	Italy	cattle
DANENH01	348773	cow	2016	Italy	cattle
DANENI01	348773	cow	2016	Italy	cattle
DANENJ01	77714	cow	2016	Italy	cattle
DANENK01	187173	cow	2012	Italy	cattle
DANENL01	314647	cow	2016	Italy	cattle
DANENM01	314647	cow	2016	Italy	cattle
DANENN01	17586	cow	2016	Italy	cattle
DANENO01	77711	cow	2016	Italy	cattle
DANENP01	170649	cow	2012	Italy	cattle
DANENQ01	170649	cow	2012	Italy	cattle
DANENR01	137484	cow	2016	Italy	cattle
DANENS01	175994	cow	2012	Italy	cattle
DANENT01	175994	cow	2012	Italy	cattle
DANENU01	295138	cow	2016	Italy	cattle
DANENV01	63845	cow	2016	Italy	cattle
DANENW01	162912	cow	2012	Italy	cattle
DANENY01	57941	cow	2016	Italy	cattle
DANGKA01	MRSA-14	horse	2017	France	equine
DANGKB01	MSSA-9	cat	2019	France	companion_animal
DANGKC01	MSSA-18	cat	2018	France	companion_animal
DANGKD01	MSSA-10	dog	2019	France	companion_animal
DANGKE01	MSSA-15	dog	2017	France	companion_animal
DANGKF01	MSSA-37	cow	2019	France	cattle
DANGLX01	160-6-9	european rabbit	2009	Hungary	rabbit
DANGMO01	MRSA-1	goat	2017	France	small_ruminant
DANGMP01	MRSA-6	dog	2017	France	companion_animal
DANGMQ01	MRSA-7	dog	2018	France	companion_animal
DANGMR01	MRSA-8	dog	2019	France	companion_animal
DANGMS01	MRSA-9	dog	2019	France	companion_animal
DANGMT01	MRSA-10	horse	2018	France	equine
DANGMU01	MRSA-2	cow	2017	France	cattle
DANGMV01	MRSA-12	horse	2019	France	equine
DANGMW01	MRSA-13	horse	2019	France	equine
DANGMX01	MRSA-14B	horse	2017	France	equine
DANGMY01	MRSA-28	dog	2018	France	companion_animal
DANGMZ01	MRSA-29	horse	2019	France	equine
DANGNA01	MRSA-3	cow	2018	France	cattle
DANGNB01	MRSA-30	horse	2019	France	equine
DANGNC01	567-8-11	european rabbit	2011	Hungary	rabbit
DANGND01	203-2-10	european rabbit	2010	Hungary	rabbit
DANGNE01	203-3-10	european rabbit	2010	Hungary	rabbit
DANGNF01	787-5-11	european rabbit	2011	Hungary	rabbit
DANGNG01	787-4-11	european rabbit	2011	Hungary	rabbit
DANGNH01	655-7-11	european rabbit	2011	Hungary	rabbit
DANGNI01	726-1-12	european rabbit	2012	Hungary	rabbit
DANGNJ01	078-13-12	european rabbit	2012	Hungary	rabbit
DANGNK01	686-7-13	european rabbit	2013	Hungary	rabbit
DANGNL01	394-2-12	european rabbit	2012	Hungary	rabbit
DANGNM01	360-1-13	european rabbit	2013	Hungary	rabbit
DANGNN01	722-7-11	european rabbit	2011	Hungary	rabbit
DANGNO01	732-1-11	european rabbit	2011	Hungary	rabbit
DANGNP01	751-2-13	european rabbit	2013	Hungary	rabbit
DANGNQ01	235-2-13	european rabbit	2013	Hungary	rabbit
DANGNX01	MSSA-1	horse	2014	France	equine
DANGNY01	MRSA-33	cow	2017	France	cattle
DANGNZ01	MSSA-3	cat	2015	France	companion_animal
DANGOA01	MSSA-4	cat	2016	France	companion_animal
DANGOB01	MSSA-5	cat	2016	France	companion_animal
DANGOC01	MSSA-7	dog	2017	France	companion_animal
DANGOD01	MSSA-8	cat	2019	France	companion_animal
DANGOE01	MSSA-11	cat	2019	France	companion_animal
DANGOF01	MSSA-13	goat	2018	France	small_ruminant
DANGOG01	MSSA-12	cat	2019	France	companion_animal
DANGOI01	MSSA-16	dog	2017	France	companion_animal
DANGOJ01	MSSA-22	cow	2018	France	cattle
DANGOK01	MSSA-21	rat	2018	France	rodent
DANGOL01	MRSA-4	cow	2018	France	cattle
DANGOM01	MSSA-24	dog	2018	France	companion_animal
DANGON01	MSSA-25	cat	2018	France	companion_animal
DANGOO01	MSSA-26	dog	2018	France	companion_animal
DANGOP01	MRSA-5	dog	2017	France	companion_animal
DANGOQ01	MSSA-27	horse	2018	France	equine
DANGOR01	MSSA-34	cat	2017	France	companion_animal
DANGOS01	MSSA-36	cow	2019	France	cattle
DANGOT01	MSSA-38	dog	2019	France	companion_animal
DANGOU01	MSSA-40	cat	2019	France	companion_animal
DANGOV01	120-1-9	european rabbit	2009	Hungary	rabbit
DANGOW01	218-2-9	european rabbit	2009	Hungary	rabbit
DANGPC01	MSSA-20	dog	2018	France	companion_animal
DANGPD01	MRSA-11	horse	2018	France	equine
DANGPE01	046-9-9	european rabbit	2009	Hungary	rabbit
DANGPF01	326-5-14	european rabbit	2014	Slovakia	rabbit
DANGPG01	131-1-10	european rabbit	2010	Hungary	rabbit
DANGPH01	739-4-12	european rabbit	2012	Hungary	rabbit
DANGPI01	418-4-9	european rabbit	2009	Hungary	rabbit
DANGPJ01	226-7-13	european rabbit	2013	Hungary	rabbit
DANGPK01	183-4-9	european rabbit	2009	Hungary	rabbit
DANGPL01	226-6-13	european rabbit	2013	Hungary	rabbit
DANGPM01	655-8-11	european rabbit	2011	Hungary	rabbit
DANGPN01	231-5-14	european rabbit	2013	Hungary	rabbit
DANGPO01	709-7-13	european rabbit	2013	Hungary	rabbit
DANGPP01	231-4-14	european rabbit	2013	Hungary	rabbit
DANGPQ01	226-4-13	european rabbit	2013	Hungary	rabbit
DANGPR01	226-3-13	european rabbit	2013	Hungary	rabbit
DANGPS01	699-8-12	european rabbit	2012	Hungary	rabbit
DANGPT01	630-6-12	european rabbit	2012	Hungary	rabbit
DANGPU01	655-6-11	european rabbit	2011	Hungary	rabbit
DANGPV01	655-4-11	european rabbit	2011	Hungary	rabbit
DANGPW01	773-1-10	european rabbit	2010	Hungary	rabbit
DANGPX01	078-11-12	european rabbit	2012	Hungary	rabbit
DANGPY01	026-1-13	european rabbit	2013	Hungary	rabbit
DANGPZ01	045-2-12	european rabbit	2012	Hungary	rabbit
DANGQA01	787-10-11	european rabbit	2011	Hungary	rabbit
DANGQB01	040-8-12	european rabbit	2012	Hungary	rabbit
DANGQC01	683-7-11	european rabbit	2011	Hungary	rabbit
DANGQD01	160-17-9	european rabbit	2009	Hungary	rabbit
DANGQE01	235-1-13	european rabbit	2013	Hungary	rabbit
DANGQH01	MSSA-39	cat	2019	France	companion_animal
DANGQI01	306-5-9	european rabbit	2009	Hungary	rabbit
DANGRZ01	17Msa0460	pig	2017	Switzerland	pig
DANGSA01	17Msa1042	pig	2017	Switzerland	pig
DANGSC01	17Msa1053	pig	2017	Switzerland	pig
DANGTB01	17Msa0215	pig	2017	Switzerland	pig
DANGTC01	17Msa0110	pig	2017	Switzerland	pig
DANGTE01	17Msa0259	pig	2017	Switzerland	pig
DANGTF01	17Msa0134	pig	2017	Switzerland	pig
DANGTG01	17Msa0764	pig	2017	Switzerland	pig
DANGTH01	17Msa0826	pig	2017	Switzerland	pig
DANGTI01	17Msa0990	pig	2017	Switzerland	pig
DANGTN01	17Msa1021	pig	2017	Switzerland	pig
DANGWE01	17KM0743	horse	2017	Switzerland	equine
DANGWJ01	17KM2889	horse	2017	Switzerland	equine
DANGWK01	17KM0012	horse	2017	Switzerland	equine
DANGWM01	17Msa1148	pig	2017	Switzerland	pig
DANHEE01	SA7	pig	2014	Slovenia	pig
DANHFQ01	SA3	pig	2014	Slovenia	pig
DANHFR01	SA21	sheep	2015	Slovenia	small_ruminant
DANHFS01	SA12	pig	2015	Slovenia	pig
DANHFW01	SA6	pig	2014	Slovenia	pig
DANHGN01	SA2	pig	2014	Slovenia	pig
DANHGQ01	SA13	pig	2015	Slovenia	pig
DANHGR01	SA14	pig	2015	Slovenia	pig
DANHGS01	SA17	pig	2015	Slovenia	pig
DANHGW01	SA19	pig	2015	Slovenia	pig
DANHGX01	SA15	pig	2015	Slovenia	pig
DANHGZ01	SA4	pig	2014	Slovenia	pig
DANHHF01	SA33	pig	2016	Slovenia	pig
DANHHI01	SA5	pig	2014	Slovenia	pig
DANHHT01	SA8	cat	2014	Slovenia	companion_animal
DANHIB01	SA18	pig	2015	Slovenia	pig
DANHIC01	SA20	pig	2015	Slovenia	pig
DANHII01	SA16	pig	2015	Slovenia	pig
DANIAM01	SAU-F3	pig	2015	Norway	pig
DANIAN01	SAU-F6	pig	2015	Norway	pig
DANIAP01	SAU-F2	pig	2015	Norway	pig
DANIBF01	SAU-F5_1	pig	2015	Norway	pig
DANIBU01	MSA-03285-1	pig	2016	Belgium	pig
DANIBV01	MSA-101	pig	2016	Belgium	pig
DANIBW01	MSA-158	pig	2016	Belgium	pig
DANIBX01	MSA-72	pig	2016	Belgium	pig
DANIBY01	MSA-69	pig	2016	Belgium	pig
DANIBZ01	MSA-55	pig	2016	Belgium	pig
DANICA01	MSA-05162-1	pig	2016	Belgium	pig
DANICB01	MSA-51	pig	2016	Belgium	pig
DANICC01	SAU-F1	pig	2015	Norway	pig
DANICN01	MSA-10610-1	pig	2016	Belgium	pig
DANICP01	MSA-10609-1	pig	2016	Belgium	pig
DANICQ01	MSA-10013-1	pig	2016	Belgium	pig
DANICR01	MSA-09964-1	pig	2016	Belgium	pig
DANICS01	MSA-09852-1	pig	2016	Belgium	pig
DANICT01	MSA-08897-1	pig	2016	Belgium	pig
DANICU01	MSA-08809-1	pig	2016	Belgium	pig
DANICV01	MSA-08730-1	pig	2016	Belgium	pig
DANICW01	MSA-08318-1	pig	2016	Belgium	pig
DANICX01	MSA-05985-1	pig	2016	Belgium	pig
DANICY01	MSA-05063-1	pig	2016	Belgium	pig
DANICZ01	MSA-06240-1	pig	2016	Belgium	pig
DANIDA01	MSA-06811-1	pig	2016	Belgium	pig
DANIDB01	MSA-05940-1	pig	2016	Belgium	pig
DANIDC01	MSA-06599-1	pig	2016	Belgium	pig
DANIDE01	MSA-05058-1	pig	2016	Belgium	pig
DANIDJ01	MSA-05155-1	pig	2016	Belgium	pig
DANIDW01	MSA-05464-1	pig	2016	Belgium	pig
DANIEA01	SAU-F5_3_sheep	sheep	2015	Norway	small_ruminant
DANIEB01	SAU-F8	pig	2015	Norway	pig
DANIEF01	SAU-S1	pig	2015	Norway	pig
DANIEL01	MSA-04047-1	pig	2016	Belgium	pig
DANIEP01	MSA-197	pig	2016	Belgium	pig
DANIEQ01	MSA-187	pig	2016	Belgium	pig
DANIER01	MSA-10731-1	pig	2016	Belgium	pig
DANIES01	MSA-09275-1	pig	2016	Belgium	pig
DANIET01	MSA-09259-1	pig	2016	Belgium	pig
DANIEU01	MSA-06456-1	pig	2016	Belgium	pig
DANIEV01	MSA-06231-1	pig	2016	Belgium	pig
DANIEW01	MSA-05984-1	pig	2016	Belgium	pig
DANIEX01	MSA-04713-1	pig	2016	Belgium	pig
DANIEY01	MSA-05301-1	pig	2016	Belgium	pig
DANIEZ01	MSA-05066-1	pig	2016	Belgium	pig
DANIFG01	SAU-F4	pig	2015	Norway	pig
DANIFH01	SAU-F7	pig	2015	Norway	pig
DANIKE01	MSA-06023-1	pig	2016	Belgium	pig
DANIKF01	MSA-05930-1	pig	2016	Belgium	pig
DANIMQ01	ZTA13/01576ST	pig	2013	Spain	pig
DANIMR01	ZTA13/01051ST	pig	2013	Spain	pig
DANIMS01	ZTA13/01085ST	pig	2013	Spain	pig
DANIMT01	ZTA13/00631ST	pig	2013	Spain	pig
DANIMU01	ZTA13/00408ST	pig	2013	Spain	pig
DANIMW01	ZTA12/02838HSTA_REP	fallow deer	2012	Spain	cervid
DANIMX01	ZTA11/00803ST	cow	2011	Spain	cattle
DANIMY01	ZTA09/03698-9HST_REP	wild boar	2009	Spain	wild_boar
DANIMZ01	ZTA09/03187SA	pig	2009	Spain	pig
DANINA01	ZTA09/03053ST	pig	2009	Spain	pig
DANINB01	ZTA09/01552ST	pig	2009	Spain	pig
DANINC01	ZTA09/02009SA	pig	2009	Spain	pig
DANIND01	ZTA09/00778ST	pig	2009	Spain	pig
DANINE01	ZTA09/00743ST	pig	2009	Spain	pig
DANINF01	DICM09/00997-9HST2	mountain goat	2009	Spain	other
DANIOM01	DICM09/01601-9HSA	mountain goat	2009	Spain	other
DANION01	ZTA13/01420ST	pig	2013	Spain	pig
DANIPB01	ZTA11/03128-3ST	turkey vulture	2011	Spain	other
DANIPD01	ZTA10/02412-8HSA	wild boar	2010	Spain	wild_boar
DANIPE01	ZTA09/03055ST	pig	2009	Spain	pig
DANIQP01	ZTA13/01055ST	pig	2013	Spain	pig
DANIQR01	ZTA13/00501ST	pig	2013	Spain	pig
DANIQS01	ZTA11/02720ST	cow	2011	Spain	cattle
DANIQT01	ZTA09/02191ST	pig	2009	Spain	pig
DANIQU01	ZTA09/00747ST	pig	2009	Spain	pig
DANJEX01	st97_sp2017	cow	2017	Rwanda	cattle
DANJEY01	st97i_kp2016	cow	2016	Rwanda	cattle
DANJEZ01	st101mt_np2017	cow	2017	Rwanda	cattle
DANJFA01	st1633_wp2017	cow	2017	Rwanda	cattle
DANJFB01	st1ii_sp2017	cow	2017	Rwanda	cattle
DANJFC01	st5_sp2017	cow	2017	Rwanda	cattle
DANJFD01	st5477i_wp2017	cow	2017	Rwanda	cattle
DANJFE01	st152_wp2017	cow	2017	Rwanda	cattle
DANJFF01	st152ii_np2017	cow	2017	Rwanda	cattle
DANJFG01	st20mtii_ep2017	cow	2017	Rwanda	cattle
DANJFH01	st5477ii_wp2017	cow	2017	Rwanda	cattle
DANJFI01	st2430_np2017	cow	2017	Rwanda	cattle
DANJFJ01	st97ii_kp2016	cow	2016	Rwanda	cattle
DANJFK01	st152i_np2017	cow	2017	Rwanda	cattle
DANJFL01	CIX2/973N0091	chicken	1976	Belgium	poultry
DANJFM01	st152i_ep2017	cow	2017	Rwanda	cattle
DANJFN01	B306385/973N0056	chicken	1998	United Kingdom	poultry
DANJFR01	st20mti_ep2017	cow	2017	Rwanda	cattle
DANJFT01	st5477_kp2016	cow	2016	Rwanda	cattle
DANJGD01	st5477_np2017	cow	2017	Rwanda	cattle
DANJGE01	st1633_ep2017	cow	2017	Rwanda	cattle
DANJGF01	st1i_sp2017	cow	2017	Rwanda	cattle
DANJGI01	st152ii_ep2017	cow	2017	Rwanda	cattle
DANJGJ01	st152_kp2016	cow	2016	Rwanda	cattle
DANJGK01	st5477_sp2017	cow	2017	Rwanda	cattle
DANJGL01	st97_wp2017	cow	2017	Rwanda	cattle
DANSFJ01	No/3	cow	2011	Norway	cattle
DANSFL01	O4	cow	2013	Austria	cattle
DANSFM01	O22	cow	2013	Austria	cattle
DANSFN01	O28	cow	2013	Austria	cattle
DANSFO01	O29	cow	2013	Austria	cattle
DANSFP01	O30	cow	2013	Austria	cattle
DANSFQ01	O100	cow	2013	Austria	cattle
DANSFR01	O105	cow	2013	Austria	cattle
DANSFS01	M1172	cow	2004	Switzerland	cattle
DANSFT01	M5175	cow	2004	Switzerland	cattle
DANSFU01	M2085	cow	2004	Switzerland	cattle
DANSFV01	G19	cow	2004	Switzerland	cattle
DANSFW01	G30	cow	2004	Switzerland	cattle
DANSFX01	Je	cow	2012	Italy	cattle
DANSFY01	Jo	cow	2012	Italy	cattle
DANSFZ01	Jr	cow	2012	Italy	cattle
DANSGA01	G34	cow	2004	Switzerland	cattle
DANSGB01	G55	cow	2004	Switzerland	cattle
DANSGC01	G57	cow	2004	Switzerland	cattle
DANSGD01	It2	cow	2016	Italy	cattle
DANSGE01	It6	cow	2012	Italy	cattle
DANSGF01	It5	cow	2012	Italy	cattle
DANSGG01	It11	cow	2014	Italy	cattle
DANSGH01	Am	cow	2012	Austria	cattle
DANSGI01	Bd	cow	2012	Belgium	cattle
DANSGJ01	Dl1	cow	2012	Germany	cattle
DANSGK01	Ff2	cow	2011	France	cattle
DANSGL01	Fh1	cow	2011	France	cattle
DANSGM01	Fl3	cow	2011	France	cattle
DANSGN01	Fj4	cow	2011	France	cattle
DANSGO01	Fm4	cow	2011	France	cattle
DANSGP01	G7	cow	2004	Switzerland	cattle
DANSGQ01	G5	cow	2004	Switzerland	cattle
DANSGR01	G15	cow	2004	Switzerland	cattle
DANSGS01	Bh	cow	2012	Belgium	cattle
DANSGT01	Bj	cow	2012	Belgium	cattle
DANSGU01	Bk	cow	2012	Belgium	cattle
DANSGV01	C172	cow	2016	Switzerland	cattle
DANSGW01	C322	cow	2017	Switzerland	cattle
DANSGX01	C431	cow	2017	Switzerland	cattle
DANSGY01	C446	cow	2017	Switzerland	cattle
DANSGZ01	C459	cow	2017	Switzerland	cattle
DANUJP01	Sample_1557A_20	dog	2018	USA	companion_animal
DANUJQ01	Sample_962A_20	dog	2020	USA	companion_animal
DANUJR01	Sample_7791A_19	dog	2019	USA	companion_animal
DANUJS01	Sample_9530C_19	cat	2019	USA	companion_animal
DANUJT01	Sample_6865H_19	dog	2019	USA	companion_animal
DANUJU01	Sample_193A_20	dog	2018	USA	companion_animal
DANUJV01	Sample_1985_2B_20	dog	2018	USA	companion_animal
DANUJW01	Sample_10299A_19	cat	2019	USA	companion_animal
DANUJX01	Sample_377A_20	dog	2019	USA	companion_animal
DANUJY01	Sample_4121_E_19	cat	2020	USA	companion_animal
DANUJZ01	Sample_5687_2A_19	cow	2018	USA	cattle
DANUKA01	Sample_5191_4A_19	cow	2018	USA	cattle
DANUKB01	Sample_6126a_19	cow	2018	USA	cattle
DANUKC01	Sample_1285C_20	dog	2017	USA	companion_animal
DANUKE01	Sample_8581A_19	cat	2019	USA	companion_animal
DANUKF01	Sample_8518A_19	cat	2019	USA	companion_animal
DANUKG01	Sample_9218_4D_19	red deer	2019	USA	cervid
DANUKH01	Sample_8711A_19	dog	2019	USA	companion_animal
DANUKJ01	Sample_10102A_19	dog	2017	USA	companion_animal
DANUKK01	Sample_7415_2A_19	cow	2019	USA	cattle
DANUKM01	Sample_7336_5a_19	cow	2018	USA	cattle
DANUKN01	Sample_1991A_20	cat	2020	USA	companion_animal
DANUKO01	Sample_3684_A_19	goat, milk	2019	USA	small_ruminant
DANUKP01	Sample_9529A_19	cat	2019	USA	companion_animal
DANUKQ01	Sample_4273A_19	rabbit	2019	USA	rabbit
DANUKR01	Sample_5439_A_19	cat	2018	USA	companion_animal
DANUKS01	Sample_4967_B_19	cow	2018	USA	cattle
DANUKT01	Sample_6020b_19	cat	2018	USA	companion_animal
DANUKU01	Sample_10095A_19	dog	2017	USA	companion_animal
DAOCBB01	148	common genet	2021	Spain	other
DAOCBC01	347	iberian ibex	2021	Spain	other
DAOCBD01	337	european muflon	2021	Spain	other
DAOCBE01	341	common genet	2021	Spain	other
DAOCBF01	350	iberian ibex	2021	Spain	other
DAOCBH01	360	magpie	2021	Spain	other
DAOCBJ01	2186	dog	2021	Spain	companion_animal
DAOCBL01	2218	pig	2021	Spain	pig
DAOCBM01	2226	european hedgehog	2021	Spain	hedgehog
DAOCBO01	2310	common genet	2021	Spain	other
DAOCBP01	2332	european hedgehog	2021	Spain	hedgehog
DAOCBQ01	160	iberian ibex	2021	Spain	other
DAOCBR01	171	european hedgehog	2021	Spain	hedgehog
DAOCBS01	178	bat	2021	Spain	bat
DAOCBT01	200	pig	2021	Spain	pig
DAOCBU01	47	bat	2021	Spain	bat
DAOCBV01	188	iberian ibex	2021	Spain	other
DAOCBW01	210	pig	2021	Spain	pig
DAOCBX01	211	pig	2021	Spain	pig
DAOCBY01	213	pig	2021	Spain	pig
DAOCBZ01	236	pig	2021	Spain	pig
DAOCCA01	217	red deer	2021	Spain	cervid
DAOCCB01	83	common genet	2021	Spain	other
DAOCCC01	256	european hedgehog	2021	Spain	hedgehog
DAOCCD01	253	european hedgehog	2021	Spain	hedgehog
DAOCCE01	272	dog	2021	Spain	companion_animal
DAOCCF01	88	common genet	2021	Spain	other
DAOCCG01	314	pig	2021	Spain	pig
DAOCCH01	325	red squirrel	2021	Spain	squirrel
DAOCCU01	26	european hedgehog	2021	Spain	hedgehog
DAOCCV01	345	common genet	2021	Spain	other
DAOCCW01	36	european hedgehog	2021	Spain	hedgehog
DAOCCX01	370	beech marten	2021	Spain	other
DAOCCY01	349	common genet	2021	Spain	other
DAOCCZ01	2109	pig	2021	Spain	pig
DAOCDA01	2327	european hedgehog	2021	Spain	hedgehog
DAOCDB01	204	pig	2021	Spain	pig
DAOCDC01	183	european hedgehog	2021	Spain	hedgehog
DAOCDD01	239	european hedgehog	2021	Spain	hedgehog
DAOCDE01	291	pig	2021	Spain	pig
DAOCDF01	336	european muflon	2021	Spain	other
DAOCEH01	104	european hedgehog	2021	Spain	hedgehog
DAOCEI01	2187	common genet	2021	Spain	other
DAOCEJ01	2340	ferret	2021	Spain	other
DAOCEK01	209	red deer	2021	Spain	cervid
DAOCEL01	261	european hedgehog	2021	Spain	hedgehog
DAOCEM01	290	pig	2021	Spain	pig
DAOCEN01	139	iberian ibex	2021	Spain	other
DAOCFI01	2165	red deer	2021	Spain	cervid
DAOCFK01	103	european hedgehog	2021	Spain	hedgehog
DAOCFL01	354	iberian ibex	2021	Spain	other
DAOCFO01	123	european hedgehog	2021	Spain	hedgehog
DAOCFP01	174	european hedgehog	2021	Spain	hedgehog
DAOCFQ01	215	pig	2021	Spain	pig
DAOCFR01	263	pig	2021	Spain	pig
DAOCGE01	252	common genet	2021	Spain	other
DAOCGF01	134	iberian ibex	2021	Spain	other
DAOCGG01	149	common genet	2021	Spain	other
DAOCGH01	172	bat	2021	Spain	bat
DAOCGI01	266	pig	2021	Spain	pig
DAOCGJ01	374	magpie	2021	Spain	other
DAOGPL01	286	fox	2021	Spain	other
DAOGQL01	Sample_7536_3B_19	cow	2019	USA	cattle
DAOGQS01	It8	cow	2012	Italy	cattle
DAOGQT01	Ff6	cow	2011	France	cattle
DAOHSF01	DKFZ_2005_016_03	rat	2005	Germany	rodent
DAOKKL01	S-6	shrimp	unknown	unknown	other
DAOWPG01	01CZ001M	pig	2018	Italy	pig
DAOWPH01	01CZ009M	pig	2018	Italy	pig
DAOWPI01	01CZ005M	pig	2018	Italy	pig
DAOWPJ01	ST1	dog	2018	Australia	companion_animal
DAOWPK01	01CZ011M	pig	2018	Italy	pig
DAOWPL01	ST72	dog	2016	Australia	companion_animal
DAOWPM01	ST93	dog	2016	Australia	companion_animal
DAOWPN01	ST93	dog	2016	Australia	companion_animal
DAOWPO01	ST1	dog	2016	Australia	companion_animal
DAOWPS01	A14	pig	2017	Thailand	pig
DAOWPT01	A18	pig	2017	Thailand	pig
DAPAFS01	MRSA	cow	2012	Sweden	cattle
DAPAFT01	MRSA	cow	2012	Sweden	cattle
DAPAFU01	MRSA	cow	2012	Sweden	cattle
DAPAFV01	MRSA	cow	2012	Sweden	cattle
DAPAFW01	MRSA	cow	2012	Sweden	cattle
DAPAFX01	MRSA	cow	2012	Sweden	cattle
DAPAFY01	MRSA	cow	2012	Sweden	cattle
DAPAFZ01	MRSA	cow	2012	Sweden	cattle
DAPAGA01	MRSA	cow	2012	Sweden	cattle
DAPAGB01	MRSA	cow	2012	Sweden	cattle
DAPAIT01	1222326_26	cow	2018	Switzerland	cattle
DAPAIU01	1222326_25	cow	2018	Switzerland	cattle
DAPAIV01	1222326_27	cow	2018	Switzerland	cattle
DAPAIW01	1222326_28	cow	2018	Switzerland	cattle
DAPAIX01	1222326_29	cow	2018	Switzerland	cattle
DAPAIY01	1226676_12	cow	2017	Switzerland	cattle
DAPAIZ01	1226676_13	cow	2017	Switzerland	cattle
DAPAJA01	1226676_14	cow	2017	Switzerland	cattle
DAPAPY01	Stap-469	horse	2020	Japan	equine
DAPAPZ01	Stap-468	horse	2020	Japan	equine
DAPAQA01	Stap-450	horse	2020	Japan	equine
DAPAQB01	stap550	horse	2022	Japan	equine
DAPAQC01	Stap-430	horse	2020	Japan	equine
DAPAQD01	Stap-416	horse	2020	Japan	equine
DAPAQE01	Stap-398	horse	2020	Japan	equine
DAPARW01	17M1-19	cow	2015	Denmark	cattle
DAPARY01	G15-17	cow	2015	Denmark	cattle
DAPARZ01	19M1-20	cow	2015	Denmark	cattle
DAPASA01	12M1-18	cow	2015	Denmark	cattle
DAPASH01	22827	cow	2009	Italy	cattle
DAPASP01	18439-61	pig	2011	Italy	pig
DAPASQ01	18439-49	pig	2011	Italy	pig
DAPASR01	12782-4	pig	2008	Italy	pig
DAPASW01	VB971510	dog	2014	Germany	companion_animal
DAPASX01	VB989315	cat	2014	Germany	companion_animal
DAPASY01	VB993969	cat	2014	Germany	companion_animal
DAPASZ01	VB971922.1	horse	2014	Germany	equine
DAPATA01	VB963607.2	cat	2014	Germany	companion_animal
DAPATB01	VB973587.1	cat	2014	Germany	companion_animal
DAPATC01	VB972803.2	cat	2014	Italy	companion_animal
DAPATD01	VB981317	cat	2014	Germany	companion_animal
DAPATE01	VB960116	cat	2014	Germany	companion_animal
DAPATF01	VB987750	cat	2014	Germany	companion_animal
DAPATG01	VB986304	cat	2014	Switzerland	companion_animal
DAPATH01	VB978601	cat	2014	Germany	companion_animal
DAPATI01	VB985303	cat	2014	Germany	companion_animal
DAPATJ01	VB902052	cat	2014	Germany	companion_animal
DAPATK01	VB968721.3	cat	2014	Sweden	companion_animal
DAPATL01	VB949481.1	hedgehog	2014	Germany	hedgehog
DAPATM01	VB972539	cat	2014	Germany	companion_animal
DAPATN01	VB945444	sheep	2014	Germany	small_ruminant
DAPATO01	PF169945.2	cat	2014	France	companion_animal
DAPATP01	VB911819.2	hedgehog	2014	Germany	hedgehog
DAPATQ01	VB950088.2	cat	2014	Germany	companion_animal
DAPATR01	VB957945	dog	2014	Germany	companion_animal
DAPATS01	BF136317	cat	2014	France	companion_animal
DAPATT01	VB992333	cat	2014	Poland	companion_animal
DAPATU01	VB966063.1	cat	2014	Germany	companion_animal
DAPATV01	VB966538	cat	2014	Germany	companion_animal
DAPATW01	VB999839.3	cat	2014	Germany	companion_animal
DAPAUB01	VB998882.1	cat	2014	Germany	companion_animal
DAPAUG01	VB962079.2	cat	2014	Netherlands	companion_animal
DAPAUH01	VB994753.1	cat	2014	Germany	companion_animal
DAPAUI01	VB962798.2	dog	2014	Germany	companion_animal
DAPAUJ01	VB982561.3	dog	2014	Germany	companion_animal
DAPAUM01	VB962790	rabbit	2014	Germany	rabbit
DAPICZ01	22CS0206	cow	2022	Germany	cattle
DAPIDC01	22CS0205	cow	2022	Germany	cattle
DAPIDE01	22CS0204	cow	2022	Germany	cattle
DAPIDF01	22CS0203	cow	2022	Germany	cattle
DAPIDG01	22CS0128	cow	2022	Germany	cattle
DAPIDH01	22CS0019	cow	2022	Germany	cattle
DAPIDI01	21CS0672	cow	2021	Germany	cattle
DAPIDJ01	21CS0670	cow	2021	Germany	cattle
DAPIDK01	21CS0673	cow	2021	Germany	cattle
DAPIDL01	21CS0668	cow	2021	Germany	cattle
DAPIDM01	21CS0666	cow	2021	Germany	cattle
DAPIDN01	21CS0664	cow	2021	Germany	cattle
DAPIDO01	21CS0665	cow	2021	Germany	cattle
DAPIDP01	21CS0662	cow	2021	Germany	cattle
DAPIDQ01	21CS0661	cow	2021	Germany	cattle
DAPIDR01	21CS0192	cow	2021	Germany	cattle
DAPIDS01	21CS0191	cow	2021	Germany	cattle
DAPIDT01	21CS0190	cow	2021	Germany	cattle
DAPIDU01	21CS0188	cow	2021	Germany	cattle
DAPIDV01	21CS0189	cow	2021	Germany	cattle
DAPIDW01	21CS0137	cow	2021	Germany	cattle
DAPIDX01	21CS0134	cow	2021	Germany	cattle
DAPIDY01	21CS0135	cow	2021	Germany	cattle
DAPIDZ01	21CS0133	cow	2021	Germany	cattle
DAPIEA01	21CS0136	cow	2021	Germany	cattle
DAPIEB01	21CS0132	cow	2021	Germany	cattle
DAPIEC01	21CS0033	cow	2021	Germany	cattle
DAPIED01	21CS0131	cow	2021	Germany	cattle
DAPIEE01	21CS0031	cow	2021	Germany	cattle
DAPIEF01	21CS0029	cow	2021	Germany	cattle
DAPIEG01	20CS0426	cow	2020	Germany	cattle
DAPIEH01	20CS0424	cow	2020	Germany	cattle
DAPIEI01	20CS0425	cow	2020	Germany	cattle
DAPIEJ01	20CS0423	cow	2020	Germany	cattle
DAPIEK01	20CS0422	cow	2020	Germany	cattle
DAPIEM01	21CS0667	cow	2021	Germany	cattle
DAPKBC01	32RC002M	pig	2018	Italy	pig
DAPKBD01	01CZ004M	pig	2018	Italy	pig
DAPKBE01	ST5	dog	2016	Australia	companion_animal
DAPKBF01	ST72	dog	2018	Australia	companion_animal
DAPKBG01	ST93	dog	2018	Australia	companion_animal
DAPKBH01	ST5	dog	2016	Australia	companion_animal
DAPKBO01	A20	pig	2017	Thailand	pig
DAPKQU01	ST3021	cow	2018	USA	cattle
DAPKQV01	ST352	cow	2018	USA	cattle
DAPKQX01	ST151	cow	2018	USA	cattle
DAPKQY01	ST151	cow	2018	USA	cattle
DAPKQZ01	ST5958	cow	2018	USA	cattle
DAPPEU01	S3	cat	2008	Slovenia	companion_animal
DAPPXW01	ST3028	cow	2017	USA	cattle
DAPPXX01	ST352	cow	2022	USA	cattle
DAPPXY01	ST352	cow	2022	USA	cattle
DAPPXZ01	ST3028	cow	2022	USA	cattle
DAPPYA01	ST352	cow	2022	USA	cattle
DAPPZA01	ST8509	sheep, milk	2017	USA	small_ruminant
DAPPZB01	ST2187	cow	2022	USA	cattle
DAPPZC01	ST2187	cow	2022	USA	cattle
DAPPZD01	ST2187	cow	2022	USA	cattle
DAPPZE01	ST8510	cow	2022	USA	cattle
DAPPZF01	ST133	goat, milk	2022	USA	small_ruminant
DAPPZG01	ST6	goat, milk	2022	USA	small_ruminant
DAPPZH01	ST6	goat, milk	2022	USA	small_ruminant
DAPPZI01	ST352	cow	2022	USA	cattle
DAPPZJ01	ST2187	cow	2022	USA	cattle
DAPPZK01	ST3028	cow	2022	USA	cattle
DAPPZL01	ST3028	cow	2022	USA	cattle
DAPPZM01	ST3028	cow	2022	USA	cattle
DAPPZN01	ST133	goat, milk	2022	USA	small_ruminant
DAPPZO01	ST6	goat, milk	2022	USA	small_ruminant
DAPPZP01	ST6	goat, milk	2022	USA	small_ruminant
DAPPZQ01	ST2187	cow	2022	USA	cattle
DAPPZR01	ST352	cow	2022	USA	cattle
DAPPZS01	ST352	cow	2022	USA	cattle
DAPPZT01	ST352	cow	2022	USA	cattle
DAPQDR01	Sau392	sheep, milk	2016	Greece	small_ruminant
DAPQKK01	SA1428	cow	2017	USA	cattle
DAPTAT01	S.aureus isolated from mastitis cow	cow, milk	2011	China	cattle
DAPVDP01	ST352	cow	2022	USA	cattle
DAPVEI01	sk32y32t_S13_L001	sheep	2013	unknown	small_ruminant
DAPVEJ01	sk41y41t_S9_L001	sheep	2013	unknown	small_ruminant
DAPVEK01	sk52y52t_S4_L001	sheep	2013	unknown	small_ruminant
DAPVEL01	sk53y53t_S5_L001	sheep	2013	unknown	small_ruminant
DAPVEM01	sk51y51t_S3_L001	sheep	2013	unknown	small_ruminant
DAPVEN01	sk55y55t_S7_L001	sheep	2013	unknown	small_ruminant
DAPVEO01	sk54y54t_S6_L001	sheep	2013	unknown	small_ruminant
DAPVEP01	sk56y56t_S8_L001	sheep	2013	unknown	small_ruminant
DAPVEQ01	sk57y57t_S9_L001	sheep	2013	unknown	small_ruminant
DAPVER01	sk58y58t_S10_L001	sheep	2013	unknown	small_ruminant
DAPVES01	sk59y59t_S11_L001	sheep	2013	unknown	small_ruminant
DAPVET01	sk61y61t_S13_L001	sheep	2013	unknown	small_ruminant
DAPVEU01	sk42y42t_S10_L001	sheep	2013	unknown	small_ruminant
DAPVEV01	sk62y62t_S14_L001	sheep	2013	unknown	small_ruminant
DAPVEW01	sk63y63t_S15_L001	sheep	2013	unknown	small_ruminant
DAPVEX01	sk64y64t_S16_L001	sheep	2013	unknown	small_ruminant
DAPVEY01	sk66y66t_S2_L001	sheep	2013	unknown	small_ruminant
DAPVEZ01	sk65y65t_S1_L001	sheep	2013	unknown	small_ruminant
DAPVFA01	sk69y69t_S5_L001	sheep	2013	unknown	small_ruminant
DAPVFB01	sk68y68t_S4_L001	sheep	2013	unknown	small_ruminant
DAPVFC01	sk67y67t_S3_L001	sheep	2013	unknown	small_ruminant
DAPVFD01	sk43y43t_S11_L001	sheep	2013	unknown	small_ruminant
DAPVFE01	sk44y44t_S12_L001	sheep	2013	unknown	small_ruminant
DAPVFF01	sk45y45t_S13_L001	sheep	2013	unknown	small_ruminant
DAPVFG01	sk47y47t_S15_L001	sheep	2013	unknown	small_ruminant
DAPVFH01	sk48y48t_S16_L001	sheep	2013	unknown	small_ruminant
DAPVFI01	sk49y49t_S1_L001	sheep	2013	unknown	small_ruminant
DAPVFJ01	sk50y50t_S2_L001	sheep	2013	unknown	small_ruminant
DAPXPY01	01CZ003M	pig	2018	Italy	pig
DAPXQA01	ST93	dog	2016	Australia	companion_animal
DAPXVP01	Sample_6214a_18	goat	2018	USA	small_ruminant
DAPXVQ01	Sample_662A_18	horse	2018	USA	equine
DAPXVR01	Sample_6713_4a_18	cow	2018	USA	cattle
DAPXVS01	Sample_6986A_18	cat	2018	USA	companion_animal
DAPXVT01	Sample_7085B_17	cat	2018	USA	companion_animal
DAPXVU01	Sample_7243_1a_18	cow	2019	USA	cattle
DAPXVV01	Sample_7337B_17	cat	2019	USA	companion_animal
DAPXVX01	Sample_7520b_18	horse	2018	USA	equine
DAPXVZ01	Sample_7657c_18	cat	2018	USA	companion_animal
DAPXWA01	Sample_7771C_17	cat	2017	USA	companion_animal
DAPXWB01	Sample_7847C_17	dog	2017	USA	companion_animal
DAPXWC01	Sample_7852C_18	cow	2018	USA	cattle
DAPXWD01	Sample_9308AN7_18	horse	2018	USA	equine
DAPXWE01	Sample_9361_1a_18	cow	2019	USA	cattle
DAPXWF01	Sample_9419A_17	goat	2017	USA	small_ruminant
DAPXWG01	Sample_9470A_17	cow	2017	USA	cattle
DAPXWH01	Sample_9473E_17	cat	2017	USA	companion_animal
DAPXWI01	Sample_9471A_17	cow	2017	USA	cattle
DAPXWJ01	Sample_9478a_18	cat	2018	USA	companion_animal
DAPXWK01	Sample_9480a_18	cow	2018	USA	cattle
DAPXWL01	Sample_9521A_17	cat	2017	USA	companion_animal
DAPXWM01	Sample_9580d_18	dog	2019	USA	companion_animal
DAPXWN01	Sample_1586A_18	cow	2019	USA	cattle
DAPXWO01	Sample_9623A_17	cat	2017	USA	companion_animal
DAPXWP01	Sample_1783B_18	dog	2018	USA	companion_animal
DAPXWQ01	Sample_1590A_18	dog	2020	USA	companion_animal
DAPXWR01	Sample_2045A_18	cow	2020	USA	cattle
DAPXWS01	Sample_2098_18	goat, milk	2020	USA	small_ruminant
DAPXWT01	Sample_2210B_18	dog	2018	USA	companion_animal
DAPXWV01	Sample_2217b_19	dog	2018	USA	companion_animal
DAPXWW01	Sample_2324a_19	cat	2018	USA	companion_animal
DAPXWX01	Sample_2522A_19	dog	2019	USA	companion_animal
DAPXWY01	Sample_2747G_19	horse	2019	USA	equine
DAPXWZ01	Sample_2757A_18	cow	2019	USA	cattle
DAPXXA01	Sample_2805A_19	dog	2019	USA	companion_animal
DAPXXB01	Sample_2949_1B_18	cow	2018	USA	cattle
DAPXXC01	Sample_3113_3A_18	cow	2019	USA	cattle
DAPXXE01	Sample_3410_4E_19	horse	2018	USA	equine
DAPXXF01	Sample_3581A_18	goat	2019	USA	small_ruminant
DAPXXG01	Sample_3659B_19	dog	2019	USA	companion_animal
DAPXXH01	Sample_3669A_18	cow	2018	USA	cattle
DAPXXI01	Sample_3779B_18	cow	2018	USA	cattle
DAPXXJ01	Sample_4052C_18	horse	2018	USA	equine
DAPXXL01	Sample_10424A_17	cat	2019	USA	companion_animal
DAPXXN01	Sample_4638c_18	dog	2019	USA	companion_animal
DAPXXO01	Sample_4640b_18	cow	2018	USA	cattle
DAPXXP01	Sample_4719c_18	horse	2018	USA	equine
DAPXXQ01	Sample_4744b_18	cow	2018	USA	cattle
DAPXXR01	Sample_5231a_18	goat	2019	USA	small_ruminant
DAPXXS01	Sample_5367b_18	dog	2019	USA	companion_animal
DAPXXT01	Sample_1192A_18	cat	2019	USA	companion_animal
DAPXXU01	Sample_5410a_18	cow	2018	USA	cattle
DAPXXV01	Sample_5411e_18	horse	2018	USA	equine
DAPXXW01	Sample_549A_18	cat	2018	USA	companion_animal
DAPXXX01	Sample_5539a_18	cat	2019	USA	companion_animal
DAPXXY01	Sample_579A_18	dog	2018	USA	companion_animal
DAPXXZ01	Sample_5969_2a_18	cow	2018	USA	cattle
DAPXYA01	Sample_6152a_18	goat	2019	USA	small_ruminant
DAPXYB01	Sample_7967_3C_18	cow	2018	USA	cattle
DAPXYC01	Sample_7856_33A_18	cow	2018	USA	cattle
DAPXYD01	Sample_8101a_18	dog	2018	USA	companion_animal
DAPXYE01	Sample_8114a_18	cat	2018	USA	companion_animal
DAPXYF01	Sample_8475a_18	cow	2018	USA	cattle
DAPXYG01	Sample_8557_1a_18	cow	2018	USA	cattle
DAPXYH01	Sample_9198A_18	dog	2018	USA	companion_animal
DAPYHZ01	TC00505	cow	2017	Tanzania	cattle
DAPYIC01	TC00402	cow	2017	Tanzania	cattle
DAPYID01	TC00219	cow	2017	Tanzania	cattle
DAPYII01	BC00115	cow	2017	Tanzania	cattle
DAPYIK01	BC00101	cow	2017	Tanzania	cattle
DAPYIO01	TC00512	cow	2017	Tanzania	cattle
DAPYIP01	TC00523	cow	2017	Tanzania	cattle
DAPYIQ01	TC00522	cow	2017	Tanzania	cattle
DAPYIR01	TC00516	cow	2017	Tanzania	cattle
DAPYIS01	TC00102	cow	2017	Tanzania	cattle
DAPYIT01	MC00206	cow	2017	Tanzania	cattle
DAPYIU01	MC00216	cow	2017	Tanzania	cattle
DAPYIV01	MC00215	cow	2017	Tanzania	cattle
DAPYIW01	MC00211	cow	2017	Tanzania	cattle
DAPYIX01	MC00214	cow	2017	Tanzania	cattle
DAPYIY01	MC00205	cow	2017	Tanzania	cattle
DAPYIZ01	MC00210	cow	2017	Tanzania	cattle
DAPYJA01	MC00203	cow	2017	Tanzania	cattle
DAPYJB01	MC00201	cow	2017	Tanzania	cattle
DAPYJC01	MC00115-2	cow	2017	Tanzania	cattle
DAPYJD01	MC00111	cow	2017	Tanzania	cattle
DAPYJE01	MC00105	cow	2017	Tanzania	cattle
DAPYJH01	BC00416	cow	2017	Tanzania	cattle
DAPYJI01	BC00406	cow	2017	Tanzania	cattle
DAPYJJ01	BC00304	cow	2017	Tanzania	cattle
DAPYJK01	BC00303	cow	2017	Tanzania	cattle
DAPYJL01	BC00211	cow	2017	Tanzania	cattle
DAPYJM01	BC00201	cow	2017	Tanzania	cattle
DAPYJN01	BC00118	cow	2017	Tanzania	cattle
DAPYJO01	BC00111	cow	2017	Tanzania	cattle
DAPYJP01	BC00110	cow	2017	Tanzania	cattle
DAPYJQ01	BC00108	cow	2017	Tanzania	cattle
DAPYJR01	BC00105	cow	2017	Tanzania	cattle
DAPYJS01	BC00104	cow	2017	Tanzania	cattle
DAPYJT01	BC00102	cow	2017	Tanzania	cattle
DAPZWP01	28B	chicken	2020	USA	poultry
DAPZWQ01	41A	chicken	2020	USA	poultry
DAPZWR01	27A	chicken	2020	USA	poultry
DAQCNG01	Mouse #3	mouse	2013	United Kingdom	rodent
DAQCNH01	Mouse #2	mouse	2013	United Kingdom	rodent
DAQCNI01	Mouse #4	mouse	2013	United Kingdom	rodent
DAQCNJ01	Mouse #1	mouse	2013	United Kingdom	rodent
DAQCOT01	MRSA	monkey	2019	China	primate
DAQCOV01	PHE399790	pheasant	2017	United Kingdom	game_birds
DAQEFT01	51	rat	2020	Hungary	rodent
DAQEFU01	52	rat	2020	Hungary	rodent
DAQEFV01	90	rat	2021	Hungary	rodent
DAQEFW01	59	rat	2020	Hungary	rodent
DAQEGF01	11RR	cow	2018	Rwanda	cattle
DAQEGH01	6RR	cow	2018	Rwanda	cattle
DAQGNP01	Sample_5886a_18	dog	2019	USA	companion_animal
DAQGNQ01	Sample_5888b_18	cat	2018	USA	companion_animal
DAQGNR01	Sample_8947A_17	cow	2017	USA	cattle
DAQGNS01	Sample_6168f_18	dog	2019	USA	companion_animal
DAQOUP01	20EQU_009	horse	2021	Australia	equine
DAQPFW01	19EQU_006	horse	2021	Australia	equine
DAQPFX01	19EQU_002	horse	2021	Australia	equine
DAQPGB01	19EQU_275	horse	2021	Australia	equine
DAQPGC01	19EQU_295	horse	2021	Australia	equine
DAQPGE01	19EQU_032	horse	2021	Australia	equine
DAQPGG01	19EQU_041	horse	2021	Australia	equine
DAQPGJ01	19EQU_049	horse	2021	Australia	equine
DAQPGP01	19EQU_130	horse	2021	Australia	equine
DAQPGQ01	19EQU_109	horse	2021	Australia	equine
DAQPGR01	19EQU_122	horse	2021	Australia	equine
DAQPGS01	19EQU_220	horse	2021	Australia	equine
DAQPGU01	19EQU_263	horse	2021	Australia	equine
DAQRPV01	D_73	sheep	2022	Saudi Arabia	small_ruminant
DAQSJM01	D_72	sheep	2022	Saudi Arabia	small_ruminant
DAQSJN01	D_71	sheep	2022	Saudi Arabia	small_ruminant
DAQSJO01	D_74	sheep	2022	Saudi Arabia	small_ruminant
DAQSJP01	D_67	chicken	2022	Saudi Arabia	poultry
DAQSJQ01	D_64	chicken	2022	Saudi Arabia	poultry
DAQSJR01	D_63	chicken	2022	Saudi Arabia	poultry
DAQSJS01	D_62	camel	2022	Saudi Arabia	other
DAQSJU01	D_54	camel	2022	Saudi Arabia	other
DAQSJW01	D_53	camel	2022	Saudi Arabia	other
DAQSJX01	D_51	camel	2022	Saudi Arabia	other
DAQSJY01	D_50	camel	2022	Saudi Arabia	other
DAQSJZ01	D_49	camel	2022	Saudi Arabia	other
DAQSKA01	D_47	camel	2022	Saudi Arabia	other
DAQSKB01	Not Avaliable	camel	2022	Saudi Arabia	other
DAQSKC01	D_46	camel	2022	Saudi Arabia	other
DAQSKD01	D_44	camel	2022	Saudi Arabia	other
DAQSKE01	D_45	camel	2022	Saudi Arabia	other
DAQSKF01	D_43	camel	2022	Saudi Arabia	other
DAQSKH01	D_41	sheep	2021	Saudi Arabia	small_ruminant
DAQSKI01	D_40	sheep	2021	Saudi Arabia	small_ruminant
DAQSKJ01	D_39	chicken	2021	Saudi Arabia	poultry
DAQSKK01	D_38	chicken	2021	Saudi Arabia	poultry
DAQSKS01	D_27	camel	2021	Saudi Arabia	other
DAQSKT01	D_26	camel	2021	Saudi Arabia	other
DAQSPI01	Not Avaliable	camel	2021	Saudi Arabia	other
DAQSPJ01	D_24	camel	2021	Saudi Arabia	other
DAQSPK01	D_22	camel	2021	Saudi Arabia	other
DAQSPL01	D_21	camel	2021	Saudi Arabia	other
DAQSPN01	D_19	sheep	2021	Saudi Arabia	small_ruminant
DAQSPO01	D_16	chicken	2021	Saudi Arabia	poultry
DAQSPP01	D_14	chicken	2021	Saudi Arabia	poultry
DAQTEC01	S2	cat	2008	Slovenia	companion_animal
DAQTET01	MRSA isolated from mastitis cow	cow, milk	2011	China	cattle
DAQTEV01	BC00117	cow	2017	Tanzania	cattle
DARGMG01	1	pig	2009	Switzerland	pig
DARGMH01	1	pig	2009	Switzerland	pig
DARGMI01	1	pig	2009	Switzerland	pig
DARGMJ01	1	pig	2009	Switzerland	pig
DARGMN01	1	cow	2009	Switzerland	cattle
DARGOX01	1	cow	2009	Switzerland	cattle
DARGXP01	1	pig	2009	Switzerland	pig
DARGZW01	1	cow	2009	Switzerland	cattle
DARHBI01	1	pig	2009	Switzerland	pig
DARHFB01	1	pig	2009	Switzerland	pig
DARHFD01	1	pig	2009	Switzerland	pig
DARHHA01	1	pig	2009	Switzerland	pig
DARHKR01	1	cow	2009	Switzerland	cattle
DARIAH01	1	pig	2009	Switzerland	pig
DARIEG01	1	cow	2009	Switzerland	cattle
DARNGG01	cat1-1	cat	2022	Germany	companion_animal
DARNGH01	cat1-2	cat	2022	Germany	companion_animal
DARNGI01	cat2-1	cat	2022	Germany	companion_animal
DARNGJ01	cat1-3	cat	2022	Germany	companion_animal
DARNGK01	cat2-2	cat	2022	Germany	companion_animal
DARNGL01	cat1-4	cat	2022	Germany	companion_animal
DARNIV01	Goat Nasal swabs	goat	2019	Saudi Arabia	small_ruminant
DARNIW01	Goat Nasal swabs	goat	2020	Saudi Arabia	small_ruminant
DARNIY01	Goat nasal swabs	goat	2020	Saudi Arabia	small_ruminant
DARNIZ01	SA2	goat	2020	Saudi Arabia	small_ruminant
DARNJA01	Goat Milk	goat, milk	2020	Saudi Arabia	small_ruminant
DARNYO01	ST398	pig	2018	Japan	pig
DARNYP01	ST398	pig	2018	Japan	pig
DARNYQ01	ST398	pig	2018	Japan	pig
DARNYR01	ST398	pig	2018	Japan	pig
DARNYS01	ST398	pig	2018	Japan	pig
DARNYT01	ST398	pig	2018	Japan	pig
DARNYU01	ST398	pig	2018	Japan	pig
DARNYV01	ST398	pig	2018	Japan	pig
DATSRP01	22CS0129	cow	2022	Germany	cattle
DATSRQ01	21CS0671	cow	2021	Germany	cattle
DATTRE01	ST398	cow	2015	China	cattle
DAXNQR01	R2-S-T21-5-9	pig	2020	Japan	pig
DAXNQT01	R2-S-O2-2-24	pig	2020	Japan	pig
DAXNSO01	R4-S-T9-3-1	pig	2022	Japan	pig
DAXNSP01	R4-S-T55-3-1	pig	2022	Japan	pig
DAXNSQ01	R4-S-T8-2-1	pig	2022	Japan	pig
DAXNSR01	R4-S-T38-4-1	pig	2022	Japan	pig
DAXNSS01	R4-S-T43-5-1	pig	2022	Japan	pig
DAXNST01	R4-S-T30-5-1	pig	2022	Japan	pig
DAXNSU01	R4-S-T22-2-1	pig	2022	Japan	pig
DAXNSV01	R4-S-T27-3-1	pig	2022	Japan	pig
DAXNSW01	R4-S-T17-1-1	pig	2022	Japan	pig
DAXNSX01	R4-S-T16-2-1	pig	2022	Japan	pig
DAXNSY01	R4-S-T15-1-1	pig	2022	Japan	pig
DAXNSZ01	R4-S-T11-4-1	pig	2022	Japan	pig
DAXNTA01	R4-S-T13-1-1	pig	2022	Japan	pig
DAXNTB01	R4-S-O5-3-1	pig	2022	Japan	pig
DAXNTC01	R4-S-T10-4-1	pig	2022	Japan	pig
DAXNTD01	R4-S-K9-1-1	pig	2022	Japan	pig
DAXNTE01	R4-S-K7-1-1	pig	2022	Japan	pig
DAXNTF01	R4-S-K2-5-1	pig	2022	Japan	pig
DAXNTG01	R4-S-K28-1-1	pig	2022	Japan	pig
DAXNTH01	R4-S-K22-2-1	pig	2022	Japan	pig
DAXNTI01	R4-S-K24-1-1	pig	2022	Japan	pig
DAXNTJ01	R4-S-K21-1-1	pig	2022	Japan	pig
DAXNTK01	R4-S-K18-1-1	pig	2022	Japan	pig
DAXNTL01	R4-S-K20-1-1	pig	2022	Japan	pig
DAXNTM01	R4-S-K17-4-1	pig	2022	Japan	pig
DAXNTN01	R4-S-K13-4-1	pig	2022	Japan	pig
DAXNTO01	R4-S-K14-4-1	pig	2022	Japan	pig
DAXNTP01	R4-S-K12-4-1	pig	2022	Japan	pig
DAXNTQ01	R4-S-K10-3-1	pig	2022	Japan	pig
DAXNTR01	R3-S-T7-5-1	pig	2021	Japan	pig
DAXNTS01	R3-S-T5-1-1	pig	2021	Japan	pig
DAXNTT01	R3-S-T47-4-1	pig	2021	Japan	pig
DAXNTU01	R3-S-T49-4-1	pig	2021	Japan	pig
DAXNTV01	R3-S-T28-4-3	pig	2021	Japan	pig
DAXNTW01	R3-S-T25-3-1	pig	2021	Japan	pig
DAXNTY01	R3-S-T21-2-5	pig	2021	Japan	pig
DAXNTZ01	R4-S-K5-1-1	pig	2022	Japan	pig
DAXNUA01	R3-S-T20-1-1	pig	2021	Japan	pig
DAXNUB01	R3-S-T19-1-1	pig	2021	Japan	pig
DAXNUC01	R3-S-T12-5-1	pig	2021	Japan	pig
DAXNUD01	R3-S-T1-1-1	pig	2021	Japan	pig
DAXNUE01	R3-S-O8-2-1	pig	2021	Japan	pig
DAXNUF01	R3-S-O7-4-1	pig	2021	Japan	pig
DAXNUG01	R3-S-O2-1-1	pig	2021	Japan	pig
DAXNUH01	R3-S-O6-4-1	pig	2021	Japan	pig
DAXNUI01	R3-S-O11-1-1	pig	2021	Japan	pig
DAXNUJ01	R3-S-O10-1-1	pig	2021	Japan	pig
DAXNUK01	R3-S-K9-1-1	pig	2021	Japan	pig
DAXNUL01	R3-S-K4-5-1	pig	2021	Japan	pig
DAXNUM01	R3-S-K10-1-1	pig	2021	Japan	pig
DAXNUN01	R2-S-T7-3-2	pig	2020	Japan	pig
DAXNUO01	R3-S-H18-4-4	pig	2021	Japan	pig
DAXNUP01	R2-S-T48-4-23	pig	2020	Japan	pig
DAXNUQ01	R2-S-T43-1-22	pig	2020	Japan	pig
DAXNUR01	R2-S-T41-2-19	pig	2020	Japan	pig
DAXNUS01	R2-S-T42-1-21	pig	2020	Japan	pig
DAXNUT01	R2-S-T40-5-18	pig	2020	Japan	pig
DAXNUU01	R2-S-T39-3-17	pig	2020	Japan	pig
DAXNUV01	R2-S-T13-4-8	pig	2020	Japan	pig
DAXNUW01	R2-S-T2-5-1	pig	2020	Japan	pig
DAXNUX01	R2-S-T11-1-3	pig	2020	Japan	pig
DAXNUY01	R2-S-O9-2-29	pig	2020	Japan	pig
DAXNUZ01	R2-S-O3-1-25	pig	2020	Japan	pig
DAXNVA01	R2-S-H16-4-16	pig	2020	Japan	pig
DAXNVB01	H30-S-T-174	pig	2018	Japan	pig
DAXNVD01	H30-S-T-99	pig	2018	Japan	pig
DAXNWT01	R4-S-K27-2-1	pig	2022	Japan	pig
DAXNWU01	R4-S-T40-5-1	pig	2022	Japan	pig
DAXNWV01	R4-S-K23-2-1	pig	2022	Japan	pig
DAXNWW01	R2-S-O4-2-27	pig	2020	Japan	pig
DAXNWX01	R2-S-H15-1-13	pig	2020	Japan	pig
DAXNWY01	R2-S-F8-1-12	pig	2020	Japan	pig
DAXNWZ01	R2-S-F7-1-10	pig	2020	Japan	pig
DAXNXA01	H30-S-T-32	pig	2018	Japan	pig
DAXNYA01	R4-S-K4-3-1	pig	2022	Japan	pig
DAXXEL01	B113-429	cow	2019	New Zealand	cattle
DAXXEM01	B123-059	cow	2019	New Zealand	cattle
DAXXEN01	B123-056	cow	2019	New Zealand	cattle
DAXXEO01	B123-062	cow	2019	New Zealand	cattle
DAXXEP01	B212-1073	cow	2019	New Zealand	cattle
DAXXEQ01	B213-1024	cow	2019	New Zealand	cattle
DAXXER01	B221-1327	cow	2019	New Zealand	cattle
DAXXES01	B221-1332	cow	2019	New Zealand	cattle
DAXXET01	B230-43	cow	2019	New Zealand	cattle
DAXXEU01	B311-2505	cow	2019	New Zealand	cattle
DAXXEV01	B311-2503	cow	2019	New Zealand	cattle
DAXXEW01	B311-2507	cow	2019	New Zealand	cattle
DAXXEX01	B311-2510	cow	2019	New Zealand	cattle
DAXXEY01	B311-2512	cow	2019	New Zealand	cattle
DAXXEZ01	B311-2521	cow	2019	New Zealand	cattle
DAXXFA01	B311-2533	cow	2019	New Zealand	cattle
DAXXFB01	B311-2528	cow	2019	New Zealand	cattle
DAXXFC01	B311-2544	cow	2019	New Zealand	cattle
DAXXFD01	B311-2548	cow	2019	New Zealand	cattle
DAXXFE01	B311-2550	cow	2019	New Zealand	cattle
DAXXFF01	B320-2004	cow	2019	New Zealand	cattle
DAXXFG01	B320-2008	cow	2019	New Zealand	cattle
DAXXFH01	B320-2010	cow	2019	New Zealand	cattle
DAXXFI01	B320-2015	cow	2019	New Zealand	cattle
DAXXFJ01	B320-2013	cow	2019	New Zealand	cattle
DAXXFK01	B320-2032	cow	2019	New Zealand	cattle
DAXXFL01	B320-2023	cow	2019	New Zealand	cattle
DAXXFM01	B320-2034	cow	2019	New Zealand	cattle
DAXXFN01	B323-3122	cow	2019	New Zealand	cattle
DAXXFO01	B333-2807	cow	2019	New Zealand	cattle
DAXXGC01	B112-483	cow	2019	New Zealand	cattle
DAXXGD01	B123-202-M	cow	2019	New Zealand	cattle
DAXXGE01	B133-639	cow	2019	New Zealand	cattle
DAXXGF01	B113-551-M	cow	2019	New Zealand	cattle
DAXXGG01	B311-2537	cow	2019	New Zealand	cattle
DAXXGH01	B311-2525	cow	2019	New Zealand	cattle
DAXXGI01	B320-2017	cow	2019	New Zealand	cattle
DAXXGJ01	B320-2028	cow	2019	New Zealand	cattle
DAXXGK01	B320-2029	cow	2019	New Zealand	cattle
DAXXGL01	B323-3115	cow	2019	New Zealand	cattle
DAXXGM01	B323-3136	cow	2019	New Zealand	cattle
DAXXGN01	B123-028	cow	2019	New Zealand	cattle
DAXXGO01	B333-2829	cow	2019	New Zealand	cattle
DAXXGQ01	B333-2815	cow	2019	New Zealand	cattle
DAXXGX01	B123-034	cow	2019	New Zealand	cattle
DAXXHF01	B123-041	cow	2019	New Zealand	cattle
DAXXHX01	B222-1259	cow	2019	New Zealand	cattle
DAXXHY01	B323-3143	cow	2019	New Zealand	cattle
DAXXHZ01	B333-2813	cow	2019	New Zealand	cattle
DAXXIH01	B123-045	cow	2019	New Zealand	cattle
DAYKEH01	JE2	mouse	2023	USA	rodent
DAYKEI01	JE2	mouse	2023	USA	rodent
DAYKKU01	JE2	mouse	2023	USA	rodent
DAYKKV01	JE2	mouse	2023	USA	rodent
DAYKKW01	JE2	mouse	2023	USA	rodent
DAYKNQ01	JE2	mouse	2023	USA	rodent
DAYKSX01	JE2	mouse	2023	USA	rodent
DAYMVO01	JE2	mouse	2023	USA	rodent
DAYMVP01	JE2	mouse	2023	USA	rodent
DAYMXH01	JE2	mouse	2023	USA	rodent
DAYMXJ01	JE2	mouse	2023	USA	rodent
DAYMXL01	JE2	mouse	2023	USA	rodent
DAYMXM01	JE2	mouse	2023	USA	rodent
DAYMXN01	JE2	mouse	2023	USA	rodent
DAYMXO01	JE2	mouse	2023	USA	rodent
DAYMXP01	JE2	mouse	2023	USA	rodent
DAYMXQ01	JE2	mouse	2023	USA	rodent
DAYMXR01	JE2	mouse	2023	USA	rodent
DAYORX01	2011-10-491-1	cow	2011	Denmark	cattle
DAYOTR01	2011-10-875-1	cow	2011	Denmark	cattle
DAYOVI01	2011-10-613-1	cow	2011	Denmark	cattle
DAYOVM01	2011-10-683-1	cow	2011	Denmark	cattle
DAYOVW01	2011-10-612-1	cow	2011	Denmark	cattle
DAYOZA01	2011-10-866	cow	2011	Denmark	cattle
DAYPTY01	2011-10-55	cow	2011	Denmark	cattle
DAYRTP01	2012-52-83-1	mink	2012	Denmark	other
DAYSNM01	2011-10-874-1	cow	2011	Denmark	cattle
DAYSOG01	2012-52-1036	mink	2012	Denmark	other
DAYZAS01	2009-10-84	cow	2009	Denmark	cattle
DAYZAT01	2009-10-1709-2	cow	2009	Denmark	cattle
DAYZOD01	2009-10-993-2	pig	2009	Denmark	pig
DAZBFY01	2011-10-941-1	cow	2011	Denmark	cattle
DAZCHM01	B1769	cow	2022	New Zealand	cattle
DAZCHN01	B1787	cow	2022	New Zealand	cattle
DAZCHO01	B1824	cow	2022	New Zealand	cattle
DAZCHP01	B556	cow	2021	New Zealand	cattle
DAZCHQ01	K635	cow	2020	New Zealand	cattle
DAZCHR01	LIC832	cow	2021	New Zealand	cattle
DAZCHS01	K631	cow	2020	New Zealand	cattle
DAZCHT01	LICB1676	cow	2022	New Zealand	cattle
DAZCHU01	B1249	cow	2021	New Zealand	cattle
DAZCHV01	B1270	cow	2021	New Zealand	cattle
DAZCHW01	B296	cow	2021	New Zealand	cattle
DAZCHX01	LIC310	cow	2018	New Zealand	cattle
DAZCHY01	LIC575	cow	2021	New Zealand	cattle
DAZCHZ01	LIC607	cow	2021	New Zealand	cattle
DAZCIA01	LIC539	cow	2021	New Zealand	cattle
DAZCIB01	LIC652	cow	2017	New Zealand	cattle
DAZCIC01	B1295	cow	2021	New Zealand	cattle
DAZCID01	B1300	cow	2021	New Zealand	cattle
DAZCIE01	B1299	cow	2021	New Zealand	cattle
DAZCIF01	AB160	cow	2021	New Zealand	cattle
DAZCIG01	B1328	cow	2021	New Zealand	cattle
DAZCIH01	B1457	cow	2022	New Zealand	cattle
DAZCII01	B1484	cow	2022	New Zealand	cattle
DAZCIJ01	B1489	cow	2022	New Zealand	cattle
DAZCIK01	B741	cow	2021	New Zealand	cattle
DAZCIL01	B805	cow	2021	New Zealand	cattle
DAZCIM01	B1562	cow	2022	New Zealand	cattle
DAZCIN01	B1051	cow	2021	New Zealand	cattle
DAZCIO01	B812	cow	2021	New Zealand	cattle
DAZCIP01	B814	cow	2021	New Zealand	cattle
DAZCIQ01	B820	cow	2021	New Zealand	cattle
DAZCIR01	B825	cow	2021	New Zealand	cattle
DAZCIS01	B835	cow	2021	New Zealand	cattle
DAZCIT01	B840	cow	2021	New Zealand	cattle
DAZCIU01	B839	cow	2021	New Zealand	cattle
DAZCIV01	B842	cow	2021	New Zealand	cattle
DAZCIW01	B844	cow	2021	New Zealand	cattle
DAZCIY01	B994	cow	2021	New Zealand	cattle
DAZCIZ01	B999	cow	2021	New Zealand	cattle
DAZCJA01	B1066	cow	2021	New Zealand	cattle
DAZCJI01	K557	cow	2019	New Zealand	cattle
DAZCJJ01	LICB1752	cow	2022	New Zealand	cattle
DAZCJK01	K558	cow	2019	New Zealand	cattle
DAZCJL01	B1172	cow	2021	New Zealand	cattle
DAZCJM01	B535	cow	2021	New Zealand	cattle
DAZCJN01	B899	cow	2021	New Zealand	cattle
DAZCJO01	B849	cow	2021	New Zealand	cattle
DAZCJP01	B852	cow	2021	New Zealand	cattle
DAZCJU01	K663	cow	2020	New Zealand	cattle
DAZCJV01	K682	cow	2020	New Zealand	cattle
DAZCJW01	K668	cow	2020	New Zealand	cattle
DAZCJX01	B1180	cow	2021	New Zealand	cattle
DAZCJY01	B1181	cow	2021	New Zealand	cattle
DAZCJZ01	B1186	cow	2021	New Zealand	cattle
DAZCKA01	B1183	cow	2021	New Zealand	cattle
DAZCKB01	B1188	cow	2021	New Zealand	cattle
DAZCKC01	B1189	cow	2021	New Zealand	cattle
DAZCKD01	B1192	cow	2021	New Zealand	cattle
DAZCKE01	B1206	cow	2021	New Zealand	cattle
DAZCKF01	B1213	cow	2021	New Zealand	cattle
DAZCKG01	B1400	cow	2021	New Zealand	cattle
DAZCKH01	B1416	cow	2022	New Zealand	cattle
DAZCKI01	B1411	cow	2022	New Zealand	cattle
DAZCKJ01	B1422	cow	2022	New Zealand	cattle
DAZCKK01	B1425	cow	2022	New Zealand	cattle
DAZCKL01	AB215	cow	2021	New Zealand	cattle
DAZCKM01	B1439	cow	2021	New Zealand	cattle
DAZCKN01	B1441	cow	2021	New Zealand	cattle
DAZCKO01	B1444	cow	2021	New Zealand	cattle
DAZCKP01	B1718	cow	2022	New Zealand	cattle
DAZCKQ01	B1729	cow	2022	New Zealand	cattle
DAZCKR01	B1670	cow	2022	New Zealand	cattle
DAZCKS01	AB356	cow	2021	New Zealand	cattle
DAZCKT01	B1822	cow	2022	New Zealand	cattle
DAZCKU01	B564	cow	2021	New Zealand	cattle
DAZCKV01	B565	cow	2021	New Zealand	cattle
DAZCLB01	B1156	cow	2021	New Zealand	cattle
DAZCLC01	LIC686	cow	2017	New Zealand	cattle
DAZCLD01	LIC684	cow	2017	New Zealand	cattle
DAZCLE01	LICB1653	cow	2022	New Zealand	cattle
DAZCLF01	A05	cow	2019	New Zealand	cattle
DAZCLG01	B1235	cow	2021	New Zealand	cattle
DAZCLH01	B1225	cow	2021	New Zealand	cattle
DAZCLI01	B1162	cow	2021	New Zealand	cattle
DAZCLJ01	B872	cow	2021	New Zealand	cattle
DAZCLK01	B880	cow	2021	New Zealand	cattle
DAZCLL01	B909	cow	2021	New Zealand	cattle
DAZCLM01	B1056	cow	2021	New Zealand	cattle
DAZCLO01	K648	cow	2020	New Zealand	cattle
DAZCLQ01	K655	cow	2020	New Zealand	cattle
DAZCLR01	K661	cow	2020	New Zealand	cattle
DAZCLS01	K670	cow	2020	New Zealand	cattle
DAZCLT01	K666	cow	2020	New Zealand	cattle
DAZCLU01	K672	cow	2020	New Zealand	cattle
DAZCLV01	K673	cow	2020	New Zealand	cattle
DAZCLW01	K674	cow	2020	New Zealand	cattle
DAZCLX01	B1143	cow	2021	New Zealand	cattle
DAZCLY01	K676	cow	2020	New Zealand	cattle
DAZCLZ01	B574	cow	2021	New Zealand	cattle
DAZCMA01	B588	cow	2021	New Zealand	cattle
DAZCMB01	B611	cow	2021	New Zealand	cattle
DAZCMC01	B591	cow	2021	New Zealand	cattle
DAZCMD01	B652	cow	2021	New Zealand	cattle
DAZCME01	B661	cow	2021	New Zealand	cattle
DAZCMH01	B680	cow	2021	New Zealand	cattle
DAZCMM01	K607	cow	2020	New Zealand	cattle
DAZCMN01	K630	cow	2020	New Zealand	cattle
DAZCMO01	B1237	cow	2021	New Zealand	cattle
DAZCMP01	AB222	cow	2021	New Zealand	cattle
DAZCMQ01	B1263	cow	2021	New Zealand	cattle
DAZCMR01	B1513	cow	2022	New Zealand	cattle
DAZCMS01	B1526	cow	2022	New Zealand	cattle
DAZCMT01	B1540	cow	2022	New Zealand	cattle
DAZCMU01	B1546	cow	2022	New Zealand	cattle
DAZCMV01	B1535	cow	2022	New Zealand	cattle
DAZCMW01	B1548	cow	2022	New Zealand	cattle
DAZCMX01	B1553	cow	2022	New Zealand	cattle
DAZCMY01	AB228	cow	2021	New Zealand	cattle
DAZCMZ01	B253	cow	2021	New Zealand	cattle
DAZCNA01	B248	cow	2021	New Zealand	cattle
DAZCNB01	B257	cow	2021	New Zealand	cattle
DAZCNC01	B261	cow	2021	New Zealand	cattle
DAZCND01	B254	cow	2021	New Zealand	cattle
DAZCNE01	B277	cow	2021	New Zealand	cattle
DAZCNF01	B285	cow	2021	New Zealand	cattle
DAZCNH01	B1209	cow	2021	New Zealand	cattle
DAZCNI01	B610	cow	2021	New Zealand	cattle
DAZCNR01	B1096	cow	2021	New Zealand	cattle
DAZCNS01	K614	cow	2020	New Zealand	cattle
DAZCNT01	K618	cow	2020	New Zealand	cattle
DAZCNU01	K623	cow	2020	New Zealand	cattle
DAZCNV01	K621	cow	2020	New Zealand	cattle
DAZCNW01	B1129	cow	2021	New Zealand	cattle
DAZCNX01	B1138	cow	2021	New Zealand	cattle
DAZCNY01	B286	cow	2021	New Zealand	cattle
DAZCNZ01	K626	cow	2020	New Zealand	cattle
DAZCOA01	AB93	cow	2021	New Zealand	cattle
DAZCOB01	B313	cow	2021	New Zealand	cattle
DAZCOC01	B312	cow	2021	New Zealand	cattle
DAZCOD01	B309	cow	2021	New Zealand	cattle
DAZCOE01	B763	cow	2021	New Zealand	cattle
DAZCOF01	B743	cow	2021	New Zealand	cattle
DAZCOG01	B779	cow	2021	New Zealand	cattle
DAZCOH01	B780	cow	2021	New Zealand	cattle
DAZCOI01	B785	cow	2021	New Zealand	cattle
DAZCOJ01	B787	cow	2021	New Zealand	cattle
DAZCOK01	B791	cow	2021	New Zealand	cattle
DAZCOL01	B792	cow	2021	New Zealand	cattle
DAZCOM01	B923	cow	2021	New Zealand	cattle
DAZCON01	B974	cow	2021	New Zealand	cattle
DAZCOO01	B794	cow	2021	New Zealand	cattle
DAZCOP01	B949	cow	2021	New Zealand	cattle
DAZCOQ01	B977	cow	2021	New Zealand	cattle
DAZCOR01	B801	cow	2021	New Zealand	cattle
DAZCOS01	B925	cow	2021	New Zealand	cattle
DAZCOT01	B934	cow	2021	New Zealand	cattle
DAZCOU01	B978	cow	2021	New Zealand	cattle
DAZCOV01	B979	cow	2021	New Zealand	cattle
DAZCOW01	B989	cow	2021	New Zealand	cattle
DAZCPD01	B1053	cow	2021	New Zealand	cattle
DAZCPE01	B859	cow	2021	New Zealand	cattle
DAZCPF01	B879	cow	2021	New Zealand	cattle
DAZCPG01	B887	cow	2021	New Zealand	cattle
DAZCPH01	B916	cow	2021	New Zealand	cattle
DAZCPK01	B1068	cow	2021	New Zealand	cattle
DAZCPL01	B1734	cow	2022	New Zealand	cattle
DAZCPM01	AB82	cow	2021	New Zealand	cattle
DAZCPN01	K680	cow	2020	New Zealand	cattle
DAZCPO01	B1095	cow	2021	New Zealand	cattle
DAZCPQ01	K633	cow	2020	New Zealand	cattle
DAZCPR01	K634	cow	2020	New Zealand	cattle
DAZCPS01	LIC683	cow	2017	New Zealand	cattle
DAZCPT01	LIC687	cow	2017	New Zealand	cattle
DAZCPU01	LIC837	cow	2021	New Zealand	cattle
DAZCPV01	B1157	cow	2021	New Zealand	cattle
DAZCPW01	LICB1677	cow	2022	New Zealand	cattle
DAZCPX01	A06	cow	2020	New Zealand	cattle
DAZCPY01	B1223	cow	2021	New Zealand	cattle
DAZCPZ01	B1228	cow	2021	New Zealand	cattle
DAZCQA01	B1236	cow	2021	New Zealand	cattle
DAZCQB01	B1238	cow	2021	New Zealand	cattle
DAZCQC01	B1248	cow	2021	New Zealand	cattle
DAZCQD01	B1271	cow	2021	New Zealand	cattle
DAZCQE01	B1254	cow	2021	New Zealand	cattle
DAZCQF01	B1518	cow	2022	New Zealand	cattle
DAZCQG01	B1281	cow	2021	New Zealand	cattle
DAZCQH01	B1532	cow	2022	New Zealand	cattle
DAZCQI01	B1550	cow	2022	New Zealand	cattle
DAZCQJ01	B260	cow	2021	New Zealand	cattle
DAZCQK01	B294	cow	2021	New Zealand	cattle
DAZCQL01	B747	cow	2021	New Zealand	cattle
DAZCQM01	B310	cow	2021	New Zealand	cattle
DAZCQN01	B778	cow	2021	New Zealand	cattle
DAZCQO01	B786	cow	2021	New Zealand	cattle
DAZCQP01	B796	cow	2021	New Zealand	cattle
DAZCQQ01	B1048	cow	2021	New Zealand	cattle
DAZCQR01	B922	cow	2021	New Zealand	cattle
DAZCQS01	B931	cow	2021	New Zealand	cattle
DAZCQT01	B933	cow	2021	New Zealand	cattle
DAZCQU01	B936	cow	2021	New Zealand	cattle
DAZCQV01	B972	cow	2021	New Zealand	cattle
DAZCQW01	B1063	cow	2021	New Zealand	cattle
DAZCRB01	B875	cow	2021	New Zealand	cattle
DAZCRC01	AB143	cow	2021	New Zealand	cattle
DAZCRD01	B898	cow	2021	New Zealand	cattle
DAZCRE01	B900	cow	2021	New Zealand	cattle
DAZCRF01	B908	cow	2021	New Zealand	cattle
DAZCRH01	K652	cow	2020	New Zealand	cattle
DAZCRJ01	AB144	cow	2021	New Zealand	cattle
DAZCRK01	B1205	cow	2021	New Zealand	cattle
DAZCRL01	B1218	cow	2021	New Zealand	cattle
DAZCRM01	AB169	cow	2021	New Zealand	cattle
DAZCRN01	B1423	cow	2022	New Zealand	cattle
DAZCRO01	B1438	cow	2021	New Zealand	cattle
DAZCRP01	B1442	cow	2021	New Zealand	cattle
DAZCRQ01	B587	cow	2021	New Zealand	cattle
DAZCRR01	B663	cow	2021	New Zealand	cattle
DAZCRX01	AB140	cow	2021	New Zealand	cattle
DAZCSB01	LICB1631	cow	2022	New Zealand	cattle
DAZCSC01	K582	cow	2019	New Zealand	cattle
DAZCSD01	B1105	cow	2021	New Zealand	cattle
DAZCSE01	K585	cow	2019	New Zealand	cattle
DAZCSF01	K589	cow	2019	New Zealand	cattle
DAZCSG01	K592	cow	2019	New Zealand	cattle
DAZCSH01	K594	cow	2019	New Zealand	cattle
DAZCSI01	K599	cow	2019	New Zealand	cattle
DAZCSJ01	K602	cow	2019	New Zealand	cattle
DAZCSK01	K604	cow	2019	New Zealand	cattle
DAZCSL01	B1150	cow	2021	New Zealand	cattle
DAZCSM01	LIC245	cow	2017	New Zealand	cattle
DAZCSN01	LIC480	cow	2021	New Zealand	cattle
DAZCSO01	LIC482	cow	2021	New Zealand	cattle
DAZCSP01	LIC651	cow	2017	New Zealand	cattle
DAZCSQ01	LIC661	cow	2017	New Zealand	cattle
DAZCSR01	B1283	cow	2021	New Zealand	cattle
DAZCSS01	B1287	cow	2021	New Zealand	cattle
DAZCST01	B1291	cow	2021	New Zealand	cattle
DAZCSU01	B1308	cow	2021	New Zealand	cattle
DAZCSV01	B1315	cow	2021	New Zealand	cattle
DAZCSW01	B1316	cow	2021	New Zealand	cattle
DAZCSX01	B1460	cow	2021	New Zealand	cattle
DAZCSY01	AB219	cow	2021	New Zealand	cattle
DAZCSZ01	B1461	cow	2021	New Zealand	cattle
DAZCTA01	B1462	cow	2022	New Zealand	cattle
DAZCTB01	B1483	cow	2022	New Zealand	cattle
DAZCTC01	B1492	cow	2022	New Zealand	cattle
DAZCTD01	B1500	cow	2022	New Zealand	cattle
DAZCTE01	B1508	cow	2022	New Zealand	cattle
DAZCTF01	B1566	cow	2022	New Zealand	cattle
DAZCTG01	B1564	cow	2022	New Zealand	cattle
DAZCTH01	B1572	cow	2022	New Zealand	cattle
DAZCTI01	B1573	cow	2022	New Zealand	cattle
DAZCTJ01	B1574	cow	2022	New Zealand	cattle
DAZCTK01	B1576	cow	2022	New Zealand	cattle
DAZCTL01	B1577	cow	2022	New Zealand	cattle
DAZCTM01	B1578	cow	2022	New Zealand	cattle
DAZCTN01	B1590	cow	2022	New Zealand	cattle
DAZCTO01	B1588	cow	2022	New Zealand	cattle
DAZCTP01	AB341	cow	2021	New Zealand	cattle
DAZCTQ01	B1593	cow	2022	New Zealand	cattle
DAZCTR01	B1830	cow	2022	New Zealand	cattle
DAZCTS01	B1864	cow	2022	New Zealand	cattle
DAZCTT01	B1865	cow	2022	New Zealand	cattle
DAZCTU01	AB123	cow	2021	New Zealand	cattle
DAZCTV01	B1891	cow	2022	New Zealand	cattle
DAZCTW01	B1893	cow	2022	New Zealand	cattle
DAZCTX01	B1892	cow	2022	New Zealand	cattle
DAZCTY01	B1894	cow	2022	New Zealand	cattle
DAZCTZ01	B1896	cow	2022	New Zealand	cattle
DAZCUA01	B1905	cow	2022	New Zealand	cattle
DAZCUB01	B1906	cow	2022	New Zealand	cattle
DAZCUC01	B1911	cow	2022	New Zealand	cattle
DAZCUD01	B333	cow	2021	New Zealand	cattle
DAZCUE01	B334	cow	2021	New Zealand	cattle
DAZCUF01	B337	cow	2021	New Zealand	cattle
DAZCUG01	B338	cow	2021	New Zealand	cattle
DAZCUH01	B339	cow	2021	New Zealand	cattle
DAZCUI01	B340	cow	2021	New Zealand	cattle
DAZCUJ01	B346	cow	2021	New Zealand	cattle
DAZCUK01	B350	cow	2021	New Zealand	cattle
DAZCUL01	AB99	cow	2021	New Zealand	cattle
DAZCUM01	B375	cow	2021	New Zealand	cattle
DAZCUN01	B371	cow	2021	New Zealand	cattle
DAZCUO01	B385	cow	2021	New Zealand	cattle
DAZCUP01	B386	cow	2021	New Zealand	cattle
DAZCUQ01	B389	cow	2021	New Zealand	cattle
DAZCUR01	B393	cow	2021	New Zealand	cattle
DAZCUS01	B401	cow	2021	New Zealand	cattle
DAZCUT01	B691	cow	2021	New Zealand	cattle
DAZCUU01	B692	cow	2021	New Zealand	cattle
DAZCUV01	B701	cow	2021	New Zealand	cattle
DAZCUW01	B702	cow	2021	New Zealand	cattle
DAZCUZ01	B1140	cow	2021	New Zealand	cattle
DAZCVA01	K667	cow	2020	New Zealand	cattle
DAZCVB01	B1437	cow	2021	New Zealand	cattle
DAZCVC01	B1440	cow	2021	New Zealand	cattle
DAZCVD01	B1667	cow	2022	New Zealand	cattle
DAZCVE01	B1730	cow	2022	New Zealand	cattle
DAZCVF01	B1751	cow	2022	New Zealand	cattle
DAZCVG01	B1823	cow	2022	New Zealand	cattle
DAZCVH01	B1825	cow	2022	New Zealand	cattle
DAZCVI01	B1826	cow	2022	New Zealand	cattle
DAZCVJ01	B553	cow	2021	New Zealand	cattle
DAZCVK01	B566	cow	2021	New Zealand	cattle
DAZCVL01	B1005	cow	2021	New Zealand	cattle
DAZCVM01	B592	cow	2021	New Zealand	cattle
DAZCVN01	B654	cow	2021	New Zealand	cattle
DAZCVO01	AB130	cow	2021	New Zealand	cattle
DAZCVP01	B1009	cow	2021	New Zealand	cattle
DAZCVQ01	B682	cow	2021	New Zealand	cattle
DAZCVT01	B1070	cow	2021	New Zealand	cattle
DAZCVW01	B1074	cow	2021	New Zealand	cattle
DAZCWB01	B1097	cow	2021	New Zealand	cattle
DAZCWD01	K606	cow	2020	New Zealand	cattle
DAZCWE01	K628	cow	2020	New Zealand	cattle
DAZCWF01	B1231	cow	2021	New Zealand	cattle
DAZCWG01	B1279	cow	2021	New Zealand	cattle
DAZCWH01	B271	cow	2021	New Zealand	cattle
DAZCWI01	B272	cow	2021	New Zealand	cattle
DAZCWJ01	B291	cow	2021	New Zealand	cattle
DAZCWK01	B299	cow	2021	New Zealand	cattle
DAZCWL01	B318	cow	2021	New Zealand	cattle
DAZCWM01	B772	cow	2021	New Zealand	cattle
DAZCWN01	B1036	cow	2021	New Zealand	cattle
DAZCWO01	B788	cow	2021	New Zealand	cattle
DAZCWP01	B790	cow	2021	New Zealand	cattle
DAZCWQ01	B789	cow	2021	New Zealand	cattle
DAZCWR01	B803	cow	2021	New Zealand	cattle
DAZCWS01	B918	cow	2021	New Zealand	cattle
DAZCWT01	B921	cow	2021	New Zealand	cattle
DAZCWU01	B935	cow	2021	New Zealand	cattle
DAZCXN01	B917	cow	2021	New Zealand	cattle
DAZCXV01	K641	cow	2020	New Zealand	cattle
DAZCXW01	B1069	cow	2021	New Zealand	cattle
DAZCXX01	K654	cow	2020	New Zealand	cattle
DAZCXY01	K658	cow	2020	New Zealand	cattle
DAZCXZ01	K664	cow	2020	New Zealand	cattle
DAZCYA01	K671	cow	2020	New Zealand	cattle
DAZCYB01	LIC075	cow	2018	New Zealand	cattle
DAZCYC01	B1191	cow	2021	New Zealand	cattle
DAZCYD01	B1190	cow	2021	New Zealand	cattle
DAZCYF01	B1212	cow	2021	New Zealand	cattle
DAZCYK01	K636	cow	2020	New Zealand	cattle
DAZCYL01	B1219	cow	2021	New Zealand	cattle
DAZCYM01	AB152	cow	2021	New Zealand	cattle
DAZCYN01	B1247	cow	2021	New Zealand	cattle
DAZCYO01	B1257	cow	2021	New Zealand	cattle
DAZCYP01	B300	cow	2021	New Zealand	cattle
DAZCYQ01	B793	cow	2021	New Zealand	cattle
DAZCYR01	B928	cow	2021	New Zealand	cattle
DAZCYS01	AB138	cow	2021	New Zealand	cattle
DAZCZJ01	B1158	cow	2021	New Zealand	cattle
DAZCZK01	B1055	cow	2021	New Zealand	cattle
DAZCZL01	B903	cow	2021	New Zealand	cattle
DAZCZM01	B904	cow	2021	New Zealand	cattle
DAZCZP01	K644	cow	2020	New Zealand	cattle
DAZCZQ01	K675	cow	2020	New Zealand	cattle
DAZCZR01	B1187	cow	2021	New Zealand	cattle
DAZCZS01	B1408	cow	2022	New Zealand	cattle
DAZCZT01	B1409	cow	2022	New Zealand	cattle
DAZCZU01	B1405	cow	2022	New Zealand	cattle
DAZCZV01	B1417	cow	2022	New Zealand	cattle
DAZCZW01	B1434	cow	2021	New Zealand	cattle
DAZCZX01	B1436	cow	2021	New Zealand	cattle
DAZCZY01	B589	cow	2021	New Zealand	cattle
DAZCZZ01	B651	cow	2021	New Zealand	cattle
DAZDAA01	K625	cow	2020	New Zealand	cattle
DAZDAD01	B1139	cow	2021	New Zealand	cattle
DAZDAE01	K632	cow	2020	New Zealand	cattle
DAZDAF01	K638	cow	2020	New Zealand	cattle
DAZDAG01	LIC685	cow	2017	New Zealand	cattle
DAZDAH01	LICB1596	cow	2022	New Zealand	cattle
DAZDAI01	LICB1656	cow	2022	New Zealand	cattle
DAZDAJ01	AB145	cow	2021	New Zealand	cattle
DAZDAK01	LICB1629	cow	2022	New Zealand	cattle
DAZDAL01	B783	cow	2021	New Zealand	cattle
DAZDAM01	B1058	cow	2021	New Zealand	cattle
DAZDAN01	B973	cow	2021	New Zealand	cattle
DAZDAO01	B981	cow	2021	New Zealand	cattle
DAZDAP01	AB139	cow	2021	New Zealand	cattle
DAZDAQ01	B1088	cow	2021	New Zealand	cattle
DAZDLX01	B851	cow	2021	New Zealand	cattle
DAZDLY01	B1178	cow	2021	New Zealand	cattle
DAZDLZ01	B877	cow	2021	New Zealand	cattle
DAZDMA01	B878	cow	2021	New Zealand	cattle
DAZDMB01	B1445	cow	2021	New Zealand	cattle
DAZDMC01	B1448	cow	2021	New Zealand	cattle
DAZDMD01	B1452	cow	2022	New Zealand	cattle
DAZDMO01	B1719	cow	2022	New Zealand	cattle
DAZDMP01	B1735	cow	2022	New Zealand	cattle
DAZDMS01	B1788	cow	2022	New Zealand	cattle
DAZDMT01	B1750	cow	2022	New Zealand	cattle
DAZDMU01	B677	cow	2021	New Zealand	cattle
DAZDMW01	K608	cow	2020	New Zealand	cattle
DAZDMX01	K613	cow	2020	New Zealand	cattle
DAZDMY01	K610	cow	2020	New Zealand	cattle
DAZDMZ01	K622	cow	2020	New Zealand	cattle
DAZDNA01	K624	cow	2020	New Zealand	cattle
DAZDNB01	B1269	cow	2021	New Zealand	cattle
DAZDNC01	B1275	cow	2021	New Zealand	cattle
DAZDND01	B1276	cow	2021	New Zealand	cattle
DAZDNE01	AB153	cow	2021	New Zealand	cattle
DAZDNF01	B1509	cow	2022	New Zealand	cattle
DAZDNG01	B1519	cow	2022	New Zealand	cattle
DAZDNH01	B1512	cow	2022	New Zealand	cattle
DAZDNI01	B1520	cow	2022	New Zealand	cattle
DAZDNJ01	B1522	cow	2022	New Zealand	cattle
DAZDNK01	B1533	cow	2022	New Zealand	cattle
DAZDNL01	B1534	cow	2022	New Zealand	cattle
DAZDNM01	B1542	cow	2022	New Zealand	cattle
DAZDNN01	B1552	cow	2022	New Zealand	cattle
DAZDNO01	B1547	cow	2022	New Zealand	cattle
DAZDNP01	AB223	cow	2021	New Zealand	cattle
DAZDNQ01	B1554	cow	2022	New Zealand	cattle
DAZDNR01	AB85	cow	2021	New Zealand	cattle
DAZDNS01	B777	cow	2021	New Zealand	cattle
DAZDNV01	B1089	cow	2021	New Zealand	cattle
DAZDPF01	K579	cow	2019	New Zealand	cattle
DAZDPH01	K580	cow	2019	New Zealand	cattle
DAZDPI01	K581	cow	2019	New Zealand	cattle
DAZDPJ01	K583	cow	2019	New Zealand	cattle
DAZDPK01	K586	cow	2019	New Zealand	cattle
DAZDPL01	K587	cow	2019	New Zealand	cattle
DAZDPM01	K588	cow	2019	New Zealand	cattle
DAZDPN01	K590	cow	2019	New Zealand	cattle
DAZDPO01	K591	cow	2019	New Zealand	cattle
DAZDPP01	K593	cow	2019	New Zealand	cattle
DAZDPQ01	B1110	cow	2021	New Zealand	cattle
DAZDPR01	K596	cow	2019	New Zealand	cattle
DAZDPS01	K597	cow	2019	New Zealand	cattle
DAZDPT01	K598	cow	2019	New Zealand	cattle
DAZDPU01	K600	cow	2019	New Zealand	cattle
DAZDPV01	K601	cow	2019	New Zealand	cattle
DAZDPW01	K603	cow	2019	New Zealand	cattle
DAZDPX01	K605	cow	2019	New Zealand	cattle
DAZDPY01	LIC156	cow	2019	New Zealand	cattle
DAZDPZ01	LIC176	cow	2017	New Zealand	cattle
DAZDRM01	LIC544	cow	2021	New Zealand	cattle
DAZDRN01	LIC565	cow	2017	New Zealand	cattle
DAZDRO01	B1151	cow	2021	New Zealand	cattle
DAZDRP01	LIC627	cow	2018	New Zealand	cattle
DAZDRQ01	LIC650	cow	2017	New Zealand	cattle
DAZDRR01	LIC673	cow	2017	New Zealand	cattle
DAZDRS01	B1282	cow	2021	New Zealand	cattle
DAZDRT01	B1284	cow	2021	New Zealand	cattle
DAZDRU01	B1285	cow	2021	New Zealand	cattle
DAZDRV01	B1307	cow	2021	New Zealand	cattle
DAZDRW01	AB159	cow	2021	New Zealand	cattle
DAZDRX01	B1309	cow	2021	New Zealand	cattle
DAZDSX01	B1310	cow	2021	New Zealand	cattle
DAZDSZ01	B1313	cow	2021	New Zealand	cattle
DAZDTA01	B1321	cow	2021	New Zealand	cattle
DAZDTB01	B1325	cow	2021	New Zealand	cattle
DAZDTC01	B1314	cow	2021	New Zealand	cattle
DAZDTD01	B1329	cow	2021	New Zealand	cattle
DAZDTE01	B1330	cow	2021	New Zealand	cattle
DAZDTF01	B1455	cow	2022	New Zealand	cattle
DAZDTG01	B1456	cow	2022	New Zealand	cattle
DAZDTH01	B1458	cow	2021	New Zealand	cattle
DAZDTI01	B1471	cow	2022	New Zealand	cattle
DAZDTJ01	B1472	cow	2022	New Zealand	cattle
DAZDTK01	B1473	cow	2022	New Zealand	cattle
DAZDTL01	B1482	cow	2022	New Zealand	cattle
DAZDTM01	AB104	cow	2021	New Zealand	cattle
DAZDTN01	AB221	cow	2021	New Zealand	cattle
DAZDTO01	B1486	cow	2022	New Zealand	cattle
DAZDTP01	B1494	cow	2022	New Zealand	cattle
DAZDTQ01	B1495	cow	2022	New Zealand	cattle
DAZDTR01	B1498	cow	2022	New Zealand	cattle
DAZDTS01	B1555	cow	2022	New Zealand	cattle
DAZDTY01	B1563	cow	2022	New Zealand	cattle
DAZDUB01	B1568	cow	2022	New Zealand	cattle
DAZDUE01	B1569	cow	2022	New Zealand	cattle
DAZDUF01	B1571	cow	2022	New Zealand	cattle
DAZDUG01	B1575	cow	2022	New Zealand	cattle
DAZDUH01	AB334	cow	2021	New Zealand	cattle
DAZDUI01	B1579	cow	2022	New Zealand	cattle
DAZDUJ01	B1587	cow	2022	New Zealand	cattle
DAZDUK01	B1592	cow	2022	New Zealand	cattle
DAZDUL01	B1591	cow	2022	New Zealand	cattle
DAZDUM01	B1831	cow	2022	New Zealand	cattle
DAZDUN01	AB83	cow	2021	New Zealand	cattle
DAZDUO01	B1890	cow	2022	New Zealand	cattle
DAZDUP01	AB84	cow	2021	New Zealand	cattle
DAZDUQ01	B1874	cow	2022	New Zealand	cattle
DAZDUR01	B1895	cow	2022	New Zealand	cattle
DAZDUS01	B1873	cow	2022	New Zealand	cattle
DAZDUT01	B1899	cow	2022	New Zealand	cattle
DAZDUU01	B1904	cow	2022	New Zealand	cattle
DAZDUV01	B1907	cow	2022	New Zealand	cattle
DAZDUW01	B247	cow	2021	New Zealand	cattle
DAZDUX01	B1910	cow	2022	New Zealand	cattle
DAZDUY01	B335	cow	2021	New Zealand	cattle
DAZDUZ01	B336	cow	2021	New Zealand	cattle
DAZDVA01	AB94	cow	2021	New Zealand	cattle
DAZDVB01	B354	cow	2021	New Zealand	cattle
DAZDVC01	B368	cow	2021	New Zealand	cattle
DAZDVD01	B356	cow	2021	New Zealand	cattle
DAZDVE01	B684	cow	2021	New Zealand	cattle
DAZDVF01	B1001	cow	2021	New Zealand	cattle
DAZDVG01	B703	cow	2021	New Zealand	cattle
DAZDVH01	B705	cow	2021	New Zealand	cattle
DAZDVI01	B709	cow	2021	New Zealand	cattle
DAZDVJ01	B1021	cow	2021	New Zealand	cattle
DAZDVK01	B711	cow	2021	New Zealand	cattle
DAZDVL01	B710	cow	2021	New Zealand	cattle
DAZDVM01	B712	cow	2021	New Zealand	cattle
DAZDVN01	B715	cow	2021	New Zealand	cattle
DAZDVO01	B716	cow	2021	New Zealand	cattle
DAZEAR01	B990	cow	2021	New Zealand	cattle
DAZEBB01	B719	cow	2021	New Zealand	cattle
DAZEBQ01	B721	cow	2021	New Zealand	cattle
DAZEBR01	B722	cow	2021	New Zealand	cattle
DAZEBS01	B725	cow	2021	New Zealand	cattle
DAZEBT01	B1035	cow	2021	New Zealand	cattle
DAZEBU01	B728	cow	2021	New Zealand	cattle
DAZEBV01	B727	cow	2021	New Zealand	cattle
DAZEBW01	B730	cow	2021	New Zealand	cattle
DAZEBX01	B733	cow	2021	New Zealand	cattle
DAZEBY01	B806	cow	2021	New Zealand	cattle
DAZEBZ01	B808	cow	2021	New Zealand	cattle
DAZECA01	B819	cow	2021	New Zealand	cattle
DAZECB01	B824	cow	2021	New Zealand	cattle
DAZECC01	B826	cow	2021	New Zealand	cattle
DAZECD01	B834	cow	2021	New Zealand	cattle
DAZECE01	B1052	cow	2021	New Zealand	cattle
DAZECF01	B841	cow	2021	New Zealand	cattle
DAZECG01	B843	cow	2021	New Zealand	cattle
DAZECH01	B845	cow	2021	New Zealand	cattle
DAZECI01	B847	cow	2021	New Zealand	cattle
DAZECJ01	B846	cow	2021	New Zealand	cattle
DAZECK01	B848	cow	2021	New Zealand	cattle
DAZECL01	B995	cow	2021	New Zealand	cattle
DAZECM01	B996	cow	2021	New Zealand	cattle
DAZECN01	B997	cow	2021	New Zealand	cattle
DAZECO01	B998	cow	2021	New Zealand	cattle
DAZECP01	BOV63	cow	2005	New Zealand	cattle
DAZECQ01	BOV89	cow	2005	New Zealand	cattle
DAZECR01	BOV94	cow	2005	New Zealand	cattle
DAZECS01	B1065	cow	2021	New Zealand	cattle
DAZECT01	BOV95	cow	2005	New Zealand	cattle
DAZECU01	BOV9	cow	2005	New Zealand	cattle
DAZEDG01	B1075	cow	2021	New Zealand	cattle
DAZEDP01	B1078	cow	2021	New Zealand	cattle
DAZEDZ01	K556	cow	2019	New Zealand	cattle
DAZEEA01	K559	cow	2019	New Zealand	cattle
DAZEEB01	K560	cow	2019	New Zealand	cattle
DAZEEC01	K562	cow	2019	New Zealand	cattle
DAZEED01	K561	cow	2019	New Zealand	cattle
DAZEEE01	K563	cow	2019	New Zealand	cattle
DAZEEF01	B1098	cow	2021	New Zealand	cattle
DAZEEG01	K564	cow	2019	New Zealand	cattle
DAZEEH01	K565	cow	2019	New Zealand	cattle
DAZEEI01	K566	cow	2019	New Zealand	cattle
DAZEEJ01	K567	cow	2019	New Zealand	cattle
DAZEEK01	K568	cow	2019	New Zealand	cattle
DAZEEL01	K569	cow	2019	New Zealand	cattle
DAZEEM01	K572	cow	2019	New Zealand	cattle
DAZEEN01	K570	cow	2019	New Zealand	cattle
DAZEEO01	B1099	cow	2021	New Zealand	cattle
DAZEEP01	K573	cow	2019	New Zealand	cattle
DAZEEQ01	K575	cow	2019	New Zealand	cattle
DAZEER01	K576	cow	2019	New Zealand	cattle
DAZEES01	B1331	cow	2021	New Zealand	cattle
DAZEET01	B1333	cow	2021	New Zealand	cattle
DAZEEU01	K577	cow	2019	New Zealand	cattle
DAZEEV01	K578	cow	2019	New Zealand	cattle
DAZEEW01	B1334	cow	2021	New Zealand	cattle
DAZEEX01	B1336	cow	2021	New Zealand	cattle
DAZEEY01	B1346	cow	2021	New Zealand	cattle
DAZEEZ01	B1348	cow	2021	New Zealand	cattle
DAZEFA01	AB162	cow	2021	New Zealand	cattle
DAZEGG01	B1352	cow	2021	New Zealand	cattle
DAZEGH01	B1356	cow	2021	New Zealand	cattle
DAZEGI01	B1357	cow	2021	New Zealand	cattle
DAZEGJ01	B1360	cow	2021	New Zealand	cattle
DAZEGK01	B1361	cow	2021	New Zealand	cattle
DAZEGL01	B1362	cow	2021	New Zealand	cattle
DAZEGM01	B1366	cow	2021	New Zealand	cattle
DAZEGN01	B1367	cow	2021	New Zealand	cattle
DAZEGO01	B1368	cow	2021	New Zealand	cattle
DAZEGP01	B1369	cow	2021	New Zealand	cattle
DAZEGQ01	AB168	cow	2021	New Zealand	cattle
DAZEGR01	B1370	cow	2021	New Zealand	cattle
DAZEGS01	B1372	cow	2021	New Zealand	cattle
DAZEGT01	B1378	cow	2021	New Zealand	cattle
DAZEGU01	B1383	cow	2021	New Zealand	cattle
DAZEGV01	B1390	cow	2021	New Zealand	cattle
DAZEGW01	B1394	cow	1905	New Zealand	cattle
DAZEGX01	B1594	cow	2022	New Zealand	cattle
DAZEGY01	B1597	cow	2022	New Zealand	cattle
DAZEIC01	B1598	cow	2022	New Zealand	cattle
DAZEIF01	B1599	cow	2022	New Zealand	cattle
DAZEIG01	B1600	cow	2022	New Zealand	cattle
DAZEIH01	B1602	cow	2022	New Zealand	cattle
DAZEII01	B1603	cow	2022	New Zealand	cattle
DAZEIJ01	B1607	cow	2022	New Zealand	cattle
DAZEIK01	AB351	cow	2021	New Zealand	cattle
DAZEIL01	B1608	cow	2022	New Zealand	cattle
DAZEIM01	B1609	cow	2022	New Zealand	cattle
DAZEIN01	B1611	cow	2022	New Zealand	cattle
DAZEIO01	B1612	cow	2022	New Zealand	cattle
DAZEIP01	B1615	cow	2022	New Zealand	cattle
DAZEIQ01	B1616	cow	2022	New Zealand	cattle
DAZEIR01	B1617	cow	2022	New Zealand	cattle
DAZEIS01	B1618	cow	2022	New Zealand	cattle
DAZEIT01	B1619	cow	2022	New Zealand	cattle
DAZEIU01	B1620	cow	2022	New Zealand	cattle
DAZEIV01	AB354	cow	2021	New Zealand	cattle
DAZEIW01	B1622	cow	2022	New Zealand	cattle
DAZEJJ01	B1638	cow	2022	New Zealand	cattle
DAZEJL01	B1640	cow	2022	New Zealand	cattle
DAZEJM01	B1665	cow	2022	New Zealand	cattle
DAZEJN01	B402	cow	2021	New Zealand	cattle
DAZEJO01	B409	cow	2021	New Zealand	cattle
DAZEJP01	B410	cow	2021	New Zealand	cattle
DAZEJQ01	B414	cow	2021	New Zealand	cattle
DAZEJR01	B425	cow	2021	New Zealand	cattle
DAZEJS01	B449	cow	2021	New Zealand	cattle
DAZEJT01	B450	cow	2021	New Zealand	cattle
DAZEJU01	B455	cow	2021	New Zealand	cattle
DAZEJV01	B457	cow	2021	New Zealand	cattle
DAZEJW01	B460	cow	2021	New Zealand	cattle
DAZEJX01	B1003	cow	2021	New Zealand	cattle
DAZEJY01	B464	cow	2021	New Zealand	cattle
DAZEJZ01	B482	cow	2021	New Zealand	cattle
DAZEKA01	B486	cow	2021	New Zealand	cattle
DAZEKB01	B497	cow	2021	New Zealand	cattle
DAZEKC01	B507	cow	2021	New Zealand	cattle
DAZEKD01	B508	cow	2021	New Zealand	cattle
DAZEKE01	B513	cow	2021	New Zealand	cattle
DAZEKF01	B514	cow	2021	New Zealand	cattle
DAZEKG01	B520	cow	2021	New Zealand	cattle
DAZEKH01	B521	cow	2021	New Zealand	cattle
DAZEKI01	B1004	cow	2021	New Zealand	cattle
DAZEKJ01	B531	cow	2021	New Zealand	cattle
DAZJBK01	2009-10-2090	horse	2009	Denmark	equine
DAZJCU01	2009-10-833	pig	2009	Denmark	pig
DAZLYT01	2013-10-1405-1	cow	2013	Denmark	cattle
DAZNAP01	LA10	horse	2010	Czech Republic	equine
DAZNAR01	LA38	horse	2021	Czech Republic	equine
DAZNAW01	LA25	horse	2018	Czech Republic	equine
DAZNAX01	LA29	horse	2019	Czech Republic	equine
DAZNAY01	LA30	horse	2019	Czech Republic	equine
DAZNAZ01	LA16	horse	2015	Czech Republic	equine
DAZNBA01	LA36	horse	2021	Czech Republic	equine
DAZYMG01	B1173	cow	2021	New Zealand	cattle
DAZYMH01	B1174	cow	2021	New Zealand	cattle
DAZYMI01	K662	cow	2020	New Zealand	cattle
DAZYMJ01	B1775	cow	2022	New Zealand	cattle
DAZYMK01	B1778	cow	2022	New Zealand	cattle
DAZYML01	B1780	cow	2022	New Zealand	cattle
DAZYMM01	B1779	cow	2022	New Zealand	cattle
DBAAVU01	2009-10-1448	pig	2009	Denmark	pig
DBABBA01	2009-10-2203	pig	2009	Denmark	pig
DBABML01	2011-10-944-1	cow	2011	Denmark	cattle
DBABWM01	2014-10-1009	pig	2014	Denmark	pig
DBAHXT01	SA61	cow	2019	Japan	cattle
DBAHXU01	SA51	cow	2018	Japan	cattle
DBAHXV01	SA59	cow	2019	Japan	cattle
DBAHXW01	SA50	cow	2018	Japan	cattle
DBAHXX01	SA37	cow	2017	Japan	cattle
DBAHXY01	SA34	cow	2017	Japan	cattle
DBAHXZ01	SA33	cow	2017	Japan	cattle
DBAHYA01	SA25	cow	2016	Japan	cattle
DBAHYB01	SA18	cow	2016	Japan	cattle
DBAHYC01	SA15	cow	2015	Japan	cattle
DBAHYD01	SA17	cow	2015	Japan	cattle
DBAHYE01	SA10	cow	2015	Japan	cattle
DBAHYF01	SA9	cow	2015	Japan	cattle
DBAHYG01	SA5	cow	2015	Japan	cattle
DBAHYH01	SA1	cow	2015	Japan	cattle
DBAHYI01	HB-219a	cow	2015	Japan	cattle
DBAHYJ01	HB-24a	cow	2015	Japan	cattle
DBAHYK01	CM50	cow	2022	Japan	cattle
DBAHYL01	CM3	cow	2022	Japan	cattle
DBAHYM01	CM1	cow	2022	Japan	cattle
DBAHYN01	T13	cow	2020	Japan	cattle
DBAKMN01	2009-10-1741-1	pig	2009	Denmark	pig
DBAMYT01	2010-10-2224	cow	2011	Denmark	cattle
DBAOCW01	2008-10-2320	pig	2008	Denmark	pig
DBAODK01	2009-10-2440-1	pig	2009	Denmark	pig
DBAOGT01	2007-10-3297-1	cow	2007	Denmark	cattle
DBAOLF01	2011-10-492-1	cow	2011	Denmark	cattle
DBAOLG01	2008-10-2858	pig	2008	Denmark	pig
DBAOLH01	2008-10-2781	pig	2008	Denmark	pig
DBAOLK01	2008-10-1967	pig	2008	Denmark	pig
DBAPJP01	2013-52-932	mink	2013	Denmark	other
DBASFH01	2009-10-2430	pig	2009	Denmark	pig
DBATDC01	2011-10-942-1	cow	2011	Denmark	cattle
DBATNE01	2009-10-2183	pig	2009	Denmark	pig
DBAUTR01	2009-10-301	cow	2009	Denmark	cattle
DBCERJ01	2013-52-823	mink	2013	Denmark	other
DBCESG01	2009-30-4483-6	pig	2009	Denmark	pig
DBCNZO01	15-Msa0515	cow	2015	Switzerland	cattle
DBCNZP01	VPP1	horse	2014	Switzerland	equine
DBCNZQ01	15-Msa0580	cow	2015	Switzerland	cattle
DBCNZR01	15-Msa0882	cow	2015	Switzerland	cattle
DBCNZS01	15-Msa0935	cow	2015	Switzerland	cattle
DBCNZT01	15-Msa0187	cow	2015	Switzerland	cattle
DBCNZU01	15-Msa0518	cow	2015	Switzerland	cattle
DBCNZV01	15-Msa0593	cow	2015	Switzerland	cattle
DBCNZW01	15-Msa0721	cow	2015	Switzerland	cattle
DBCOAA01	17-Msa0284	cow	2017	Switzerland	cattle
DBCOAB01	17-Msa0506	cow	2017	Switzerland	cattle
DBCOAC01	17-Msa0333	cow	2017	Switzerland	cattle
DBCOAD01	17-Msa0912	cow	2017	Switzerland	cattle
DBCOAE01	17-Msa0327	cow	2017	Switzerland	cattle
DBCOAF01	17-Msa0712	cow	2017	Switzerland	cattle
DBCOAG01	17-Msa0053	cow	2017	Switzerland	cattle
DBCOAH01	17-Msa0358	cow	2017	Switzerland	cattle
DBCOAI01	17-Msa0440	cow	2017	Switzerland	cattle
DBCOAK01	17-Msa1081	cow	2017	Switzerland	cattle
DBDOXE01	K184	cow	2012	South Korea	cattle
DBDOXF01	K52	cow	2010	South Korea	cattle
DBDOXG01	AR934	cow	1991	Argentina	cattle
DBDOXH01	MY14	cow	2012	Malaysia	cattle
DBDOXI01	K46	cow	2010	South Korea	cattle
DBDOXJ01	D3	cow	2014	South Africa	cattle
DBDOXK01	E12	cow	2014	South Africa	cattle
DBDOXL01	B16	cow	2014	South Africa	cattle
DBDOXM01	K198	cow	2012	South Korea	cattle
DBDOXN01	I2	cow	2014	South Africa	cattle
DBDOXO01	K4	cow	2011	South Korea	cattle
DBDOXQ01	184	cow	2014	Brazil	cattle
DBDOXR01	219	cow	2015	Brazil	cattle
DBDOXS01	B14	cow	2014	South Africa	cattle
DBDOXT01	B11	cow	2014	South Africa	cattle
DBDOXU01	100	cow	2015	Brazil	cattle
DBDOXV01	98	cow	2015	Brazil	cattle
DBDOXW01	38	cow	2014	Brazil	cattle
DBDOXX01	18	cow	2014	Brazil	cattle
DBDOXY01	ST 2810	cow	2010	Sierra Leone	cattle
DBDOXZ01	59	cow	2015	Brazil	cattle
DBDOYA01	4	cow	2014	Brazil	cattle
DBDOYB01	36	cow	2014	Brazil	cattle
DBDOYC01	ST 2530	pig	2010	USA	pig
DBDOYD01	ST 2540	pig	2010	USA	pig
DBDOYE01	ST 2525	pig	2010	USA	pig
DBDOYF01	ST 2803	cow	2010	Sierra Leone	cattle
DBDOYG01	ST 2520	pig	2010	USA	pig
DBDOYH01	ST 2505	pig	2010	USA	pig
DBDOYI01	ST 2455	pig	2010	USA	pig
DBDOYJ01	W13/2/4	cow	2013	Australia	cattle
DBDOYK01	W13/2/15	cow	2013	Australia	cattle
DBDOYL01	W13/2/25	cow	2013	Australia	cattle
DBDOYM01	V13/2/312	cow	2013	Australia	cattle
DBDOYN01	V13/2/79	cow	2013	Australia	cattle
DBDOYO01	Q13/4/74	cow	2013	Australia	cattle
DBDOYP01	S13/1/6	cow	2013	Australia	cattle
DBDOYQ01	Q13/4/62	cow	2013	Australia	cattle
DBDOYR01	Q13/4/84	cow	2013	Australia	cattle
DBDOYS01	N44	cow	1991	Norway	cattle
DBDOYT01	N35	cow	1991	Norway	cattle
DBDOYU01	N33	cow	1991	Norway	cattle
DBDOYV01	N19	cow	1991	Norway	cattle
DBDOYW01	N21	cow	1991	Norway	cattle
DBDOYX01	N28	cow	1991	Norway	cattle
DBDOYY01	N22	cow	1991	Norway	cattle
DBDOYZ01	N18	cow	1991	Norway	cattle
DBDOZA01	N16	cow	1991	Norway	cattle
DBDOZB01	N9	cow	1991	Norway	cattle
DBDOZC01	N12	cow	1991	Norway	cattle
DBDOZD01	N7	cow	1991	Norway	cattle
DBDOZE01	N6	cow	1991	Norway	cattle
DBDOZF01	T38	cow	1991	Germany	cattle
DBDOZG01	T33	cow	1991	Germany	cattle
DBDOZH01	T31	cow	1991	Germany	cattle
DBDOZI01	T23	cow	1991	Germany	cattle
DBDOZJ01	T24	cow	1991	Germany	cattle
DBDOZK01	T22	cow	1991	Germany	cattle
DBDOZL01	T14	cow	1991	Germany	cattle
DBDOZM01	T11	cow	1991	Germany	cattle
DBDOZN01	T3	cow	1991	Germany	cattle
DBDOZO01	E50	cow	1991	United Kingdom	cattle
DBDOZP01	T2	cow	1991	Germany	cattle
DBDOZQ01	E48	cow	1991	United Kingdom	cattle
DBDOZR01	E47	cow	1991	United Kingdom	cattle
DBDOZS01	E46	cow	1991	United Kingdom	cattle
DBDOZT01	E42	cow	1991	United Kingdom	cattle
DBDOZU01	E40	cow	1991	United Kingdom	cattle
DBDOZV01	E37	cow	1991	United Kingdom	cattle
DBDOZW01	E39	cow	1991	United Kingdom	cattle
DBDOZX01	E33	cow	1991	United Kingdom	cattle
DBDOZY01	E35	cow	1991	United Kingdom	cattle
DBDOZZ01	E26	cow	1991	United Kingdom	cattle
DBDPAA01	E32	cow	1991	United Kingdom	cattle
DBDPAB01	E27	cow	1991	United Kingdom	cattle
DBDPAC01	E15	cow	1991	Finland	cattle
DBDPAD01	E21	cow	1991	United Kingdom	cattle
DBDPAE01	E3	cow	1991	Finland	cattle
DBDPAF01	F43	cow	1991	Finland	cattle
DBDPAG01	F45	cow	1991	Finland	cattle
DBDPAH01	F40	cow	1991	Finland	cattle
DBDPAI01	F35	cow	1991	Finland	cattle
DBDPAJ01	F33	cow	1991	Finland	cattle
DBDPAK01	F34	cow	1991	Finland	cattle
DBDPAL01	F28	cow	1991	Finland	cattle
DBDPAM01	F26	cow	1991	Finland	cattle
DBDPAN01	F25	cow	1991	Finland	cattle
DBDPAO01	F21	cow	1991	Finland	cattle
DBDPAP01	F11	cow	1991	Finland	cattle
DBDPAQ01	F8	cow	1991	Finland	cattle
DBDPAR01	F2	cow	1991	Finland	cattle
DBDPAS01	F3	cow	1991	Finland	cattle
DBDPAT01	SV45	cow	1991	Sweden	cattle
DBDPAU01	SV47	cow	1991	Sweden	cattle
DBDPAV01	SV43	cow	1991	Sweden	cattle
DBDPAW01	SV40	cow	1991	Sweden	cattle
DBDPAX01	SV41	cow	1991	Sweden	cattle
DBDPAY01	SV38	cow	1991	Sweden	cattle
DBDPAZ01	SV36	cow	1991	Sweden	cattle
DBDPBA01	SV33	cow	1991	Sweden	cattle
DBDPBB01	SV32	cow	1991	Sweden	cattle
DBDPBC01	SV24	cow	1991	Sweden	cattle
DBDPBD01	SV21	cow	1991	Sweden	cattle
DBDPBE01	SV13	cow	1991	Sweden	cattle
DBDPBF01	SV9	cow	1991	Sweden	cattle
DBDPBG01	SV7	cow	1991	Sweden	cattle
DBDPBH01	SV1	cow	1991	Sweden	cattle
DBDPBI01	116	cow	1991	Switzerland	cattle
DBDPBJ01	SV5	cow	1991	Sweden	cattle
DBDPBK01	113	cow	1991	Switzerland	cattle
DBDPBL01	110	cow	1991	Switzerland	cattle
DBDPBM01	105	cow	1991	Switzerland	cattle
DBDPBN01	98	cow	1991	Switzerland	cattle
DBDPBO01	97	cow	1991	Switzerland	cattle
DBDPBP01	93	cow	1991	Switzerland	cattle
DBDPBQ01	90	cow	1991	Switzerland	cattle
DBDPBR01	84	cow	1991	Switzerland	cattle
DBDPBS01	88	cow	1991	Switzerland	cattle
DBDPBT01	80	cow	1991	Switzerland	cattle
DBDPBU01	115	cow	1991	Ireland	cattle
DBDPBV01	109	cow	1991	Ireland	cattle
DBDPBW01	105	cow	1991	Ireland	cattle
DBDPBX01	97	cow	1991	Ireland	cattle
DBDPBY01	92	cow	1991	Ireland	cattle
DBDPBZ01	94	cow	1991	Ireland	cattle
DBDPCA01	382	cow	1991	Switzerland	cattle
DBDPCB01	378	cow	1991	Switzerland	cattle
DBDPCC01	363	cow	1991	Switzerland	cattle
DBDPCD01	359	cow	1991	Switzerland	cattle
DBDPCE01	356	cow	1991	Switzerland	cattle
DBDPCF01	350	cow	1991	Switzerland	cattle
DBDPCG01	1843-LR	cow	1991	USA	cattle
DBDPCH01	134-LF	cow	1991	USA	cattle
DBDPCI01	AA-472	cow	1991	USA	cattle
DBDPCJ01	48S	cow	1991	Iceland	cattle
DBDPCK01	I13	cow	1994	Iceland	cattle
DBDPCL01	I6	cow	1991	Iceland	cattle
DBDPCM01	A40	cow	1991	Denmark	cattle
DBDPCN01	A38	cow	1991	Denmark	cattle
DBDPCO01	A35	cow	1991	Denmark	cattle
DBDPCP01	A29	cow	1991	Denmark	cattle
DBDPCQ01	A24	cow	1991	Denmark	cattle
DBDPCR01	A21	cow	1991	Denmark	cattle
DBDPCS01	A17	cow	1991	Denmark	cattle
DBDPCT01	A27	cow	1991	Denmark	cattle
DBDRZR01	WCC4301	lesser yellowlegs	unknown	USA	other
DBDRZS01	WCC13301	screech owl	unknown	USA	other
DBDRZT01	1047	cow	unknown	USA	cattle
DBDRZU01	CTH149	cow	1987	USA	cattle
DBDRZV01	SAU(M)17	cow	2001	United Kingdom	cattle
DBDRZW01	CTH8	cow	1987	USA	cattle
DBDRZX01	VI 54656	cow	2001	Norway	cattle
DBDRZY01	81059-2	pig	2010	Italy	pig
DBDRZZ01	19491-08	pig	2008	Italy	pig
DBDSAA01	58724-1	cow	2011	Italy	cattle
DBDSAB01	56824-11	cow	2008	Italy	cattle
DBDSAC01	7807-4	pig	2008	Italy	pig
DBDSAD01	87807-15	cow	2009	Italy	cattle
DBDSAE01	MY48	cow	2012	Malaysia	cattle
DBDSAF01	MY38	cow	2012	Malaysia	cattle
DBDSAG01	MY16	cow	2012	Malaysia	cattle
DBDSAH01	MY8	cow	2012	Malaysia	cattle
DBDSAI01	MY30	cow	2012	Malaysia	cattle
DBDSAJ01	MY45	cow	2012	Malaysia	cattle
DBDSAK01	MY13	cow	2012	Malaysia	cattle
DBDSAL01	MY5	cow	2012	Malaysia	cattle
DBDSAM01	MY36	cow	2012	Malaysia	cattle
DBDSAN01	MY4	cow	2012	Malaysia	cattle
DBDSAO01	MY12	cow	2012	Malaysia	cattle
DBDSAP01	MY43	cow	2012	Malaysia	cattle
DBDSAQ01	MY27	cow	2012	Malaysia	cattle
DBDSAR01	MY11	cow	2012	Malaysia	cattle
DBDSAS01	MY50	cow	2012	Malaysia	cattle
DBDSAT01	MY3	cow	2012	Malaysia	cattle
DBDSAU01	MY2	cow	2012	Malaysia	cattle
DBDSAV01	MY42	cow	2012	Malaysia	cattle
DBDSAW01	MY9	cow	2012	Malaysia	cattle
DBDSAX01	MY1	cow	2012	Malaysia	cattle
DBDSAY01	AR981	cow	1993	Argentina	cattle
DBDSAZ01	AR978	cow	1996	Argentina	cattle
DBDSBA01	AR967	cow	1997	Argentina	cattle
DBDSBB01	AR966	cow	1997	Argentina	cattle
DBDSBC01	AR965	cow	1994	Argentina	cattle
DBDSBD01	AR963	cow	1994	Argentina	cattle
DBDSBE01	AR955	cow	1992	Argentina	cattle
DBDSBF01	AR956	cow	1992	Argentina	cattle
DBDSBG01	AR958	cow	1994	Argentina	cattle
DBDSBH01	AR952	cow	1992	Argentina	cattle
DBDSBI01	AR954	cow	1992	Argentina	cattle
DBDSBJ01	AR951	cow	1992	Argentina	cattle
DBDSBK01	AR950	cow	1992	Argentina	cattle
DBDSBL01	AR949	cow	1992	Argentina	cattle
DBDSBM01	AR947	cow	1992	Argentina	cattle
DBDSBN01	AR946	cow	1991	Argentina	cattle
DBDSBO01	AR945	cow	1991	Argentina	cattle
DBDSBP01	AR944	cow	1991	Argentina	cattle
DBDSBQ01	AR942	cow	1995	Argentina	cattle
DBDSBR01	AR943	cow	1995	Argentina	cattle
DBDSBS01	AR940	cow	1995	Argentina	cattle
DBDSBT01	AR939	cow	1996	Argentina	cattle
DBDSBU01	AR937	cow	1991	Argentina	cattle
DBDSBV01	AR936	cow	1991	Argentina	cattle
DBDSBW01	AR935	cow	1991	Argentina	cattle
DBDSBX01	AR933	cow	1990	Argentina	cattle
DBDSBY01	AR932	cow	1990	Argentina	cattle
DBDSBZ01	AR931	cow	1990	Argentina	cattle
DBDSCA01	AR930	cow	1990	Argentina	cattle
DBDSCB01	AR925	cow	1990	Argentina	cattle
DBDSCC01	AR928	cow	1990	Argentina	cattle
DBDSCD01	AR929	cow	1990	Argentina	cattle
DBDSCE01	AR923	cow	1990	Argentina	cattle
DBDSCF01	AR927	cow	1990	Argentina	cattle
DBDSCG01	AR922	cow	1989	Argentina	cattle
DBDSCH01	AR920	cow	1989	Argentina	cattle
DBDSCI01	AR921	cow	1989	Argentina	cattle
DBDSCJ01	AR919	cow	1989	Argentina	cattle
DBDSCK01	AR918	cow	1989	Argentina	cattle
DBDSCL01	AR917	cow	1989	Argentina	cattle
DBDSCM01	AR915	cow	1989	Argentina	cattle
DBDSCN01	AR914	cow	1989	Argentina	cattle
DBDSCO01	AR916	cow	1989	Argentina	cattle
DBDSCP01	AR913	cow	1989	Argentina	cattle
DBDSCQ01	AR912	cow	1989	Argentina	cattle
DBDSCR01	AR911	cow	1990	Argentina	cattle
DBDSCS01	AR909	cow	1989	Argentina	cattle
DBDSCT01	AR907	cow	1996	Argentina	cattle
DBDSCU01	AR906	cow	1989	Argentina	cattle
DBDSCV01	AR905	cow	1989	Argentina	cattle
DBDSCW01	AR902	cow	1994	Argentina	cattle
DBDSCX01	AR900	cow	1994	Argentina	cattle
DBDSCY01	AR901	cow	1994	Argentina	cattle
DBDSCZ01	AR836	cow	2011	Argentina	cattle
DBDSDA01	AR835	cow	2011	Argentina	cattle
DBDSDB01	AR833	cow	2011	Argentina	cattle
DBDSDC01	AR834	cow	2011	Argentina	cattle
DBDSDD01	AR832	cow	2011	Argentina	cattle
DBDSDE01	AR830	cow	2011	Argentina	cattle
DBDSDF01	AR829	cow	2011	Argentina	cattle
DBDSDG01	AR828	cow	2011	Argentina	cattle
DBDSDH01	AR827	cow	2011	Argentina	cattle
DBDSDI01	AR826	cow	2011	Argentina	cattle
DBDSDJ01	AR824	cow	2011	Argentina	cattle
DBDSDK01	AR823	cow	2011	Argentina	cattle
DBDSDL01	AR825	cow	2011	Argentina	cattle
DBDSDM01	AR822	cow	2011	Argentina	cattle
DBDSDN01	AR820	cow	2003	Argentina	cattle
DBDSDO01	AR821	cow	2003	Argentina	cattle
DBDSDP01	AR819	cow	2003	Argentina	cattle
DBDSDQ01	AR818	cow	2003	Argentina	cattle
DBDSDR01	AR816	cow	2003	Argentina	cattle
DBDSDS01	AR817	cow	2003	Argentina	cattle
DBDSDT01	AR815	cow	2003	Argentina	cattle
DBDSDU01	AR814	cow	2003	Argentina	cattle
DBDSDV01	AR813	cow	2003	Argentina	cattle
DBDSDW01	AR811	cow	2003	Argentina	cattle
DBDSDX01	AR812	cow	2003	Argentina	cattle
DBDSDY01	AR810	cow	2003	Argentina	cattle
DBDSDZ01	AR809	cow	2003	Argentina	cattle
DBDSEA01	AR808	cow	2003	Argentina	cattle
DBDSEB01	AR807	cow	2003	Argentina	cattle
DBDSEC01	AR806	cow	2003	Argentina	cattle
DBDSED01	AR804	cow	2003	Argentina	cattle
DBDSEE01	AR805	cow	2003	Argentina	cattle
DBDSEF01	AR803	cow	2003	Argentina	cattle
DBDSEG01	AR802	cow	2003	Argentina	cattle
DBDSEH01	AR801	cow	2003	Argentina	cattle
DBDSEI01	AR800	cow	2003	Argentina	cattle
DBDSEJ01	V239	cow	unknown	Spain	cattle
DBDSEK01	K183	cow	2012	South Korea	cattle
DBDSEL01	K182	cow	2012	South Korea	cattle
DBDSEM01	K181	cow	2012	South Korea	cattle
DBDSEN01	K180	cow	2012	South Korea	cattle
DBDSEO01	K179	cow	2012	South Korea	cattle
DBDSEP01	K178	cow	2012	South Korea	cattle
DBDSEQ01	K177	cow	2012	South Korea	cattle
DBDSER01	K176	cow	2012	South Korea	cattle
DBDSES01	K175	cow	2012	South Korea	cattle
DBDSET01	K174	cow	2012	South Korea	cattle
DBDSEU01	K173	cow	2012	South Korea	cattle
DBDSEV01	K172	cow	2012	South Korea	cattle
DBDSEW01	K171	cow	2012	South Korea	cattle
DBDSEX01	K170	cow	2012	South Korea	cattle
DBDSEY01	K169	cow	2012	South Korea	cattle
DBDSEZ01	K168	cow	2012	South Korea	cattle
DBDSFA01	K166	cow	2012	South Korea	cattle
DBDSFB01	K165	cow	2012	South Korea	cattle
DBDSFC01	K164	cow	2012	South Korea	cattle
DBDSFD01	K163	cow	2012	South Korea	cattle
DBDSFE01	K162	cow	2012	South Korea	cattle
DBDSFF01	K161	cow	2012	South Korea	cattle
DBDSFG01	K160	cow	2012	South Korea	cattle
DBDSFH01	K159	cow	2012	South Korea	cattle
DBDSFI01	K158	cow	2012	South Korea	cattle
DBDSFJ01	K157	cow	2012	South Korea	cattle
DBDSFK01	K154	cow	2012	South Korea	cattle
DBDSFL01	K153	cow	2012	South Korea	cattle
DBDSFM01	K152	cow	2012	South Korea	cattle
DBDSFN01	K151	cow	2012	South Korea	cattle
DBDSFO01	K150	cow	2012	South Korea	cattle
DBDSFP01	K149	cow	2012	South Korea	cattle
DBDSFQ01	K148	cow	2012	South Korea	cattle
DBDSFR01	K147	cow	2012	South Korea	cattle
DBDSFS01	K146	cow	2012	South Korea	cattle
DBDSFT01	K145	cow	2012	South Korea	cattle
DBDSFU01	K144	cow	2012	South Korea	cattle
DBDSFV01	K143	cow	2012	South Korea	cattle
DBDSFW01	K140	cow	2012	South Korea	cattle
DBDSFX01	K142	cow	2012	South Korea	cattle
DBDSFY01	K139	cow	2012	South Korea	cattle
DBDSFZ01	K138	cow	2012	South Korea	cattle
DBDSGA01	K137	cow	2012	South Korea	cattle
DBDSGB01	K136	cow	2012	South Korea	cattle
DBDSGC01	K135	cow	2012	South Korea	cattle
DBDSGD01	K134	cow	2012	South Korea	cattle
DBDSGE01	K133	cow	2012	South Korea	cattle
DBDSGF01	K132	cow	2012	South Korea	cattle
DBDSGG01	K131	cow	2012	South Korea	cattle
DBDSGH01	K130	cow	2012	South Korea	cattle
DBDSGI01	K129	cow	2012	South Korea	cattle
DBDSGJ01	K128	cow	2012	South Korea	cattle
DBDSGK01	K127	cow	2012	South Korea	cattle
DBDSGL01	K126	cow	2012	South Korea	cattle
DBDSGM01	K125	cow	2012	South Korea	cattle
DBDSGN01	K124	cow	2012	South Korea	cattle
DBDSGO01	K123	cow	2012	South Korea	cattle
DBDSGP01	K119	cow	2012	South Korea	cattle
DBDSGQ01	K116	cow	2012	South Korea	cattle
DBDSGR01	K115	cow	2012	South Korea	cattle
DBDSGS01	K114	cow	2012	South Korea	cattle
DBDSGT01	K113	cow	2012	South Korea	cattle
DBDSGU01	K112	cow	2012	South Korea	cattle
DBDSGV01	K111	cow	2012	South Korea	cattle
DBDSGW01	K110	cow	2011	South Korea	cattle
DBDSGX01	K109	cow	2011	South Korea	cattle
DBDSGY01	K108	cow	2011	South Korea	cattle
DBDSGZ01	K107	cow	2011	South Korea	cattle
DBDSHA01	K106	cow	2011	South Korea	cattle
DBDSHB01	K105	cow	2011	South Korea	cattle
DBDSHC01	K104	cow	2011	South Korea	cattle
DBDSHD01	K103	cow	2011	South Korea	cattle
DBDSHE01	K100	cow	2011	South Korea	cattle
DBDSHF01	K101	cow	2011	South Korea	cattle
DBDSHG01	K99	cow	2011	South Korea	cattle
DBDSHH01	K102	cow	2011	South Korea	cattle
DBDSHI01	K97	cow	2011	South Korea	cattle
DBDSHJ01	K98	cow	2011	South Korea	cattle
DBDSHK01	K95	cow	2011	South Korea	cattle
DBDSHL01	K94	cow	2011	South Korea	cattle
DBDSHM01	K93	cow	2011	South Korea	cattle
DBDSHN01	K92	cow	2011	South Korea	cattle
DBDSHO01	K91	cow	2011	South Korea	cattle
DBDSHP01	K90	cow	2011	South Korea	cattle
DBDSHQ01	K89	cow	2010	South Korea	cattle
DBDSHR01	K87	cow	2010	South Korea	cattle
DBDSHS01	K88	cow	2010	South Korea	cattle
DBDSHT01	K84	cow	2010	South Korea	cattle
DBDSHU01	K85	cow	2010	South Korea	cattle
DBDSHV01	K86	cow	2010	South Korea	cattle
DBDSHW01	K83	cow	2010	South Korea	cattle
DBDSHX01	K82	cow	2010	South Korea	cattle
DBDSHY01	K81	cow	2010	South Korea	cattle
DBDSHZ01	K80	cow	2010	South Korea	cattle
DBDSIA01	K79	cow	2010	South Korea	cattle
DBDSIB01	K71	cow	2010	South Korea	cattle
DBDSIC01	K72	cow	2010	South Korea	cattle
DBDSID01	K73	cow	2010	South Korea	cattle
DBDSIE01	K70	cow	2010	South Korea	cattle
DBDSIF01	K67	cow	2010	South Korea	cattle
DBDSIG01	K66	cow	2010	South Korea	cattle
DBDSIH01	K65	cow	2010	South Korea	cattle
DBDSII01	K64	cow	2010	South Korea	cattle
DBDSIJ01	K62	cow	2010	South Korea	cattle
DBDSIK01	K63	cow	2010	South Korea	cattle
DBDSIL01	K60	cow	2010	South Korea	cattle
DBDSIM01	K61	cow	2010	South Korea	cattle
DBDSIN01	K57	cow	2010	South Korea	cattle
DBDSIO01	K59	cow	2010	South Korea	cattle
DBDSIP01	K56	cow	2010	South Korea	cattle
DBDSIQ01	K55	cow	2010	South Korea	cattle
DBDSIR01	K58	cow	2010	South Korea	cattle
DBDSIS01	K54	cow	2010	South Korea	cattle
DBDSIT01	K53	cow	2010	South Korea	cattle
DBDSIU01	K51	cow	2010	South Korea	cattle
DBDSIV01	K50	cow	2010	South Korea	cattle
DBDSIW01	K49	cow	2010	South Korea	cattle
DBDSIX01	K47	cow	2010	South Korea	cattle
DBDSIY01	K45	cow	2010	South Korea	cattle
DBDSIZ01	K43	cow	2010	South Korea	cattle
DBDSJA01	K44	cow	2010	South Korea	cattle
DBDSJB01	K42	cow	2010	South Korea	cattle
DBDSJC01	K41	cow	2010	South Korea	cattle
DBDSJD01	K40	cow	2010	South Korea	cattle
DBDSJE01	K39	cow	2010	South Korea	cattle
DBDSJF01	K35	cow	2010	South Korea	cattle
DBDSJG01	K36	cow	2010	South Korea	cattle
DBDSJH01	K34	cow	2010	South Korea	cattle
DBDSJI01	K32	cow	2010	South Korea	cattle
DBDSJJ01	K31	cow	2010	South Korea	cattle
DBDSJK01	K29	cow	2010	South Korea	cattle
DBDSJL01	K25	cow	2011	South Korea	cattle
DBDSJM01	K28	cow	2010	South Korea	cattle
DBDSJN01	K26	cow	2010	South Korea	cattle
DBDSJO01	K24	cow	2011	South Korea	cattle
DBDSJP01	K23	cow	2011	South Korea	cattle
DBDSJQ01	K22	cow	2011	South Korea	cattle
DBDSJR01	K20	cow	2011	South Korea	cattle
DBDSJS01	K21	cow	2011	South Korea	cattle
DBDSJT01	K18	cow	2011	South Korea	cattle
DBDSJU01	K19	cow	2011	South Korea	cattle
DBDSJV01	K14	cow	2011	South Korea	cattle
DBDSJW01	K16	cow	2011	South Korea	cattle
DBDSJX01	K12	cow	2011	South Korea	cattle
DBDSJY01	K13	cow	2011	South Korea	cattle
DBDSJZ01	K11	cow	2011	South Korea	cattle
DBDSKA01	K9	cow	2011	South Korea	cattle
DBDSKB01	K6	cow	2011	South Korea	cattle
DBDSKC01	K3	cow	2011	South Korea	cattle
DBDSKD01	K10	cow	2011	South Korea	cattle
DBDSKE01	K8	cow	2011	South Korea	cattle
DBDSKF01	K2	cow	2011	South Korea	cattle
DBDSKG01	K1	cow	2011	South Korea	cattle
DBDSKH01	K215	cow	2012	South Korea	cattle
DBDSKI01	K220	cow	2012	South Korea	cattle
DBDSKJ01	K167	cow	2012	South Korea	cattle
DBDSKK01	K155	cow	2012	South Korea	cattle
DBDSKL01	K226	cow	2011	South Korea	cattle
DBDSKM01	K96	cow	2012	South Korea	cattle
DBDSKN01	K225	cow	2012	South Korea	cattle
DBDSKO01	K224	cow	2012	South Korea	cattle
DBDSKP01	K222	cow	2012	South Korea	cattle
DBDSKQ01	K223	cow	2012	South Korea	cattle
DBDSKR01	K221	cow	2012	South Korea	cattle
DBDSKS01	K219	cow	2012	South Korea	cattle
DBDSKT01	K217	cow	2012	South Korea	cattle
DBDSKU01	K218	cow	2012	South Korea	cattle
DBDSKV01	K216	cow	2012	South Korea	cattle
DBDSKW01	K214	cow	2012	South Korea	cattle
DBDSKX01	K212	cow	2012	South Korea	cattle
DBDSKY01	K213	cow	2012	South Korea	cattle
DBDSKZ01	K211	cow	2012	South Korea	cattle
DBDSLA01	K210	cow	2012	South Korea	cattle
DBDSLB01	K209	cow	2012	South Korea	cattle
DBDSLC01	K208	cow	2012	South Korea	cattle
DBDSLD01	K206	cow	2012	South Korea	cattle
DBDSLE01	K207	cow	2012	South Korea	cattle
DBDSLF01	K204	cow	2012	South Korea	cattle
DBDSLG01	K205	cow	2012	South Korea	cattle
DBDSLH01	K203	cow	2012	South Korea	cattle
DBDSLI01	K201	cow	2012	South Korea	cattle
DBDSLJ01	K200	cow	2012	South Korea	cattle
DBDSLK01	K199	cow	2012	South Korea	cattle
DBDSLL01	K196	cow	2012	South Korea	cattle
DBDSLM01	K195	cow	2012	South Korea	cattle
DBDSLN01	K194	cow	2012	South Korea	cattle
DBDSLO01	K191	cow	2012	South Korea	cattle
DBDSLP01	K192	cow	2012	South Korea	cattle
DBDSLQ01	K193	cow	2012	South Korea	cattle
DBDSLR01	K190	cow	2012	South Korea	cattle
DBDSLS01	K189	cow	2012	South Korea	cattle
DBDSLT01	K187	cow	2012	South Korea	cattle
DBDSLU01	K188	cow	2012	South Korea	cattle
DBDSLV01	K186	cow	2012	South Korea	cattle
DBDSLW01	K185	cow	2012	South Korea	cattle
DBDSLX01	L18	cow	2014	South Africa	cattle
DBDSLY01	L17	cow	2014	South Africa	cattle
DBDSLZ01	L14	cow	2014	South Africa	cattle
DBDSMA01	L15	cow	2014	South Africa	cattle
DBDSMB01	L16	cow	2014	South Africa	cattle
DBDSMC01	L13	cow	2014	South Africa	cattle
DBDSMD01	L12	cow	2014	South Africa	cattle
DBDSME01	L11	cow	2014	South Africa	cattle
DBDSMF01	L10	cow	2014	South Africa	cattle
DBDSMG01	L9	cow	2014	South Africa	cattle
DBDSMH01	L8	cow	2014	South Africa	cattle
DBDSMI01	L7	cow	2014	South Africa	cattle
DBDSMJ01	L6	cow	2014	South Africa	cattle
DBDSMK01	L5	cow	2014	South Africa	cattle
DBDSML01	L2	cow	2014	South Africa	cattle
DBDSMM01	I21	cow	2014	South Africa	cattle
DBDSMN01	L4	cow	2014	South Africa	cattle
DBDSMP01	I20	cow	2014	South Africa	cattle
DBDSMQ01	I19	cow	2014	South Africa	cattle
DBDSMR01	I18	cow	2014	South Africa	cattle
DBDSMS01	I17	cow	2014	South Africa	cattle
DBDSMT01	I16	cow	2014	South Africa	cattle
DBDSMU01	I15	cow	2014	South Africa	cattle
DBDSMV01	I13	cow	2014	South Africa	cattle
DBDSMW01	I12	cow	2014	South Africa	cattle
DBDSMX01	I14	cow	2014	South Africa	cattle
DBDSMY01	I11	cow	2014	South Africa	cattle
DBDSMZ01	I9	cow	2014	South Africa	cattle
DBDSNA01	I10	cow	2014	South Africa	cattle
DBDSNB01	I8	cow	2014	South Africa	cattle
DBDSNC01	I6	cow	2014	South Africa	cattle
DBDSND01	I7	cow	2014	South Africa	cattle
DBDSNE01	I5	cow	2014	South Africa	cattle
DBDSNF01	I4	cow	2014	South Africa	cattle
DBDSNH01	I3	cow	2014	South Africa	cattle
DBDSNJ01	I1	cow	2014	South Africa	cattle
DBDSNL01	H3	cow	2014	South Africa	cattle
DBDSNM01	H2	cow	2014	South Africa	cattle
DBDSNN01	H1	cow	2014	South Africa	cattle
DBDSNP01	F22	cow	2014	South Africa	cattle
DBDSNQ01	F21	cow	2014	South Africa	cattle
DBDSNR01	F20	cow	2014	South Africa	cattle
DBDSNS01	F19	cow	2014	South Africa	cattle
DBDSNT01	F18	cow	2014	South Africa	cattle
DBDSNU01	F16	cow	2014	South Africa	cattle
DBDSNV01	F17	cow	2014	South Africa	cattle
DBDSNW01	F15	cow	2014	South Africa	cattle
DBDSNX01	F14	cow	2014	South Africa	cattle
DBDSNY01	F13	cow	2014	South Africa	cattle
DBDSNZ01	F12	cow	2014	South Africa	cattle
DBDSOA01	F11	cow	2014	South Africa	cattle
DBDSOB01	F10	cow	2014	South Africa	cattle
DBDSOC01	F9	cow	2014	South Africa	cattle
DBDSOD01	F8	cow	2014	South Africa	cattle
DBDSOE01	F7	cow	2014	South Africa	cattle
DBDSOF01	F6	cow	2014	South Africa	cattle
DBDSOG01	F5	cow	2014	South Africa	cattle
DBDSOH01	F4	cow	2014	South Africa	cattle
DBDSOI01	F3	cow	2014	South Africa	cattle
DBDSOJ01	F2	cow	2014	South Africa	cattle
DBDSOK01	F1	cow	2014	South Africa	cattle
DBDSOL01	G18	cow	2014	South Africa	cattle
DBDSOM01	G16	cow	2014	South Africa	cattle
DBDSON01	G14	cow	2014	South Africa	cattle
DBDSOO01	G12	cow	2014	South Africa	cattle
DBDSOP01	G11	cow	2014	South Africa	cattle
DBDSOQ01	G10	cow	2014	South Africa	cattle
DBDSOR01	G9	cow	2014	South Africa	cattle
DBDSOS01	G7	cow	2014	South Africa	cattle
DBDSOT01	G8	cow	2014	South Africa	cattle
DBDSOU01	G5	cow	2014	South Africa	cattle
DBDSOV01	G6	cow	2014	South Africa	cattle
DBDSOW01	G4	cow	2014	South Africa	cattle
DBDSOX01	G3	cow	2014	South Africa	cattle
DBDSOY01	G2	cow	2014	South Africa	cattle
DBDSOZ01	E29	cow	2014	South Africa	cattle
DBDSPA01	E28	cow	2014	South Africa	cattle
DBDSPB01	E30	cow	2014	South Africa	cattle
DBDSPC01	E27	cow	2014	South Africa	cattle
DBDSPD01	E26	cow	2014	South Africa	cattle
DBDSPE01	E25	cow	2014	South Africa	cattle
DBDSPF01	E24	cow	2014	South Africa	cattle
DBDSPG01	E23	cow	2014	South Africa	cattle
DBDSPH01	E22	cow	2014	South Africa	cattle
DBDSPI01	E21	cow	2014	South Africa	cattle
DBDSPJ01	E20	cow	2014	South Africa	cattle
DBDSPK01	E19	cow	2014	South Africa	cattle
DBDSPL01	E18	cow	2014	South Africa	cattle
DBDSPM01	E16	cow	2014	South Africa	cattle
DBDSPN01	E17	cow	2014	South Africa	cattle
DBDSPO01	E14	cow	2014	South Africa	cattle
DBDSPP01	E15	cow	2014	South Africa	cattle
DBDSPQ01	E10	cow	2014	South Africa	cattle
DBDSPR01	E11	cow	2014	South Africa	cattle
DBDSPS01	E9	cow	2014	South Africa	cattle
DBDSPT01	E13	cow	2014	South Africa	cattle
DBDSPU01	E7	cow	2014	South Africa	cattle
DBDSPV01	E8	cow	2014	South Africa	cattle
DBDSPW01	E6	cow	2014	South Africa	cattle
DBDSPX01	E5	cow	2014	South Africa	cattle
DBDSPY01	E4	cow	2014	South Africa	cattle
DBDSPZ01	E3	cow	2014	South Africa	cattle
DBDSQA01	E2	cow	2014	South Africa	cattle
DBDSQC01	D15	cow	2014	South Africa	cattle
DBDSQE01	D14	cow	2014	South Africa	cattle
DBDSQF01	D13	cow	2014	South Africa	cattle
DBDSQG01	D12	cow	2014	South Africa	cattle
DBDSQH01	D11	cow	2014	South Africa	cattle
DBDSQI01	D10	cow	2014	South Africa	cattle
DBDSQJ01	D9	cow	2014	South Africa	cattle
DBDSQK01	D8	cow	2014	South Africa	cattle
DBDSQL01	D4	cow	2014	South Africa	cattle
DBDSQM01	D5	cow	2014	South Africa	cattle
DBDSQN01	D2	cow	2014	South Africa	cattle
DBDSQO01	D7	cow	2014	South Africa	cattle
DBDSQP01	D6	cow	2014	South Africa	cattle
DBDSQQ01	D1	cow	2014	South Africa	cattle
DBDSQR01	C4	cow	2014	South Africa	cattle
DBDSQS01	C2	cow	2014	South Africa	cattle
DBDSQU01	C1	cow	2014	South Africa	cattle
DBDSQV01	B17	cow	2014	South Africa	cattle
DBDSQX01	B9	cow	2014	South Africa	cattle
DBDSQY01	B12	cow	2014	South Africa	cattle
DBDSQZ01	B10	cow	2014	South Africa	cattle
DBDSRA01	B15	cow	2014	South Africa	cattle
DBDSRB01	B13	cow	2014	South Africa	cattle
DBDSRC01	B7	cow	2014	South Africa	cattle
DBDSRD01	B8	cow	2014	South Africa	cattle
DBDSRE01	B3	cow	2014	South Africa	cattle
DBDSRF01	B6	cow	2014	South Africa	cattle
DBDSRH01	A5	cow	2014	South Africa	cattle
DBDSRI01	B2	cow	2014	South Africa	cattle
DBDSRJ01	A4	cow	2014	South Africa	cattle
DBDSRK01	73	cow	2015	Brazil	cattle
DBDSRL01	A1	cow	2014	South Africa	cattle
DBDSRM01	A3	cow	2014	South Africa	cattle
DBDSRN01	A2	cow	2014	South Africa	cattle
DBDSRO01	209	cow	2014	Brazil	cattle
DBDSRP01	72	cow	2015	Brazil	cattle
DBDSRQ01	208	cow	2014	Brazil	cattle
DBDSRR01	207	cow	2014	Brazil	cattle
DBDSRS01	206	cow	2014	Brazil	cattle
DBDSRT01	204	cow	2014	Brazil	cattle
DBDSRU01	205	cow	2014	Brazil	cattle
DBDSRV01	202	cow	2014	Brazil	cattle
DBDSRW01	203	cow	2014	Brazil	cattle
DBDSRX01	201	cow	2014	Brazil	cattle
DBDSRY01	200	cow	2014	Brazil	cattle
DBDSRZ01	198	cow	2014	Brazil	cattle
DBDSSA01	199	cow	2014	Brazil	cattle
DBDSSB01	197	cow	2014	Brazil	cattle
DBDSSC01	195	cow	2014	Brazil	cattle
DBDSSD01	196	cow	2014	Brazil	cattle
DBDSSE01	194	cow	2014	Brazil	cattle
DBDSSF01	193	cow	2014	Brazil	cattle
DBDSSG01	192	cow	2014	Brazil	cattle
DBDSSH01	191	cow	2014	Brazil	cattle
DBDSSI01	190	cow	2014	Brazil	cattle
DBDSSJ01	189	cow	2014	Brazil	cattle
DBDSSK01	188	cow	2014	Brazil	cattle
DBDSSL01	187	cow	2014	Brazil	cattle
DBDSSM01	186	cow	2014	Brazil	cattle
DBDSSN01	117	cow	2011	Brazil	cattle
DBDSSO01	269	cow	2015	Brazil	cattle
DBDSSP01	281	cow	2014	Brazil	cattle
DBDSSQ01	266	cow	2014	Brazil	cattle
DBDSSR01	262	cow	2014	Brazil	cattle
DBDSSS01	258	cow	2014	Brazil	cattle
DBDSST01	257	cow	2014	Brazil	cattle
DBDSSU01	247	cow	2015	Brazil	cattle
DBDSSV01	240	cow	2015	Brazil	cattle
DBDSSW01	246	cow	2015	Brazil	cattle
DBDSSX01	235	cow	2015	Brazil	cattle
DBDSSY01	215	cow	2015	Brazil	cattle
DBDSSZ01	221	cow	2015	Brazil	cattle
DBDSTA01	214	cow	2015	Brazil	cattle
DBDSTB01	211	cow	2015	Brazil	cattle
DBDSTC01	208	cow	2015	Brazil	cattle
DBDSTD01	201	cow	2015	Brazil	cattle
DBDSTE01	187	cow	2015	Brazil	cattle
DBDSTF01	143	cow	2015	Brazil	cattle
DBDSTG01	135	cow	2015	Brazil	cattle
DBDSTH01	141	cow	2015	Brazil	cattle
DBDSTI01	134	cow	2014	Brazil	cattle
DBDSTJ01	132	cow	2015	Brazil	cattle
DBDSTK01	131	cow	2015	Brazil	cattle
DBDSTL01	128	cow	2014	Brazil	cattle
DBDSTM01	127	cow	2015	Brazil	cattle
DBDSTN01	123	cow	2014	Brazil	cattle
DBDSTO01	122	cow	2015	Brazil	cattle
DBDSTP01	108	cow	2015	Brazil	cattle
DBDSTQ01	111	cow	2014	Brazil	cattle
DBDSTS01	103	cow	2015	Brazil	cattle
DBDSTT01	102	cow	2015	Brazil	cattle
DBDSTU01	99	cow	2015	Brazil	cattle
DBDSTV01	93	cow	2015	Brazil	cattle
DBDSTW01	74	cow	2015	Brazil	cattle
DBDSTX01	91	cow	2015	Brazil	cattle
DBDSTY01	68	cow	2015	Brazil	cattle
DBDSTZ01	64	cow	2015	Brazil	cattle
DBDSUA01	60	cow	2015	Brazil	cattle
DBDSUB01	55	cow	2015	Brazil	cattle
DBDSUC01	58	cow	2015	Brazil	cattle
DBDSUD01	46	cow	2015	Brazil	cattle
DBDSUE01	41	cow	2015	Brazil	cattle
DBDSUF01	37	cow	2014	Brazil	cattle
DBDSUG01	31	cow	2014	Brazil	cattle
DBDSUI01	3	cow	2014	Brazil	cattle
DBDSUJ01	15	cow	2014	Brazil	cattle
DBDSUK01	21123_ST2542	pig	2010	USA	pig
DBDSUL01	1	cow	2014	Brazil	cattle
DBDSUM01	21122_ST2541	pig	2010	USA	pig
DBDSUN01	21119_ST2538	pig	2010	USA	pig
DBDSUO01	21120_ST2539	pig	2010	USA	pig
DBDSUP01	21117_ST2536	pig	2010	USA	pig
DBDSUQ01	21118_ST2537	pig	2010	USA	pig
DBDSUR01	ST 2535	pig	2010	USA	pig
DBDSUS01	21115_ST2534	pig	2010	USA	pig
DBDSUT01	21114_ST2533	pig	2010	USA	pig
DBDSUU01	21113_ST2532	pig	2010	USA	pig
DBDSUV01	21112_ST2531	pig	2010	USA	pig
DBDSUW01	21110_ST2529	pig	2010	USA	pig
DBDSUX01	21109_ST2528	pig	2010	USA	pig
DBDSUY01	21108_ST2527	pig	2010	USA	pig
DBDSUZ01	21107_ST2526	pig	2010	USA	pig
DBDSVA01	21105_ST2524	pig	2010	USA	pig
DBDSVB01	21104_ST2523	pig	2010	USA	pig
DBDSVC01	21103_ST2522	pig	2010	USA	pig
DBDSVD01	21102_ST2521	pig	2010	USA	pig
DBDSVE01	21100_ST2519	pig	2010	USA	pig
DBDSVF01	21099_ST2518	pig	2010	USA	pig
DBDSVG01	21096_ST2515	pig	2010	USA	pig
DBDSVH01	21095_ST2514	pig	2010	USA	pig
DBDSVI01	21098_ST2517	pig	2010	USA	pig
DBDSVJ01	21094_ST2513	pig	2010	USA	pig
DBDSVK01	21097_ST2516	pig	2010	USA	pig
DBDSVL01	21093_ST2512	pig	2010	USA	pig
DBDSVM01	21092_ST2511	pig	2010	USA	pig
DBDSVN01	21091_ST2510	pig	2010	USA	pig
DBDSVO01	21089_ST2508	pig	2010	USA	pig
DBDSVP01	21090_ST2509	pig	2010	USA	pig
DBDSVQ01	21088_ST2507	pig	2010	USA	pig
DBDSVR01	21087_ST2506	pig	2010	USA	pig
DBDSVS01	21085_ST2504	pig	2010	USA	pig
DBDSVT01	21083_ST2502	pig	2010	USA	pig
DBDSVU01	21084_ST2503	pig	2010	USA	pig
DBDSVV01	21082_ST2501	pig	2010	USA	pig
DBDSVW01	21081_ST2500	pig	2010	USA	pig
DBDSVX01	21080_ST2499	pig	2010	USA	pig
DBDSVY01	21079_ST2498	pig	2010	USA	pig
DBDSVZ01	21078_ST2497	pig	2010	USA	pig
DBDSWA01	21076_ST2495	pig	2010	USA	pig
DBDSWB01	21077_ST2496	pig	2010	USA	pig
DBDSWC01	21075_ST2494	pig	2010	USA	pig
DBDSWD01	21074_ST2493	pig	2010	USA	pig
DBDSWE01	21073_ST2492	pig	2010	USA	pig
DBDSWF01	21071_ST2490	pig	2010	USA	pig
DBDSWG01	21072_ST2491	pig	2010	USA	pig
DBDSWH01	21070_ST2489	pig	2010	USA	pig
DBDSWI01	21069_ST2488	pig	2010	USA	pig
DBDSWJ01	21068_ST2487	pig	2010	USA	pig
DBDSWK01	21067_ST2486	pig	2010	USA	pig
DBDSWL01	21066_ST2485	pig	2010	USA	pig
DBDSWM01	21064_ST2483	pig	2010	USA	pig
DBDSWN01	21065_ST2484	pig	2010	USA	pig
DBDSWO01	21063_ST2482	pig	2010	USA	pig
DBDSWP01	21062_ST2481	pig	2010	USA	pig
DBDSWQ01	21061_ST2480	pig	2010	USA	pig
DBDSWR01	21060_ST2479	pig	2010	USA	pig
DBDSWS01	21059_ST2478	pig	2010	USA	pig
DBDSWT01	21058_ST2477	pig	2010	USA	pig
DBDSWU01	21056_ST2475	pig	2010	USA	pig
DBDSWV01	21057_ST2476	pig	2010	USA	pig
DBDSWW01	21053_ST2472	pig	2010	USA	pig
DBDSWX01	21055_ST2474	pig	2010	USA	pig
DBDSWY01	21054_ST2473	pig	2010	USA	pig
DBDSWZ01	21052_ST2471	pig	2010	USA	pig
DBDSXA01	21051_ST2470	pig	2010	USA	pig
DBDSXB01	21050_ST2469	pig	2010	USA	pig
DBDSXC01	21049_ST2468	pig	2010	USA	pig
DBDSXD01	21048_ST2467	pig	2010	USA	pig
DBDSXE01	21047_ST2466	pig	2010	USA	pig
DBDSXF01	21046_ST2465	pig	2010	USA	pig
DBDSXG01	21045_ST2464	pig	2010	USA	pig
DBDSXH01	21044_ST2463	pig	2010	USA	pig
DBDSXI01	21042_ST2461	pig	2010	USA	pig
DBDSXJ01	21041_ST2460	pig	2010	USA	pig
DBDSXK01	21043_ST2462	pig	2010	USA	pig
DBDSXL01	21040_ST2459	pig	2010	USA	pig
DBDSXM01	21039_ST2458	pig	2010	USA	pig
DBDSXN01	21038_ST2457	pig	2010	USA	pig
DBDSXO01	21037_ST2456	pig	2010	USA	pig
DBDSXP01	21035_ST2454	pig	2010	USA	pig
DBDSXQ01	21034_ST2453	pig	2010	USA	pig
DBDSXR01	21033_ST2452	pig	2010	USA	pig
DBDSXS01	21032_ST2451	pig	2010	USA	pig
DBDSXT01	21031_ST2450	pig	2010	USA	pig
DBDSXU01	21030_ST2448	pig	2010	USA	pig
DBDSXV01	21029_ST2447	pig	2010	USA	pig
DBDSXW01	21028_ST2446	pig	2010	USA	pig
DBDSXX01	W13/2/26	cow	2013	Australia	cattle
DBDSXY01	W13/2/24	cow	2013	Australia	cattle
DBDSXZ01	W13/2/16	cow	2013	Australia	cattle
DBDSYA01	V13/2/94	cow	2013	Australia	cattle
DBDSYB01	V13/2/98	cow	2013	Australia	cattle
DBDSYC01	V13/2/91	cow	2013	Australia	cattle
DBDSYD01	V13/2/90	cow	2013	Australia	cattle
DBDSYE01	V13/2/68	cow	2013	Australia	cattle
DBDSYF01	V13/2/76	cow	2013	Australia	cattle
DBDSYG01	V13/2/499	cow	2013	Australia	cattle
DBDSYH01	V13/2/49	cow	2013	Australia	cattle
DBDSYI01	V13/2/489	cow	2013	Australia	cattle
DBDSYJ01	V13/2/461	cow	2013	Australia	cattle
DBDSYK01	V13/2/450	cow	2013	Australia	cattle
DBDSYL01	V13/2/45	cow	2013	Australia	cattle
DBDSYM01	V13/2/43	cow	2013	Australia	cattle
DBDSYN01	V13/2/428	cow	2013	Australia	cattle
DBDSYO01	V13/2/424	cow	2013	Australia	cattle
DBDSYP01	V13/2/41	cow	2013	Australia	cattle
DBDSYQ01	V13/2/396	cow	2013	Australia	cattle
DBDSYR01	V13/2/374	cow	2013	Australia	cattle
DBDSYS01	V13/2/373	cow	2013	Australia	cattle
DBDSYT01	V13/2/370	cow	2013	Australia	cattle
DBDSYU01	V13/2/37	cow	2013	Australia	cattle
DBDSYV01	V13/2/358	cow	2013	Australia	cattle
DBDSYW01	V13/2/342	cow	2013	Australia	cattle
DBDSYX01	V13/2/340	cow	2013	Australia	cattle
DBDSYY01	V13/2/335	cow	2013	Australia	cattle
DBDSYZ01	V13/2/334	cow	2013	Australia	cattle
DBDSZA01	V13/2/336	cow	2013	Australia	cattle
DBDSZB01	V13/2/327	cow	2013	Australia	cattle
DBDSZC01	V13/2/320	cow	2013	Australia	cattle
DBDSZD01	V13/2/273	cow	2013	Australia	cattle
DBDSZE01	V13/2/29	cow	2013	Australia	cattle
DBDSZF01	V13/2/261	cow	2013	Australia	cattle
DBDSZG01	V13/2/267	cow	2013	Australia	cattle
DBDSZH01	V13/2/27	cow	2013	Australia	cattle
DBDSZI01	V13/2/258	cow	2013	Australia	cattle
DBDSZJ01	V13/2/249	cow	2013	Australia	cattle
DBDSZK01	V13/2/247	cow	2013	Australia	cattle
DBDSZL01	V13/2/248	cow	2013	Australia	cattle
DBDSZM01	V13/2/234	cow	2013	Australia	cattle
DBDSZN01	V13/2/21	cow	2013	Australia	cattle
DBDSZO01	V13/2/190	cow	2013	Australia	cattle
DBDSZP01	V13/2/182	cow	2013	Australia	cattle
DBDSZQ01	V13/2/201	cow	2013	Australia	cattle
DBDSZR01	V13/2/174	cow	2013	Australia	cattle
DBDSZS01	V13/2/154	cow	2013	Australia	cattle
DBDSZT01	V13/2/129	cow	2013	Australia	cattle
DBDSZU01	V13/2/116	cow	2013	Australia	cattle
DBDSZV01	V13/2/108	cow	2013	Australia	cattle
DBDSZW01	V13/2/107	cow	2013	Australia	cattle
DBDSZX01	T13/1/74	cow	2013	Australia	cattle
DBDSZY01	T13/1/76	cow	2013	Australia	cattle
DBDSZZ01	T13/1/71	cow	2013	Australia	cattle
DBDTAA01	T13/1/7	cow	2013	Australia	cattle
DBDTAB01	T13/1/69	cow	2013	Australia	cattle
DBDTAC01	T13/1/68	cow	2013	Australia	cattle
DBDTAD01	T13/1/66	cow	2013	Australia	cattle
DBDTAE01	T13/1/60	cow	2013	Australia	cattle
DBDTAF01	T13/1/6	cow	2013	Australia	cattle
DBDTAG01	T13/1/54	cow	2013	Australia	cattle
DBDTAH01	T13/1/48	cow	2013	Australia	cattle
DBDTAI01	T13/1/5	cow	2013	Australia	cattle
DBDTAJ01	T13/1/36	cow	2013	Australia	cattle
DBDTAK01	T13/1/34	cow	2013	Australia	cattle
DBDTAL01	T13/1/33	cow	2013	Australia	cattle
DBDTAM01	T13/1/29	cow	2013	Australia	cattle
DBDTAN01	T13/1/31	cow	2013	Australia	cattle
DBDTAO01	T13/1/3	cow	2013	Australia	cattle
DBDTAP01	T13/1/25	cow	2013	Australia	cattle
DBDTAQ01	T13/1/17	cow	2013	Australia	cattle
DBDTAR01	T13/1/15	cow	2013	Australia	cattle
DBDTAS01	Q13/4/83	cow	2013	Australia	cattle
DBDTAT01	Q13/4/81	cow	2013	Australia	cattle
DBDTAU01	Q13/4/82	cow	2013	Australia	cattle
DBDTAV01	Q13/4/76	cow	2013	Australia	cattle
DBDTAW01	Q13/4/71	cow	2013	Australia	cattle
DBDTAX01	Q13/4/70	cow	2013	Australia	cattle
DBDTAY01	Q13/4/68	cow	2013	Australia	cattle
DBDTAZ01	Q13/4/69	cow	2013	Australia	cattle
DBDTBA01	Q13/4/66	cow	2013	Australia	cattle
DBDTBB01	Q13/4/67	cow	2013	Australia	cattle
DBDTBC01	Q13/4/65	cow	2013	Australia	cattle
DBDTBD01	Q13/4/63	cow	2013	Australia	cattle
DBDTBE01	Q13/4/61	cow	2013	Australia	cattle
DBDTBF01	Q13/4/144	cow	2013	Australia	cattle
DBDTBG01	Q13/4/143	cow	2013	Australia	cattle
DBDTBH01	Q13/4/142	cow	2013	Australia	cattle
DBDTBI01	N13/2/5	cow	2013	Australia	cattle
DBDTBJ01	Q13/4/139	cow	2013	Australia	cattle
DBDTBK01	N13/2/18	cow	2013	Australia	cattle
DBDTBL01	N13/2/27	cow	2013	Australia	cattle
DBDTBM01	N13/2/17	cow	2013	Australia	cattle
DBDTBN01	N13/2/19	cow	2013	Australia	cattle
DBDTBO01	N13/2/16	cow	2013	Australia	cattle
DBDTBP01	N13/2/13	cow	2013	Australia	cattle
DBDTBQ01	N13/2/12	cow	2013	Australia	cattle
DBDTBR01	N13/1/85	cow	2013	Australia	cattle
DBDTBS01	N13/1/80	cow	2013	Australia	cattle
DBDTBT01	N13/1/789	cow	2013	Australia	cattle
DBDTBU01	N13/1/768	cow	2013	Australia	cattle
DBDTBV01	N13/1/783	cow	2013	Australia	cattle
DBDTBW01	N13/1/759	cow	2013	Australia	cattle
DBDTBX01	N13/1/654	cow	2013	Australia	cattle
DBDTBY01	N13/1/555	cow	2013	Australia	cattle
DBDTBZ01	N13/1/424	cow	2013	Australia	cattle
DBDTCA01	N13/1/293	cow	2013	Australia	cattle
DBDTCB01	N13/1/220	cow	2013	Australia	cattle
DBDTCC01	N13/1/100	cow	2013	Australia	cattle
DBDTCD01	V13/2/30	cow	2013	Australia	cattle
DBDTCE01	V13/2/162	cow	2013	Australia	cattle
DBDTCF01	T13/1/32	cow	2013	Australia	cattle
DBDTCG01	V13/2/230	cow	2013	Australia	cattle
DBDTCH01	V13/2/23	cow	2013	Australia	cattle
DBDTCI01	V13/2/318	cow	2013	Australia	cattle
DBDTCJ01	V13/2/337	cow	2013	Australia	cattle
DBDTCK01	N13/1/86	cow	2013	Australia	cattle
DBDTCL01	N13/1/93	cow	2013	Australia	cattle
DBDTCM01	V13/2/105	cow	2013	Australia	cattle
DBDTCN01	V13/2/4	cow	2013	Australia	cattle
DBDTCO01	V13/2/27	cow	2013	Australia	cattle
DBDTCP01	N50	cow	1991	Norway	cattle
DBDTCQ01	N47	cow	1991	Norway	cattle
DBDTCR01	N49	cow	1991	Norway	cattle
DBDTCS01	N13/1/11	cow	2013	Australia	cattle
DBDTCT01	N45	cow	1991	Norway	cattle
DBDTCU01	N48	cow	1991	Norway	cattle
DBDTCV01	N40	cow	1991	Norway	cattle
DBDTCW01	N46	cow	1991	Norway	cattle
DBDTCX01	N39	cow	1991	Norway	cattle
DBDTCY01	N42	cow	1991	Norway	cattle
DBDTCZ01	N41	cow	1991	Norway	cattle
DBDTDA01	N43	cow	1991	Norway	cattle
DBDTDB01	N37	cow	1991	Norway	cattle
DBDTDC01	N38	cow	1991	Norway	cattle
DBDTDD01	N34	cow	1991	Norway	cattle
DBDTDE01	N36	cow	1991	Norway	cattle
DBDTDF01	N31	cow	1991	Norway	cattle
DBDTDG01	N25	cow	1991	Norway	cattle
DBDTDH01	N24	cow	1991	Norway	cattle
DBDTDI01	N29	cow	1991	Norway	cattle
DBDTDJ01	N26	cow	1991	Norway	cattle
DBDTDK01	N20	cow	1991	Norway	cattle
DBDTDL01	N23	cow	1991	Norway	cattle
DBDTDM01	N32	cow	1991	Norway	cattle
DBDTDN01	N14	cow	1991	Norway	cattle
DBDTDO01	N15	cow	1991	Norway	cattle
DBDTDP01	N30	cow	1991	Norway	cattle
DBDTDQ01	N17	cow	1991	Norway	cattle
DBDTDR01	N13	cow	1991	Norway	cattle
DBDTDS01	N11	cow	1991	Norway	cattle
DBDTDT01	N10	cow	1991	Norway	cattle
DBDTDU01	N8	cow	1991	Norway	cattle
DBDTDV01	N5	cow	1991	Norway	cattle
DBDTDW01	N4	cow	1991	Norway	cattle
DBDTDX01	N3	cow	1991	Norway	cattle
DBDTDY01	T50	cow	1991	Germany	cattle
DBDTDZ01	N2	cow	1991	Norway	cattle
DBDTEA01	N1	cow	1991	Norway	cattle
DBDTEB01	T48	cow	1991	Germany	cattle
DBDTEC01	T47	cow	1991	Germany	cattle
DBDTED01	T45	cow	1991	Germany	cattle
DBDTEE01	T44	cow	1991	Germany	cattle
DBDTEF01	T42	cow	1991	Germany	cattle
DBDTEG01	T39	cow	1991	Germany	cattle
DBDTEH01	T37	cow	1991	Germany	cattle
DBDTEI01	T35	cow	1991	Germany	cattle
DBDTEJ01	T34	cow	1991	Germany	cattle
DBDTEK01	T32	cow	1991	Germany	cattle
DBDTEL01	T30	cow	1991	Germany	cattle
DBDTEM01	T29	cow	1991	Germany	cattle
DBDTEN01	T28	cow	1991	Germany	cattle
DBDTEO01	T27	cow	1991	Germany	cattle
DBDTEP01	T26	cow	1991	Germany	cattle
DBDTEQ01	T21	cow	1991	Germany	cattle
DBDTER01	T18	cow	1991	Germany	cattle
DBDTES01	T12	cow	1991	Germany	cattle
DBDTET01	T19	cow	1991	Germany	cattle
DBDTEU01	T16	cow	1991	Germany	cattle
DBDTEV01	T10	cow	1991	Germany	cattle
DBDTEW01	T9	cow	1991	Germany	cattle
DBDTEX01	T8	cow	1991	Germany	cattle
DBDTEY01	T7	cow	1991	Germany	cattle
DBDTEZ01	T6	cow	1991	Germany	cattle
DBDTFA01	T4	cow	1991	Germany	cattle
DBDTFB01	T1	cow	1991	Germany	cattle
DBDTFC01	E44	cow	1991	United Kingdom	cattle
DBDTFD01	E49	cow	1991	United Kingdom	cattle
DBDTFE01	E43	cow	1991	United Kingdom	cattle
DBDTFF01	E38	cow	1991	United Kingdom	cattle
DBDTFG01	E41	cow	1991	United Kingdom	cattle
DBDTFH01	E34	cow	1991	United Kingdom	cattle
DBDTFI01	E30	cow	1991	United Kingdom	cattle
DBDTFJ01	E31	cow	1991	United Kingdom	cattle
DBDTFK01	E36	cow	1991	United Kingdom	cattle
DBDTFL01	E29	cow	1991	United Kingdom	cattle
DBDTFM01	E28	cow	1991	United Kingdom	cattle
DBDTFN01	E24	cow	1991	United Kingdom	cattle
DBDTFO01	E23	cow	1991	United Kingdom	cattle
DBDTFP01	E17	cow	1991	Finland	cattle
DBDTFQ01	E16	cow	1991	Finland	cattle
DBDTFR01	E22	cow	1991	United Kingdom	cattle
DBDTFS01	E14	cow	1991	Finland	cattle
DBDTFT01	E19	cow	1991	United Kingdom	cattle
DBDTFU01	E20	cow	1991	United Kingdom	cattle
DBDTFV01	E13	cow	1991	Finland	cattle
DBDTFW01	E11	cow	1991	Finland	cattle
DBDTFX01	E12	cow	1991	Finland	cattle
DBDTFY01	E8	cow	1991	Finland	cattle
DBDTFZ01	E5	cow	1991	Finland	cattle
DBDTGA01	E10	cow	1991	Finland	cattle
DBDTGB01	F50	cow	1991	Finland	cattle
DBDTGC01	E7	cow	1991	Finland	cattle
DBDTGD01	E1	cow	1991	Finland	cattle
DBDTGE01	E4	cow	1991	Finland	cattle
DBDTGF01	F47	cow	1991	Finland	cattle
DBDTGG01	E9	cow	1991	Finland	cattle
DBDTGH01	E6	cow	1991	Finland	cattle
DBDTGI01	F49	cow	1991	Finland	cattle
DBDTGJ01	E2	cow	1991	Finland	cattle
DBDTGK01	F42	cow	1991	Finland	cattle
DBDTGL01	F44	cow	1991	Finland	cattle
DBDTGM01	F19	cow	1991	Finland	cattle
DBDTGN01	F24	cow	1991	Finland	cattle
DBDTGO01	F29	cow	1991	Finland	cattle
DBDTGP01	F36	cow	1991	Finland	cattle
DBDTGQ01	F41	cow	1991	Finland	cattle
DBDTGR01	F16	cow	1991	Finland	cattle
DBDTGS01	F39	cow	1991	Finland	cattle
DBDTGT01	F7	cow	1991	Finland	cattle
DBDTGU01	F17	cow	1991	Finland	cattle
DBDTGV01	F13	cow	1991	Finland	cattle
DBDTGW01	F6	cow	1991	Finland	cattle
DBDTGX01	F5	cow	1991	Finland	cattle
DBDTGY01	F4	cow	1991	Finland	cattle
DBDTGZ01	F1	cow	1991	Finland	cattle
DBDTHA01	SV50	cow	1991	Sweden	cattle
DBDTHB01	SV48	cow	1991	Sweden	cattle
DBDTHC01	SV37	cow	1991	Sweden	cattle
DBDTHD01	SV44	cow	1991	Sweden	cattle
DBDTHE01	SV26	cow	1991	Sweden	cattle
DBDTHF01	SV46	cow	1991	Sweden	cattle
DBDTHG01	SV31	cow	1991	Sweden	cattle
DBDTHH01	SV25	cow	1991	Sweden	cattle
DBDTHI01	SV23	cow	1991	Sweden	cattle
DBDTHJ01	SV22	cow	1991	Sweden	cattle
DBDTHK01	SV19	cow	1991	Sweden	cattle
DBDTHL01	SV20	cow	1991	Sweden	cattle
DBDTHM01	SV17	cow	1991	Sweden	cattle
DBDTHN01	SV16	cow	1991	Sweden	cattle
DBDTHO01	SV15	cow	1991	Sweden	cattle
DBDTHP01	SV10	cow	1991	Sweden	cattle
DBDTHQ01	SV12	cow	1991	Sweden	cattle
DBDTHR01	SV8	cow	1991	Sweden	cattle
DBDTHS01	SV6	cow	1991	Sweden	cattle
DBDTHT01	SV4	cow	1991	Sweden	cattle
DBDTHU01	348	cow	1991	Switzerland	cattle
DBDTHV01	346	cow	1991	Switzerland	cattle
DBDTHW01	315	cow	1991	Switzerland	cattle
DBDTHX01	174	cow	1991	Switzerland	cattle
DBDTHY01	115	cow	1991	Switzerland	cattle
DBDTHZ01	107	cow	1991	Switzerland	cattle
DBDTIA01	112	cow	1991	Switzerland	cattle
DBDTIB01	103	cow	1991	Switzerland	cattle
DBDTIC01	99	cow	1991	Switzerland	cattle
DBDTID01	92	cow	1991	Switzerland	cattle
DBDTIE01	338	cow	1991	Switzerland	cattle
DBDTIF01	95	cow	1991	Switzerland	cattle
DBDTIG01	89	cow	1991	Switzerland	cattle
DBDTIH01	85	cow	1991	Switzerland	cattle
DBDTII01	83	cow	1991	Switzerland	cattle
DBDTIJ01	79	cow	1991	Switzerland	cattle
DBDTIK01	82	cow	1991	Switzerland	cattle
DBDTIL01	23	cow	1991	Zimbabwe	cattle
DBDTIM01	9	cow	1991	Zimbabwe	cattle
DBDTIN01	7	cow	1991	Zimbabwe	cattle
DBDTIO01	6	cow	1991	Zimbabwe	cattle
DBDTIP01	4	cow	1991	Zimbabwe	cattle
DBDTIQ01	5	cow	1991	Zimbabwe	cattle
DBDTIR01	15	cow	1991	Zimbabwe	cattle
DBDTIS01	3	cow	1991	Zimbabwe	cattle
DBDTIT01	2	cow	1991	Zimbabwe	cattle
DBDTIU01	1	cow	1991	Zimbabwe	cattle
DBDTIV01	122	cow	1991	Ireland	cattle
DBDTIW01	120	cow	1991	Ireland	cattle
DBDTIX01	119	cow	1991	Ireland	cattle
DBDTIY01	117	cow	1991	Ireland	cattle
DBDTIZ01	121	cow	1991	Ireland	cattle
DBDTJA01	113	cow	1991	Ireland	cattle
DBDTJB01	112	cow	1991	Ireland	cattle
DBDTJC01	111	cow	1991	Ireland	cattle
DBDTJD01	116	cow	1991	Ireland	cattle
DBDTJE01	108	cow	1991	Ireland	cattle
DBDTJF01	107	cow	1991	Ireland	cattle
DBDTJH01	98	cow	1991	Ireland	cattle
DBDTJI01	99	cow	1991	Ireland	cattle
DBDTJJ01	95	cow	1991	Ireland	cattle
DBDTJK01	96	cow	1991	Ireland	cattle
DBDTJL01	88	cow	1991	Ireland	cattle
DBDTJM01	87	cow	1991	Ireland	cattle
DBDTJN01	90	cow	1991	Ireland	cattle
DBDTJO01	86	cow	1991	Ireland	cattle
DBDTJP01	85	cow	1991	Ireland	cattle
DBDTJQ01	84	cow	1991	Ireland	cattle
DBDTJR01	83	cow	1991	Ireland	cattle
DBDTJS01	82	cow	1991	Ireland	cattle
DBDTJT01	81	cow	1991	Ireland	cattle
DBDTJU01	386	cow	1991	Switzerland	cattle
DBDTJV01	389	cow	1991	Switzerland	cattle
DBDTJW01	395	cow	1991	Switzerland	cattle
DBDTJX01	383	cow	1991	Switzerland	cattle
DBDTJY01	381	cow	1991	Switzerland	cattle
DBDTJZ01	380	cow	1991	Switzerland	cattle
DBDTKA01	376	cow	1991	Switzerland	cattle
DBDTKB01	377	cow	1991	Switzerland	cattle
DBDTKC01	373	cow	1991	Switzerland	cattle
DBDTKD01	372	cow	1991	Switzerland	cattle
DBDTKE01	364	cow	1991	Switzerland	cattle
DBDTKF01	354	cow	1991	Switzerland	cattle
DBDTKG01	1710-RR	cow	1991	USA	cattle
DBDTKH01	1847-RF	cow	1991	USA	cattle
DBDTKI01	AA-0758	cow	1991	USA	cattle
DBDTKK01	AA-399	cow	1991	USA	cattle
DBDTKL01	114-RF	cow	1991	USA	cattle
DBDTKM01	1847-RR	cow	1991	USA	cattle
DBDTKN01	A77-LR	cow	1991	USA	cattle
DBDTKO01	114-LF	cow	1991	USA	cattle
DBDTKP01	72-LR	cow	1991	USA	cattle
DBDTKQ01	AA-471	cow	1991	USA	cattle
DBDTKR01	1283-RR	cow	1991	USA	cattle
DBDTKS01	134-RR	cow	1991	USA	cattle
DBDTKT01	1728-LF	cow	1991	USA	cattle
DBDTKU01	1283-LR	cow	1991	USA	cattle
DBDTKV01	114-LR	cow	1991	USA	cattle
DBDTKW01	1451-LR	cow	1991	USA	cattle
DBDTKX01	1919-LR	cow	1991	USA	cattle
DBDTKY01	72-RR	cow	1991	USA	cattle
DBDTKZ01	1843-RF	cow	1991	USA	cattle
DBDTLA01	114-LF-RR	cow	1991	USA	cattle
DBDTLB01	1910-LF-RF	cow	1991	USA	cattle
DBDTLC01	1771-RR	cow	1991	USA	cattle
DBDTLD01	52S	cow	1991	Iceland	cattle
DBDTLE01	1919-RF	cow	1991	USA	cattle
DBDTLF01	51S	cow	1991	Iceland	cattle
DBDTLG01	50S	cow	1991	Iceland	cattle
DBDTLH01	49S	cow	1991	Iceland	cattle
DBDTLI01	45S	cow	1991	Iceland	cattle
DBDTLJ01	46S	cow	1991	Iceland	cattle
DBDTLK01	47S	cow	1991	Iceland	cattle
DBDTLL01	44S	cow	2001	Iceland	cattle
DBDTLM01	43S	cow	2000	Iceland	cattle
DBDTLN01	I17I	cow	1998	Iceland	cattle
DBDTLO01	I14	cow	1995	Iceland	cattle
DBDTLP01	I20	cow	1997	Iceland	cattle
DBDTLQ01	I19	cow	1996	Iceland	cattle
DBDTLR01	I10	cow	1991	Iceland	cattle
DBDTLS01	I8	cow	1991	Iceland	cattle
DBDTLT01	I12	cow	1993	Iceland	cattle
DBDTLU01	I7	cow	1991	Iceland	cattle
DBDTLV01	I1	cow	1991	Iceland	cattle
DBDTLW01	I4	cow	1991	Iceland	cattle
DBDTLX01	A45	cow	1991	Denmark	cattle
DBDTLY01	A44	cow	1991	Denmark	cattle
DBDTLZ01	A43	cow	1991	Denmark	cattle
DBDTMA01	A39	cow	1991	Denmark	cattle
DBDTMB01	A42	cow	1991	Denmark	cattle
DBDTMC01	A36	cow	1991	Denmark	cattle
DBDTMD01	A41	cow	1991	Denmark	cattle
DBDTME01	A37	cow	1991	Denmark	cattle
DBDTMF01	A34	cow	1991	Denmark	cattle
DBDTMG01	A33	cow	1991	Denmark	cattle
DBDTMH01	A32	cow	1991	Denmark	cattle
DBDTMI01	A31	cow	1991	Denmark	cattle
DBDTMJ01	A28	cow	1991	Denmark	cattle
DBDTMK01	A26	cow	1991	Denmark	cattle
DBDTML01	A25	cow	1991	Denmark	cattle
DBDTMM01	A23	cow	1991	Denmark	cattle
DBDTMN01	A20	cow	1991	Denmark	cattle
DBDTMO01	A16	cow	1991	Denmark	cattle
DBDTMP01	A18	cow	1991	Denmark	cattle
DBDTMQ01	A22	cow	1991	Denmark	cattle
DBDTMR01	A19	cow	1991	Denmark	cattle
DBDTMS01	A14	cow	1991	Denmark	cattle
DBDTMT01	A15	cow	1991	Denmark	cattle
DBDTMU01	A13	cow	1991	Denmark	cattle
DBDTMV01	A12	cow	1991	Denmark	cattle
DBDTMW01	A11	cow	1991	Denmark	cattle
DBDTMX01	A10	cow	1991	Denmark	cattle
DBDTMY01	A9	cow	1991	Denmark	cattle
DBDTMZ01	A7	cow	1991	Denmark	cattle
DBDTNA01	A6	cow	1991	Denmark	cattle
DBDTNB01	A8	cow	1991	Denmark	cattle
DBDTNC01	A5	cow	1991	Denmark	cattle
DBDTND01	A4	cow	1991	Denmark	cattle
DBDTNE01	A3	cow	1991	Denmark	cattle
DBDTNF01	A2	cow	1991	Denmark	cattle
DBDTNH01	A1	cow	1991	Denmark	cattle
DBDTUP01	106	cow	1991	Ireland	cattle
DBDTUQ01	AA-0757	cow	1991	USA	cattle
DBDTUR01	1710-RF	cow	1991	USA	cattle
DBDTUS01	1898-LF	cow	1991	USA	cattle
DBDTUT01	1812-LR	cow	1991	USA	cattle
DBDTUU01	1842-LF	cow	1991	USA	cattle
DBDTUV01	1826-LF	cow	1991	USA	cattle
DBDTUW01	1693-RR	cow	1991	USA	cattle
DBDTUX01	1728-RR	cow	1991	USA	cattle
DBDTUY01	1657-LR	cow	1991	USA	cattle
DBDTUZ01	1693-LR	cow	1991	USA	cattle
DBDTVA01	AA-0760	cow	1991	USA	cattle
DBDTVB01	1843-LF	cow	1991	USA	cattle
DBDTVC01	AA-0001-305	cow	1991	USA	cattle
DBDTVD01	1753-RF	cow	1991	USA	cattle
DBDTVE01	A77-RF	cow	1991	USA	cattle
DBDTVF01	1739-LR	cow	1991	USA	cattle
DBDTVG01	1753-LR	cow	1991	USA	cattle
DBDTVH01	1851-RF	cow	1991	USA	cattle
DBDTVI01	AA-470	cow	1991	USA	cattle
DBDWYD01	K7	cow	2011	South Korea	cattle
DBDWYF01	93	cow	1991	Ireland	cattle
DBDWYG01	89	cow	1991	Ireland	cattle
DBDWYH01	91	cow	1991	Ireland	cattle
DBDYID01	JSNZ	mouse	2008	New Zealand	rodent
DBGNLZ01	L92	dog	2012	New Zealand	companion_animal
DBGOHX01	SENASICA_St_ISBAA01	cow	2023	Mexico	cattle
DBGOHY01	SENASICA_St_ISBAA02	cow	2023	Mexico	cattle
DBGOHZ01	SENASICA_St_ISBAA11	cow	2023	Mexico	cattle
DBGOIA01	SENASICA_St_ISBAA14	cow	2023	Mexico	cattle
DBGOIB01	SENASICA_St_ISBAA15	cow	2023	Mexico	cattle
DBGOIC01	SENASICA_St_ISBAA12	cow	2023	Mexico	cattle
DBGOID01	SENASICA_St_ISBAA16	cow	2023	Mexico	cattle
DBGOIE01	SENASICA_St_ISBAA17	cow	2023	Mexico	cattle
DBGOIF01	SENASICA_St_ISBAA18	cow	2023	Mexico	cattle
DBGOIG01	SENASICA_St_ISBAA19	cow	2023	Mexico	cattle
DBGOIH01	SENASICA_St_ISBAA20	cow	2023	Mexico	cattle
DBGOII01	SENASICA_St_ISBAA03	cow	2023	Mexico	cattle
DBGOIJ01	SENASICA_St_ISBAA21	cow	2023	Mexico	cattle
DBGOIK01	SENASICA_St_ISBAA22	cow	2023	Mexico	cattle
DBGOIL01	SENASICA_St_ISBAA25	cow	2023	Mexico	cattle
DBGOIM01	SENASICA_St_ISBAA27	cow	2023	Mexico	cattle
DBGOIN01	SENASICA_St_ISBAA23	cow	2023	Mexico	cattle
DBGOIO01	SENASICA_St_ISBAA24	cow	2023	Mexico	cattle
DBGOIP01	SENASICA_St_ISBAA28	cow	2023	Mexico	cattle
DBGOIQ01	SENASICA_St_ISBAA29	cow	2023	Mexico	cattle
DBGOIR01	SENASICA_St_ISBAA30	cow	2023	Mexico	cattle
DBGOIS01	SENASICA_St_ISBAA04	cow	2023	Mexico	cattle
DBGOIT01	SENASICA_St_ISBAA31	cow	2023	Mexico	cattle
DBGOIU01	SENASICA_St_ISBAA32	cow	2023	Mexico	cattle
DBGOIV01	SENASICA_St_ISBAA33	cow	2023	Mexico	cattle
DBGOIW01	SENASICA_St_ISBAA34	cow	2023	Mexico	cattle
DBGOIX01	SENASICA_St_ISBAA35	cow	2023	Mexico	cattle
DBGOIY01	SENASICA_St_ISBAA37	cow	2023	Mexico	cattle
DBGOIZ01	SENASICA_St_ISBAA36	cow	2023	Mexico	cattle
DBGOJA01	SENASICA_St_ISBAA38	cow	2023	Mexico	cattle
DBGOJB01	SENASICA_St_ISBAA39	cow	2023	Mexico	cattle
DBGOJC01	SENASICA_St_ISBAA40	cow	2023	Mexico	cattle
DBGOJD01	SENASICA_St_ISBAA05	cow	2023	Mexico	cattle
DBGOJE01	SENASICA_St_ISBAA41	cow	2023	Mexico	cattle
DBGOJF01	SENASICA_St_ISBAA42	cow	2023	Mexico	cattle
DBGOJG01	SENASICA_St_ISBAA43	cow	2023	Mexico	cattle
DBGOJH01	SENASICA_St_ISBAA44	cow	2023	Mexico	cattle
DBGOJI01	SENASICA_St_ISBAA46	cow	2023	Mexico	cattle
DBGOJJ01	SENASICA_St_ISBAA45	cow	2023	Mexico	cattle
DBGOJK01	SENASICA_St_ISBAA48	cow	2023	Mexico	cattle
DBGOJL01	SENASICA_St_ISBAA47	cow	2023	Mexico	cattle
DBGOJM01	SENASICA_St_ISBAA49	cow	2023	Mexico	cattle
DBGOJN01	SENASICA_St_ISBAA50	cow	2023	Mexico	cattle
DBGOJO01	SENASICA_St_ISBAA06	cow	2023	Mexico	cattle
DBGOJP01	SENASICA_St_ISBAA51	cow	2023	Mexico	cattle
DBGOJQ01	SENASICA_St_ISBAA53	cow	2023	Mexico	cattle
DBGOJR01	SENASICA_St_ISBAA52	cow	2023	Mexico	cattle
DBGOJS01	SENASICA_St_ISBAA54	cow	2023	Mexico	cattle
DBGOJT01	SENASICA_St_ISBAA55	cow	2023	Mexico	cattle
DBGOJU01	SENASICA_St_ISBAA59	cow	2023	Mexico	cattle
DBGOJV01	SENASICA_St_ISBAA58	cow	2023	Mexico	cattle
DBGOJW01	SENASICA_St_ISBAA56	cow	2023	Mexico	cattle
DBGOJX01	SENASICA_St_ISBAA57	cow	2023	Mexico	cattle
DBGOJY01	SENASICA_St_ISBAA60	cow	2023	Mexico	cattle
DBGOJZ01	SENASICA_St_ISBAA07	cow	2023	Mexico	cattle
DBGOKA01	SENASICA_St_ISBAA61	cow	2023	Mexico	cattle
DBGOKB01	SENASICA_St_ISBAA62	cow	2023	Mexico	cattle
DBGOKC01	SENASICA_St_ISBAA63	cow	2023	Mexico	cattle
DBGOKD01	SENASICA_St_ISBAA64	cow	2023	Mexico	cattle
DBGOKE01	SENASICA_St_ISBAA65	cow	2023	Mexico	cattle
DBGOKF01	SENASICA_St_ISBAA66	cow	2023	Mexico	cattle
DBGOKG01	SENASICA_St_ISBAA67	cow	2023	Mexico	cattle
DBGOKH01	SENASICA_St_ISBAA08	cow	2023	Mexico	cattle
DBGOKI01	SENASICA_St_ISBAA09	cow	2023	Mexico	cattle
DBGOKJ01	SENASICA_St_ISBAA68	cow	2023	Mexico	cattle
DBGOKK01	SENASICA_St_ISBAA10	cow	2023	Mexico	cattle
DBGPNH01	HC0304085	pig	2014	China	pig
DBGPPK01	HC0303940	pig	2011	China	pig
DBGPPL01	HC0303938	pig	2011	China	pig
DBGPSB01	HC0303937	pig	2011	China	pig
DBGPSC01	HC0303939	pig	2011	China	pig
DBGPTU01	HC0303972	pig	2011	China	pig
DBGPTV01	HC0304019	chicken	2012	China	poultry
DBGPWG01	HC0303979	chicken	unknown	China	poultry
DBGPXC01	HC0303966	pig	2011	China	pig
DBGPXE01	HC0303967	pig	2011	China	pig
DBGPXG01	HC0303974	pig	2011	China	pig
DBGQDW01	HC0304020	pig	2012	China	pig
DBGSJR01	HC0303973	pig	2011	China	pig
DBGSON01	HC0303931	pig	2011	China	pig
DBGSPV01	HC0304055	goose	2013	China	other
DBGWGH01	HC0304671	largehead hairtail	2014	China	other
DBGWIH01	SENASICA_St_ISBAA13	cow	2023	Mexico	cattle
DBGWII01	SENASICA_St_ISBAA26	cow	2023	Mexico	cattle
DBGXZP01	80	cow	2023	USA	cattle
DBGXZQ01	ATCC 25923	cow	2023	USA	cattle
DBGXZR01	50	cow	2023	USA	cattle
DBGYCT01	511493-22	horse	2022	Austria	equine
DBGYCV01	511533-22	horse	2022	Austria	equine
DBGYCX01	511523-22	horse	2022	Austria	equine
DBGYCZ01	511503-22	horse	2022	Austria	equine
DBGYDA01	511550-22	horse	2022	Austria	equine
DBGZAB01	QUE0924-01-072	cow	2024	USA	cattle
DBGZAC01	QUE0924-01-TM	cow	2024	USA	cattle
DBGZAD01	QUE0924-01-09	cow	2024	USA	cattle
DBGZAE01	QUE0924-01-6011	cow	2024	USA	cattle
DBGZAF01	QUE0924-01-380	cow	2024	USA	cattle
DBGZPV01	USDA04-Staph2	cow	2024	USA	cattle
DBGZRD01	ST20232958	cat	2023	Algeria	companion_animal
DBGZRF01	ST20232959	cat	2023	Algeria	companion_animal
DBGZRG01	ST20232957	cat	2023	Algeria	companion_animal
DBGZRH01	ST20232956	cat	2023	Algeria	companion_animal
DBGZRI01	ST20232955	cat	2023	Algeria	companion_animal
DBGZRK01	ST20232954	cat	2023	Algeria	companion_animal
DBGZRL01	ST20232953	cat	2023	Algeria	companion_animal
DBGZRM01	ST20232952	cat	2023	Algeria	companion_animal
DBGZRN01	ST20232951	cat	2023	Algeria	companion_animal
DBGZRO01	ST20232950	cat	2023	Algeria	companion_animal
DBGZRP01	ST20232949	cat	2023	Algeria	companion_animal
DBGZRQ01	ST20232948	cat	2023	Algeria	companion_animal
DBGZRR01	ST20232947	cat	2023	Algeria	companion_animal
DBGZRS01	ST20232946	cat	2023	Algeria	companion_animal
DBGZRT01	ST20232941	cat	2023	Algeria	companion_animal
DBGZRU01	ST20232945	cat	2023	Algeria	companion_animal
DBGZRV01	ST20232944	cat	2023	Algeria	companion_animal
DBGZRW01	ST20232942	cat	2023	Algeria	companion_animal
DBGZRX01	ST20232943	cat	2023	Algeria	companion_animal
DBGZRY01	ST20232940	cat	2023	Algeria	companion_animal
DBGZRZ01	ST20232928	cat	2023	Algeria	companion_animal
DBGZSA01	ST20232927	cat	2023	Algeria	companion_animal
DBGZSB01	ST20232926	cat	2023	Algeria	companion_animal
DBIHZG01	A001446STAU	dog	2020	Germany	companion_animal
DBIZRO01	FLO-1124-44	cow	2024	USA	cattle
DBIZRQ01	FLO-1124-47	cow	2024	USA	cattle
DBIZRY01	SEB0924-02-264	cow	2024	USA	cattle
DBIZRZ01	QUE0924-01-751	cow	2024	USA	cattle
DBIZSB01	SEB0924-02-134	cow	2024	USA	cattle
DBIZSC01	FLO-1124-28	cow	2024	USA	cattle
DBIZSD01	SEB0924-02-70	cow	2024	USA	cattle
DBIZSE01	FLO-1124-18	cow	2024	USA	cattle
DBIZSF01	FLO-1124-29	cow	2024	USA	cattle
DBIZSH01	FLO-1124-06	cow	2024	USA	cattle
DBIZSQ01	SEB0924-02-768	cow	2024	USA	cattle
DBJAQF01	SEB0924-02-280	cow	2024	USA	cattle
DBJAQH01	SEB0924-02-950	cow	2024	USA	cattle
DBJAQJ01	SEB1024-02	cow	2024	USA	cattle
DBJAQK01	FLO-1124-22	cow	2024	USA	cattle
DBJBHN01	JARB-VDT00327	cat	2018	Japan	companion_animal
DBJBIT01	JARB-VDT00388	cat	2019	Japan	companion_animal
DBJBIU01	JARB-VDT00324	cat	2018	Japan	companion_animal
DBJBIV01	JARB-VDT00290	cat	2018	Japan	companion_animal
DBJBIW01	JARB-VDT00282	dog	2017	Japan	companion_animal
DBJBIX01	JARB-VDT00272	cat	2017	Japan	companion_animal
DBJBKN01	JARB-VDT00526	dog	2020	Japan	companion_animal
DBJBKO01	JARB-VDT00382	cat	2019	Japan	companion_animal
DBJBKP01	JARB-VDT00379	dog	2019	Japan	companion_animal
DBJBKQ01	JARB-VDT00368	dog	2018	Japan	companion_animal
DBJBKR01	JARB-VDT00352	cat	2018	Japan	companion_animal
DBJBKS01	JARB-VDT00346	dog	2018	Japan	companion_animal
DBJBKT01	JARB-VDT00336	cat	2018	Japan	companion_animal
DBJBKU01	JARB-VDT00339	dog	2018	Japan	companion_animal
DBJBKV01	JARB-VDT00334	cat	2018	Japan	companion_animal
DBJBKW01	JARB-VDT00332	european rabbit	2018	Japan	rabbit
DBJBKX01	JARB-VDT00329	dog	2018	Japan	companion_animal
DBJBKY01	JARB-VDT00326	dog	2018	Japan	companion_animal
DBJBKZ01	JARB-VDT00322	cat	2018	Japan	companion_animal
DBJBLA01	JARB-VDT00321	dog	2018	Japan	companion_animal
DBJBLB01	JARB-VDT00309	cat	2018	Japan	companion_animal
DBJBLC01	JARB-VDT00292	dog	2018	Japan	companion_animal
DBJBLD01	JARB-VDT00268	cat	2017	Japan	companion_animal
DBJBMH01	JARB-VDT00532	dog	2020	Japan	companion_animal
DBJBMK01	JARB-VDT00517	dog	2019	Japan	companion_animal
DBJBML01	JARB-VDT00500	cat	2019	Japan	companion_animal
DBJBMM01	JARB-VDT00513	cat	2019	Japan	companion_animal
DBJBMN01	JARB-VDT00474	cat	2019	Japan	companion_animal
DBJBMO01	JARB-VDT00478	cat	2019	Japan	companion_animal
DBJBMP01	JARB-VDT00426	dog	2019	Japan	companion_animal
DBJBMQ01	JARB-VDT00421	cat	2019	Japan	companion_animal
DBJBMR01	JARB-VDT00399	dog	2019	Japan	companion_animal
DBJBMS01	JARB-VDT00385	cat	2019	Japan	companion_animal
DBJBMT01	JARB-VDT00381	dog	2019	Japan	companion_animal
DBJBMU01	JARB-VDT00314	cat	2018	Japan	companion_animal
DBJBMW01	JARB-VDT00296	cat	2018	Japan	companion_animal
DBJBMX01	JARB-VDT00286	dog	2017	Japan	companion_animal
DBJBMY01	JARB-VDT00270	cat	2017	Japan	companion_animal
DBJBMZ01	JARB-VDT00263	dog	2017	Japan	companion_animal
DBJBOD01	JARB-VDT00697	cat	2021	Japan	companion_animal
DBJBOG01	JARB-VDT00687	cat	2021	Japan	companion_animal
DBJBOH01	JARB-VDT00642	cat	2021	Japan	companion_animal
DBJBOI01	JARB-VDT00518	cat	2019	Japan	companion_animal
DBJBOJ01	JARB-VDT00460	european rabbit	2019	Japan	rabbit
DBJBOK01	JARB-VDT00447	cat	2019	Japan	companion_animal
DBJBOL01	JARB-VDT00428	dog	2019	Japan	companion_animal
DBJBOM01	JARB-VDT00396	dog	2019	Japan	companion_animal
DBJBON01	JARB-VDT00444	cat	2019	Japan	companion_animal
DBJBOO01	JARB-VDT00347	dog	2018	Japan	companion_animal
DBJBOP01	JARB-VDT00288	dog	2017	Japan	companion_animal
DBJBOQ01	JARB-VDT00337	cat	2018	Japan	companion_animal
DBJBOR01	JARB-VDT00325	dog	2018	Japan	companion_animal
DBJBOS01	JARB-VDT00277	dog	2017	Japan	companion_animal
DBJBOT01	JARB-VDT00275	cat	2017	Japan	companion_animal
DBJBOU01	JARB-VDT00265	dog	2017	Japan	companion_animal
DBJBPM01	JARB-VDT00805	dog	2021	Japan	companion_animal
DBJBPN01	JARB-VDT00803	cat	2021	Japan	companion_animal
DBJBPO01	JARB-VDT00773	cat	2021	Japan	companion_animal
DBJBPP01	JARB-VDT00766	cat	2021	Japan	companion_animal
DBJBPQ01	JARB-VDT00761	cat	2021	Japan	companion_animal
DBJBPR01	JARB-VDT00738	dog	2021	Japan	companion_animal
DBJBPS01	JARB-VDT00736	cat	2021	Japan	companion_animal
DBJBPT01	JARB-VDT00723	cat	2021	Japan	companion_animal
DBJBPU01	JARB-VDT00722	cat	2021	Japan	companion_animal
DBJBPV01	JARB-VDT00716	cat	2021	Japan	companion_animal
DBJBPW01	JARB-VDT00726	dog	2021	Japan	companion_animal
DBJBPX01	JARB-VDT00713	cat	2021	Japan	companion_animal
DBJBPY01	JARB-VDT00685	dog	2021	Japan	companion_animal
DBJBPZ01	JARB-VDT00678	european rabbit	2021	Japan	rabbit
DBJBQA01	JARB-VDT00677	cat	2021	Japan	companion_animal
DBJBQB01	JARB-VDT00648	cat	2021	Japan	companion_animal
DBJBQC01	JARB-VDT00645	cat	2021	Japan	companion_animal
DBJBQD01	JARB-VDT00636	cat	2021	Japan	companion_animal
DBJBQE01	JARB-VDT00631	cat	2020	Japan	companion_animal
DBJBQF01	JARB-VDT00366	dog	2018	Japan	companion_animal
DBJBQG01	JARB-VDT00274	dog	2017	Japan	companion_animal
DBJBRI01	JARB-VDT00801	cat	2021	Japan	companion_animal
DBJBRK01	JARB-VDT00790	cat	2021	Japan	companion_animal
DBJBRL01	JARB-VDT00787	cat	2021	Japan	companion_animal
DBJBRM01	JARB-VDT00779	dog	2021	Japan	companion_animal
DBJBRN01	JARB-VDT00784	dog	2021	Japan	companion_animal
DBJBRO01	JARB-VDT00772	dog	2021	Japan	companion_animal
DBJBRP01	JARB-VDT00771	cat	2021	Japan	companion_animal
DBJBRQ01	JARB-VDT00765	cat	2021	Japan	companion_animal
DBJBRR01	JARB-VDT00748	cat	2021	Japan	companion_animal
DBJBRS01	JARB-VDT00759	cat	2021	Japan	companion_animal
DBJBRT01	JARB-VDT00735	cat	2021	Japan	companion_animal
DBJBRU01	JARB-VDT00729	cavy	2021	Japan	other
DBJBRV01	JARB-VDT00733	cat	2021	Japan	companion_animal
DBJBRW01	JARB-VDT00693	dog	2021	Japan	companion_animal
DBJBRX01	JARB-VDT00695	dog	2021	Japan	companion_animal
DBJBRY01	JARB-VDT00690	dog	2021	Japan	companion_animal
DBJBRZ01	JARB-VDT00676	cat	2021	Japan	companion_animal
DBJBSA01	JARB-VDT00673	dog	2021	Japan	companion_animal
DBJBSB01	JARB-VDT00675	dog	2021	Japan	companion_animal
DBJBSC01	JARB-VDT00665	cat	2021	Japan	companion_animal
DBJBSD01	JARB-VDT00661	dog	2021	Japan	companion_animal
DBJBSE01	JARB-VDT00657	cat	2021	Japan	companion_animal
DBJBSF01	JARB-VDT00655	dog	2021	Japan	companion_animal
DBJBSG01	JARB-VDT00653	cat	2021	Japan	companion_animal
DBJBSH01	JARB-VDT00635	cat	2021	Japan	companion_animal
DBJBSI01	JARB-VDT00600	cat	2020	Japan	companion_animal
DBJBSJ01	JARB-VDT00620	dog	2020	Japan	companion_animal
DBJBSL01	JARB-VDT00595	dog	2020	Japan	companion_animal
DBJBSM01	JARB-VDT00623	cat	2020	Japan	companion_animal
DBJBSN01	JARB-VDT00597	cat	2020	Japan	companion_animal
DBJBSO01	JARB-VDT00588	cat	2020	Japan	companion_animal
DBJBSP01	JARB-VDT00586	cat	2020	Japan	companion_animal
DBJBSQ01	JARB-VDT00579	dog	2020	Japan	companion_animal
DBJBSR01	JARB-VDT00575	dog	2020	Japan	companion_animal
DBJBSS01	JARB-VDT00574	dog	2020	Japan	companion_animal
DBJBST01	JARB-VDT00571	dog	2020	Japan	companion_animal
DBJBSU01	JARB-VDT00543	cat	2020	Japan	companion_animal
DBJBSV01	JARB-VDT00540	cat	2020	Japan	companion_animal
DBJBSW01	JARB-VDT00482	cat	2019	Japan	companion_animal
DBJBSX01	JARB-VDT00509	cat	2019	Japan	companion_animal
DBJBSY01	JARB-VDT00259	dog	2017	Japan	companion_animal
DBJBSZ01	JARB-VDT00467	dog	2019	Japan	companion_animal
DBJBTA01	JARB-VDT00455	cat	2019	Japan	companion_animal
DBJBTG01	JARB-VDT00797	dog	2021	Japan	companion_animal
DBJBTH01	JARB-VDT00792	cat	2021	Japan	companion_animal
DBJBTI01	JARB-VDT00775	dog	2021	Japan	companion_animal
DBJBTJ01	JARB-VDT00762	cat	2021	Japan	companion_animal
DBJBTK01	JARB-VDT00701	cat	2021	Japan	companion_animal
DBJBTL01	JARB-VDT00686	cat	2021	Japan	companion_animal
DBJBTM01	JARB-VDT00683	cat	2021	Japan	companion_animal
DBJBTN01	JARB-VDT00638	cat	2021	Japan	companion_animal
DBJBTO01	JARB-VDT00617	cat	2020	Japan	companion_animal
DBJBTP01	JARB-VDT00613	cat	2020	Japan	companion_animal
DBJBTQ01	JARB-VDT00611	cat	2020	Japan	companion_animal
DBJBTR01	JARB-VDT00610	cat	2020	Japan	companion_animal
DBJBTS01	JARB-VDT00604	dog	2020	Japan	companion_animal
DBJBTT01	JARB-VDT00557	cat	2020	Japan	companion_animal
DBJBTU01	JARB-VDT00568	cat	2020	Japan	companion_animal
DBJBTV01	JARB-VDT00552	cat	2020	Japan	companion_animal
DBJBTW01	JARB-VDT00550	cat	2020	Japan	companion_animal
DBJBTX01	JARB-VDT00549	dog	2020	Japan	companion_animal
DBJBTY01	JARB-VDT00545	cat	2020	Japan	companion_animal
DBJBTZ01	JARB-VDT00542	dog	2020	Japan	companion_animal
DBJBUA01	JARB-VDT00537	cat	2020	Japan	companion_animal
DBJBUB01	JARB-VDT00536	cat	2020	Japan	companion_animal
DBJBUC01	JARB-VDT00534	cat	2020	Japan	companion_animal
DBJBUD01	JARB-VDT00439	cat	2019	Japan	companion_animal
DBJBUE01	JARB-VDT00331	dog	2018	Japan	companion_animal
DBJBUF01	JARB-VDT00306	cat	2018	Japan	companion_animal
DBJBVE01	JARB-VDT00802	cat	2021	Japan	companion_animal
DBJBVF01	JARB-VDT00799	cat	2021	Japan	companion_animal
DBJBVG01	JARB-VDT00783	cat	2021	Japan	companion_animal
DBJBVH01	JARB-VDT00753	cat	2021	Japan	companion_animal
DBJBVI01	JARB-VDT00754	cat	2021	Japan	companion_animal
DBJBVJ01	JARB-VDT00756	dog	2021	Japan	companion_animal
DBJBVK01	JARB-VDT00751	cat	2021	Japan	companion_animal
DBJBVL01	JARB-VDT00743	dog	2021	Japan	companion_animal
DBJBVM01	JARB-VDT00730	dog	2021	Japan	companion_animal
DBJBVN01	JARB-VDT00717	dog	2021	Japan	companion_animal
DBJBVO01	JARB-VDT00641	dog	2021	Japan	companion_animal
DBJBVP01	JARB-VDT00692	european rabbit	2021	Japan	rabbit
DBJBVQ01	JARB-VDT00714	cat	2021	Japan	companion_animal
DBJBVR01	JARB-VDT00621	dog	2020	Japan	companion_animal
DBJBVS01	JARB-VDT00640	cat	2021	Japan	companion_animal
DBJBVT01	JARB-VDT00615	cat	2020	Japan	companion_animal
DBJBVU01	JARB-VDT00555	cat	2020	Japan	companion_animal
DBJBVV01	JARB-VDT00565	cat	2020	Japan	companion_animal
DBJBVW01	JARB-VDT00553	cat	2020	Japan	companion_animal
DBJBVX01	JARB-VDT00547	cavy	2020	Japan	other
DBJBVY01	JARB-VDT00538	dog	2020	Japan	companion_animal
DBJBVZ01	JARB-VDT00531	dog	2020	Japan	companion_animal
DBJBWA01	JARB-VDT00451	dog	2019	Japan	companion_animal
DBJBWB01	JARB-VDT00441	dog	2019	Japan	companion_animal
DBJBWC01	JARB-VDT00521	dog	2019	Japan	companion_animal
DBJBWD01	JARB-VDT00397	cat	2019	Japan	companion_animal
DBJBWE01	JARB-VDT00410	dog	2019	Japan	companion_animal
DBJBWF01	JARB-VDT00390	cat	2019	Japan	companion_animal
DBJBWG01	JARB-VDT00364	cat	2018	Japan	companion_animal
DBJBWH01	JARB-VDT00378	cat	2018	Japan	companion_animal
DBJBWI01	JARB-VDT00361	cat	2018	Japan	companion_animal
DBJBWJ01	JARB-VDT00271	dog	2017	Japan	companion_animal
DBJBWK01	JARB-VDT00387	cat	2019	Japan	companion_animal
DBJBWL01	JARB-VDT00266	dog	2017	Japan	companion_animal
DBJBWY01	JARB-VDT00804	dog	2021	Japan	companion_animal
DBJBWZ01	JARB-VDT00800	cat	2021	Japan	companion_animal
DBJBXA01	JARB-VDT00796	dog	2021	Japan	companion_animal
DBJBXB01	JARB-VDT00794	cat	2021	Japan	companion_animal
DBJBXC01	JARB-VDT00791	cat	2021	Japan	companion_animal
DBJBXD01	JARB-VDT00786	cat	2021	Japan	companion_animal
DBJBXE01	JARB-VDT00774	cat	2021	Japan	companion_animal
DBJBXF01	JARB-VDT00749	cat	2021	Japan	companion_animal
DBJBXG01	JARB-VDT00747	cat	2021	Japan	companion_animal
DBJBXH01	JARB-VDT00742	cat	2021	Japan	companion_animal
DBJBXI01	JARB-VDT00740	cat	2021	Japan	companion_animal
DBJBXJ01	JARB-VDT00734	dog	2021	Japan	companion_animal
DBJBXK01	JARB-VDT00728	dog	2021	Japan	companion_animal
DBJBXL01	JARB-VDT00724	cat	2021	Japan	companion_animal
DBJBXM01	JARB-VDT00721	cat	2021	Japan	companion_animal
DBJBXO01	JARB-VDT00718	cat	2021	Japan	companion_animal
DBJBXP01	JARB-VDT00684	cat	2021	Japan	companion_animal
DBJBXQ01	JARB-VDT00647	cat	2021	Japan	companion_animal
DBJBXR01	JARB-VDT00646	cat	2021	Japan	companion_animal
DBJBXS01	JARB-VDT00658	cat	2021	Japan	companion_animal
DBJBXT01	JARB-VDT00644	dog	2021	Japan	companion_animal
DBJBXU01	JARB-VDT00643	cat	2021	Japan	companion_animal
DBJBXV01	JARB-VDT00639	cat	2021	Japan	companion_animal
DBJBXW01	JARB-VDT00633	cat	2020	Japan	companion_animal
DBJBXX01	JARB-VDT00625	cat	2020	Japan	companion_animal
DBJBXY01	JARB-VDT00619	cat	2020	Japan	companion_animal
DBJBXZ01	JARB-VDT00614	cat	2020	Japan	companion_animal
DBJBYA01	JARB-VDT00618	dog	2020	Japan	companion_animal
DBJBYB01	JARB-VDT00609	dog	2020	Japan	companion_animal
DBJBYC01	JARB-VDT00612	dog	2020	Japan	companion_animal
DBJBYD01	JARB-VDT00594	cat	2020	Japan	companion_animal
DBJBYE01	JARB-VDT00608	cat	2020	Japan	companion_animal
DBJBYF01	JARB-VDT00607	cat	2020	Japan	companion_animal
DBJBYG01	JARB-VDT00590	dog	2020	Japan	companion_animal
DBJBYH01	JARB-VDT00528	cat	2020	Japan	companion_animal
DBJBYI01	JARB-VDT00419	cat	2019	Japan	companion_animal
DBJBYJ01	JARB-VDT00409	cat	2019	Japan	companion_animal
DBJBYK01	JARB-VDT00400	european rabbit	2019	Japan	rabbit
DBJBYL01	JARB-VDT00376	dog	2018	Japan	companion_animal
DBJBYM01	JARB-VDT00354	cat	2018	Japan	companion_animal
DBJBYN01	JARB-VDT00351	cat	2018	Japan	companion_animal
DBJBYO01	JARB-VDT00335	cat	2018	Japan	companion_animal
DBJBYP01	JARB-VDT00353	dog	2018	Japan	companion_animal
DBJBYQ01	JARB-VDT00345	cat	2018	Japan	companion_animal
DBJBYR01	JARB-VDT00323	dog	2018	Japan	companion_animal
DBJBYS01	JARB-VDT00310	cat	2018	Japan	companion_animal
DBJBYT01	JARB-VDT00257	dog	2017	Japan	companion_animal
DBJBYU01	JARB-VDT00262	dog	2017	Japan	companion_animal
DBJBYV01	JARB-VDT00785	dog	2021	Japan	companion_animal
DBJBYW01	JARB-VDT00795	cat	2021	Japan	companion_animal
DBJBYX01	JARB-VDT00778	dog	2021	Japan	companion_animal
DBJBYY01	JARB-VDT00788	cat	2021	Japan	companion_animal
DBJBYZ01	JARB-VDT00782	cat	2021	Japan	companion_animal
DBJBZA01	JARB-VDT00767	cat	2021	Japan	companion_animal
DBJBZB01	JARB-VDT00732	dog	2021	Japan	companion_animal
DBJBZC01	JARB-VDT00768	cat	2021	Japan	companion_animal
DBJBZD01	JARB-VDT00707	dog	2021	Japan	companion_animal
DBJBZE01	JARB-VDT00711	cavy	2021	Japan	other
DBJBZF01	JARB-VDT00705	cat	2021	Japan	companion_animal
DBJBZG01	JARB-VDT00700	cat	2021	Japan	companion_animal
DBJBZH01	JARB-VDT00698	cat	2021	Japan	companion_animal
DBJBZI01	JARB-VDT00691	dog	2021	Japan	companion_animal
DBJBZJ01	JARB-VDT00679	cat	2021	Japan	companion_animal
DBJBZK01	JARB-VDT00667	cat	2021	Japan	companion_animal
DBJBZL01	JARB-VDT00628	cat	2020	Japan	companion_animal
DBJBZM01	JARB-VDT00603	cat	2020	Japan	companion_animal
DBJBZN01	JARB-VDT00602	cat	2020	Japan	companion_animal
DBJBZO01	JARB-VDT00662	cat	2021	Japan	companion_animal
DBJBZP01	JARB-VDT00601	cat	2020	Japan	companion_animal
DBJBZQ01	JARB-VDT00651	dog	2021	Japan	companion_animal
DBJBZR01	JARB-VDT00599	cat	2020	Japan	companion_animal
DBJBZS01	JARB-VDT00566	dog	2020	Japan	companion_animal
DBJBZT01	JARB-VDT00564	dog	2020	Japan	companion_animal
DBJBZU01	JARB-VDT00562	cat	2020	Japan	companion_animal
DBJBZV01	JARB-VDT00560	cat	2020	Japan	companion_animal
DBJBZW01	JARB-VDT00559	cat	2020	Japan	companion_animal
DBJBZY01	JARB-VDT00548	cat	2020	Japan	companion_animal
DBJBZZ01	JARB-VDT00554	dog	2020	Japan	companion_animal
DBJCAA01	JARB-VDT00511	ferret	2019	Japan	other
DBJCAB01	JARB-VDT00514	cat	2019	Japan	companion_animal
DBJCAC01	JARB-VDT00533	cat	2020	Japan	companion_animal
DBJCAD01	JARB-VDT00492	dog	2019	Japan	companion_animal
DBJCAE01	JARB-VDT00490	cat	2019	Japan	companion_animal
DBJCAF01	JARB-VDT00483	cat	2019	Japan	companion_animal
DBJCAG01	JARB-VDT00470	cat	2019	Japan	companion_animal
DBJCAH01	JARB-VDT00457	cat	2019	Japan	companion_animal
DBJCAI01	JARB-VDT00453	cat	2019	Japan	companion_animal
DBJCAJ01	JARB-VDT00446	cat	2019	Japan	companion_animal
DBJCAK01	JARB-VDT00442	dog	2019	Japan	companion_animal
DBJCAL01	JARB-VDT00436	dog	2019	Japan	companion_animal
DBJCAM01	JARB-VDT00434	cat	2019	Japan	companion_animal
DBJCAN01	JARB-VDT00394	cat	2019	Japan	companion_animal
DBJCAO01	JARB-VDT00403	cat	2019	Japan	companion_animal
DBJCAP01	JARB-VDT00393	cat	2019	Japan	companion_animal
DBJCAQ01	JARB-VDT00383	cat	2019	Japan	companion_animal
DBJCAR01	JARB-VDT00793	cat	2021	Japan	companion_animal
DBJCAS01	JARB-VDT00776	cat	2021	Japan	companion_animal
DBJCAT01	JARB-VDT00744	dog	2021	Japan	companion_animal
DBJCAU01	JARB-VDT00694	cat	2021	Japan	companion_animal
DBJCAV01	JARB-VDT00682	dog	2021	Japan	companion_animal
DBJCAW01	JARB-VDT00671	cat	2021	Japan	companion_animal
DBJCAX01	JARB-VDT00656	cat	2021	Japan	companion_animal
DBJCAY01	JARB-VDT00616	cat	2020	Japan	companion_animal
DBJCAZ01	JARB-VDT00593	cat	2020	Japan	companion_animal
DBJCBA01	JARB-VDT00583	european rabbit	2020	Japan	rabbit
DBJCBB01	JARB-VDT00581	cat	2020	Japan	companion_animal
DBJCBC01	JARB-VDT00569	cat	2020	Japan	companion_animal
DBJCBD01	JARB-VDT00551	cat	2020	Japan	companion_animal
DBJCBE01	JARB-VDT00535	dog	2020	Japan	companion_animal
DBJCBF01	JARB-VDT00527	cat	2020	Japan	companion_animal
DBJCBG01	JARB-VDT00504	cat	2019	Japan	companion_animal
DBJCBH01	JARB-VDT00496	european rabbit	2019	Japan	rabbit
DBJCBI01	JARB-VDT00516	cat	2019	Japan	companion_animal
DBJCBJ01	JARB-VDT00491	dog	2019	Japan	companion_animal
DBJCBK01	JARB-VDT00481	cat	2019	Japan	companion_animal
DBJCBL01	JARB-VDT00459	dog	2019	Japan	companion_animal
DBJCBM01	JARB-VDT00480	cat	2019	Japan	companion_animal
DBJCBN01	JARB-VDT00443	dog	2019	Japan	companion_animal
DBJCBO01	JARB-VDT00431	cat	2019	Japan	companion_animal
DBJCBP01	JARB-VDT00429	dog	2019	Japan	companion_animal
DBJCBQ01	JARB-VDT00427	dog	2019	Japan	companion_animal
DBJCBR01	JARB-VDT00422	dog	2019	Japan	companion_animal
DBJCBS01	JARB-VDT00395	dog	2019	Japan	companion_animal
DBJCBT01	JARB-VDT00377	cat	2018	Japan	companion_animal
DBJCBU01	JARB-VDT00371	dog	2018	Japan	companion_animal
DBJCBV01	JARB-VDT00357	dog	2018	Japan	companion_animal
DBJCBW01	JARB-VDT00365	cat	2018	Japan	companion_animal
DBJCBX01	JARB-VDT00355	cat	2018	Japan	companion_animal
DBJCBY01	JARB-VDT00348	cat	2018	Japan	companion_animal
DBJCBZ01	JARB-VDT00344	dog	2018	Japan	companion_animal
DBJCCA01	JARB-VDT00342	cat	2018	Japan	companion_animal
DBJCCB01	JARB-VDT00340	cat	2018	Japan	companion_animal
DBJCCC01	JARB-VDT00333	cat	2018	Japan	companion_animal
DBJCCD01	JARB-VDT00318	cat	2018	Japan	companion_animal
DBJCCE01	JARB-VDT00316	dog	2018	Japan	companion_animal
DBJCCF01	JARB-VDT00312	dog	2018	Japan	companion_animal
DBJCCG01	JARB-VDT00303	european rabbit	2018	Japan	rabbit
DBJCCH01	JARB-VDT00297	cat	2018	Japan	companion_animal
DBJCCI01	JARB-VDT00291	dog	2018	Japan	companion_animal
DBJCCJ01	JARB-VDT00281	dog	2017	Japan	companion_animal
DBJCCK01	JARB-VDT00256	dog	2017	Japan	companion_animal
DBJCCL01	JARB-VDT00755	cat	2021	Japan	companion_animal
DBJCCM01	JARB-VDT00737	dog	2021	Japan	companion_animal
DBJCCN01	JARB-VDT00650	cat	2021	Japan	companion_animal
DBJCCO01	JARB-VDT00627	ferret	2020	Japan	other
DBJCCP01	JARB-VDT00582	cat	2020	Japan	companion_animal
DBJCCQ01	JARB-VDT00401	cat	2019	Japan	companion_animal
DBJCCR01	JARB-VDT00473	dog	2019	Japan	companion_animal
DBJCCS01	JARB-VDT00362	cat	2018	Japan	companion_animal
DBJCCT01	JARB-VDT00278	dog	2017	Japan	companion_animal
DBJCCU01	JARB-VDT00261	dog	2017	Japan	companion_animal
DBJCEG01	JARB-VDT00664	dog	2021	Japan	companion_animal
DBJCEH01	JARB-VDT00750	dog	2021	Japan	companion_animal
DBJCEI01	JARB-VDT00649	ferret	2021	Japan	other
DBJCEJ01	JARB-VDT00789	dog	2021	Japan	companion_animal
DBJCEK01	JARB-VDT00634	dog	2020	Japan	companion_animal
DBJCEL01	JARB-VDT00629	cat	2020	Japan	companion_animal
DBJCEM01	JARB-VDT00780	dog	2021	Japan	companion_animal
DBJCEN01	JARB-VDT00696	cat	2021	Japan	companion_animal
DBJCEO01	JARB-VDT00702	cat	2021	Japan	companion_animal
DBJCEP01	JARB-VDT00598	cat	2020	Japan	companion_animal
DBJCEQ01	JARB-VDT00596	cat	2020	Japan	companion_animal
DBJCER01	JARB-VDT00589	cat	2020	Japan	companion_animal
DBJCES01	JARB-VDT00584	cat	2020	Japan	companion_animal
DBJCET01	JARB-VDT00577	cat	2020	Japan	companion_animal
DBJCEU01	JARB-VDT00541	cat	2020	Japan	companion_animal
DBJCEV01	JARB-VDT00573	cat	2020	Japan	companion_animal
DBJCEW01	JARB-VDT00468	dog	2019	Japan	companion_animal
DBJCEX01	JARB-VDT00498	european rabbit	2019	Japan	rabbit
DBJCEY01	JARB-VDT00417	cat	2019	Japan	companion_animal
DBJCEZ01	JARB-VDT00404	dog	2019	Japan	companion_animal
DBJCFA01	JARB-VDT00402	dog	2019	Japan	companion_animal
DBJCFB01	JARB-VDT00367	dog	2018	Japan	companion_animal
DBJCFC01	JARB-VDT00359	dog	2018	Japan	companion_animal
DBJCFD01	JARB-VDT00356	dog	2018	Japan	companion_animal
DBJCFE01	JARB-VDT00349	cat	2018	Japan	companion_animal
DBJCFF01	JARB-VDT00305	cat	2018	Japan	companion_animal
DBJCFG01	JARB-VDT00330	cat	2018	Japan	companion_animal
DBJCFH01	JARB-VDT00260	cat	2017	Japan	companion_animal
DBJCFI01	JARB-VDT00302	cat	2018	Japan	companion_animal
DBJCFJ01	JARB-VDT00284	dog	2017	Japan	companion_animal
DBJCFW01	JARB-VDT00764	cat	2021	Japan	companion_animal
DBJCFX01	JARB-VDT00752	cat	2021	Japan	companion_animal
DBJCFY01	JARB-VDT00770	dog	2021	Japan	companion_animal
DBJCFZ01	JARB-VDT00763	cat	2021	Japan	companion_animal
DBJCGA01	JARB-VDT00746	cat	2021	Japan	companion_animal
DBJCGB01	JARB-VDT00720	dog	2021	Japan	companion_animal
DBJCGC01	JARB-VDT00704	cat	2021	Japan	companion_animal
DBJCGD01	JARB-VDT00674	cat	2021	Japan	companion_animal
DBJCGE01	JARB-VDT00681	dog	2021	Japan	companion_animal
DBJCGF01	JARB-VDT00669	dog	2021	Japan	companion_animal
DBJCGG01	JARB-VDT00660	cat	2021	Japan	companion_animal
DBJCGH01	JARB-VDT00654	cat	2021	Japan	companion_animal
DBJCGI01	JARB-VDT00592	dog	2020	Japan	companion_animal
DBJCGJ01	JARB-VDT00546	cat	2020	Japan	companion_animal
DBJCGK01	JARB-VDT00587	cat	2020	Japan	companion_animal
DBJCGL01	JARB-VDT00585	dog	2020	Japan	companion_animal
DBJCGM01	JARB-VDT00567	cat	2020	Japan	companion_animal
DBJCGN01	JARB-VDT00556	cat	2020	Japan	companion_animal
DBJCGO01	JARB-VDT00510	dog	2019	Japan	companion_animal
DBJCGP01	JARB-VDT00515	dog	2019	Japan	companion_animal
DBJCGQ01	JARB-VDT00530	dog	2020	Japan	companion_animal
DBJCGR01	JARB-VDT00508	dog	2019	Japan	companion_animal
DBJCGS01	JARB-VDT00494	cat	2019	Japan	companion_animal
DBJCGT01	JARB-VDT00420	dog	2019	Japan	companion_animal
DBJCGU01	JARB-VDT00448	dog	2019	Japan	companion_animal
DBJCGV01	JARB-VDT00416	cat	2019	Japan	companion_animal
DBJCGW01	JARB-VDT00372	dog	2018	Japan	companion_animal
DBJCGX01	JARB-VDT00360	dog	2018	Japan	companion_animal
DBJCGY01	JARB-VDT00392	cat	2019	Japan	companion_animal
DBJCGZ01	JARB-VDT00412	cat	2019	Japan	companion_animal
DBJCHA01	JARB-VDT00374	cat	2018	Japan	companion_animal
DBJCHB01	JARB-VDT00373	cat	2018	Japan	companion_animal
DBJCHC01	JARB-VDT00295	cat	2018	Japan	companion_animal
DBJCHD01	JARB-VDT00301	dog	2018	Japan	companion_animal
DBJCHE01	JARB-VDT00279	cat	2017	Japan	companion_animal
DBJCHH01	JARB-VDT00757	cat	2021	Japan	companion_animal
DBJCHJ01	JARB-VDT00523	cat	2020	Japan	companion_animal
DBJCHL01	JARB-VDT00502	hedgehog	2019	Japan	hedgehog
DBJCHM01	JARB-VDT00343	cat	2018	Japan	companion_animal
DBJCHN01	JARB-VDT00487	cat	2019	Japan	companion_animal
DBJCIZ01	JARB-VDT00709	hamster	2021	Japan	other
DBJCJA01	JARB-VDT00580	dog	2020	Japan	companion_animal
DBJCKI01	JARB-VDT00652	cat	2021	Japan	companion_animal
DBJCKJ01	JARB-VDT00440	dog	2019	Japan	companion_animal
DBJCKK01	JARB-VDT00411	cat	2019	Japan	companion_animal
DBJCKL01	JARB-VDT00358	cat	2018	Japan	companion_animal
DBJCMC01	JARB-VDT00320	cat	2018	Japan	companion_animal
DBJCMD01	JARB-VDT00338	dog	2018	Japan	companion_animal
DBJCNK01	JARB-VDT00449	hamster	2019	Japan	other
DBJCOE01	JARB-VDT00424	cat	2019	Japan	companion_animal
DBJCOF01	JARB-VDT00328	cat	2018	Japan	companion_animal
DBJCPA01	JARB-VDT00769	cat	2021	Japan	companion_animal
DBJCPB01	JARB-VDT00680	cat	2021	Japan	companion_animal
DBJCPC01	JARB-VDT00386	dog	2019	Japan	companion_animal
DBJCPL01	JARB-VDT00476	dog	2019	Japan	companion_animal
DBJCPS01	JARB-VDT00308	cat	2018	Japan	companion_animal
DBJCRG01	JARB-VDT00605	cat	2020	Japan	companion_animal
DBJCRH01	JARB-VDT00435	cat	2019	Japan	companion_animal
DBJHTV01	id18	housefly	2025	Austria	insect
DBJHTW01	id39	housefly	2025	Austria	insect
DBJHTX01	id5	housefly	2025	Austria	insect
DBJHTY01	id48	housefly	2025	Austria	insect
DBJHTZ01	id11	housefly	2025	Austria	insect
DBJHUA01	id43	housefly	2025	Austria	insect
DBJHUB01	id38	housefly	2025	Austria	insect
DBJHUC01	id25	housefly	2025	Austria	insect
DBJHUD01	id7	housefly	2025	Austria	insect
DBJHUE01	id1	housefly	2025	Austria	insect
DBJHUF01	id36	housefly	2025	Austria	insect
DBJHUG01	id41	housefly	2025	Austria	insect
DBJHUH01	id22	housefly	2025	Austria	insect
DBJHUI01	id40	housefly	2025	Austria	insect
DBJHUJ01	id45	housefly	2025	Austria	insect
DBJHUK01	id4	housefly	2025	Austria	insect
DBJHUL01	id46	housefly	2025	Austria	insect
DBJHUM01	id50	housefly	2025	Austria	insect
DBJHUN01	id10	housefly	2025	Austria	insect
DBJHUO01	id12	housefly	2025	Austria	insect
DBJHUP01	id16	housefly	2025	Austria	insect
DBJHUQ01	id14	housefly	2025	Austria	insect
DBJHUR01	id2	housefly	2025	Austria	insect
DBJHUS01	id20	housefly	2025	Austria	insect
DBJHUT01	id23	housefly	2025	Austria	insect
DBJHUU01	id28	housefly	2025	Austria	insect
DBJHUV01	id26	housefly	2025	Austria	insect
DBJHUW01	id33	housefly	2025	Austria	insect
DBJHUX01	id42	housefly	2025	Austria	insect
DBJHUY01	id34	housefly	2025	Austria	insect
DBJHUZ01	id35	housefly	2025	Austria	insect
DBJHVA01	id49	housefly	2025	Austria	insect
DBJHVB01	id9	housefly	2025	Austria	insect
DBJHVX01	id37	housefly	2025	Austria	insect
DBJHWF01	id13	housefly	2025	Austria	insect
DBJHWG01	id15	housefly	2025	Austria	insect
DBJHWH01	id27	housefly	2025	Austria	insect
DBJHWI01	id6	housefly	2025	Austria	insect
DBJHWJ01	id47	housefly	2025	Austria	insect
DBJHXV01	id19	housefly	2025	Austria	insect
DBJHXW01	id32	housefly	2025	Austria	insect
DBJHXX01	id30	housefly	2025	Austria	insect
DBJHYW01	id21	housefly	2025	Austria	insect
DBJHYX01	id31	housefly	2025	Austria	insect
DBJHYY01	id44	housefly	2025	Austria	insect
DBJJBW01	1547	cow	2009	Netherlands	cattle
DBJJBX01	4968	horse	2009	Netherlands	equine
DBJJEI01	7p5	pig	2007	Netherlands	pig
DBJJEJ01	ST398-1p1	pig	2007	Netherlands	pig
DBJJEK01	ST398-1p3	pig	2007	Netherlands	pig
DBJJEL01	ST398-1p7	pig	2007	Netherlands	pig
DBJJEN01	ST398-2p5	pig	2007	Netherlands	pig
DBJJEO01	ST398-5p1	pig	2007	Netherlands	pig
DBJJEP01	ST398-6p7	pig	2007	Netherlands	pig
DBJJEV01	ST398-H-17-414	rat	2017	Germany	rodent
DBJJEX01	ST398-KS-17-22	rat	2016	Germany	rodent
DBJJEY01	ST398-KS-17-20	rat	2016	Germany	rodent
DBJJEZ01	ST398-KS-17-394	rat	2017	Germany	rodent
DBJJFA01	ST398-KS-17-405	rat	2017	Germany	rodent
DBJJFB01	ST398-KS-17-419	rat	2017	Germany	rodent
DBJJFC01	ST398-KS-17-420	rat	2017	Germany	rodent
DBJJFG01	1553	cow	2009	Netherlands	cattle
DBJJFX01	1555	cow	2009	Netherlands	cattle
DBJJGI01	1564	cow	2009	Netherlands	cattle
DBJJGS01	1566	cow	2009	Netherlands	cattle
DBJJHB01	1548	cow	2009	Netherlands	cattle
DBJJHK01	4483	horse	2009	Netherlands	equine
DBJJHV01	4967	horse	2009	Netherlands	equine
FLLV01	Fin48_H18	pig	2015	Finland	pig
FLLW01	Fin47_H17	pig	2015	Finland	pig
FLLX01	Fin46_H17	pig	2015	Finland	pig
JAAFKO01	70-074	horse	2017	USA	equine
JAAFKP01	68-009	horse	2016	USA	equine
JAAFKQ01	67-090	horse	2016	USA	equine
JAAFKR01	67-049	donkey	2016	USA	equine
JAAFKS01	67-013	horse	2016	USA	equine
JAAFKT01	66-100	horse	2016	USA	equine
JAAFKU01	66-067	horse	2016	USA	equine
JAAFKV01	66-064	horse	2016	USA	equine
JAAFKW01	66-032	horse	2016	USA	equine
JAAFKX01	66-021	horse	2016	USA	equine
JAAFKY01	65-098	horse	2016	USA	equine
JAAFKZ01	64-065	horse	2016	USA	equine
JAAFLA01	63-083	donkey	2016	USA	equine
JAAFLB01	63-071	horse	2016	USA	equine
JAAFLC01	63-045	horse	2016	USA	equine
JAAFLD01	63-019	horse	2016	USA	equine
JAAFLE01	62-068	horse	2016	USA	equine
JAAFLF01	62-008	horse	2015	USA	equine
JAAFLG01	61-017	horse	2015	USA	equine
JAAFLH01	60-073	horse	2015	USA	equine
JAAFLI01	60-070	horse	2015	USA	equine
JAAFLJ01	60-016	horse	2015	USA	equine
JAAFLK01	59-071	horse	2015	USA	equine
JAAFLL01	58-006	horse	2015	USA	equine
JAAFLM01	57-034	horse	2015	USA	equine
JAAFLN01	56-089	horse	2015	USA	equine
JAAFLO01	54-075	donkey	2015	USA	equine
JAAFLP01	54-016	horse	2015	USA	equine
JAAFLQ01	53-100	horse	2015	USA	equine
JAAFLR01	51-058	horse	2014	USA	equine
JAAFLS01	51-045	donkey	2014	USA	equine
JAAFLT01	50-087	horse	2014	USA	equine
JAAFLU01	49-097	horse	2014	USA	equine
JAAFLV01	49-079	horse	2014	USA	equine
JAAFLW01	49-069	donkey	2014	USA	equine
JAAFLX01	49-063	horse	2014	USA	equine
JAAFLY01	48-075	horse	2014	USA	equine
JAAFLZ01	48-067	horse	2014	USA	equine
JAAFMA01	48-001	horse	2014	USA	equine
JAAFMB01	47-087	horse	2014	USA	equine
JAAFMC01	47-073	horse	2014	USA	equine
JAAFMD01	46-023	horse	2013	USA	equine
JAAFME01	41-079	horse	2012	USA	equine
JAAFMF01	40-086	horse	2012	USA	equine
JAAFMG01	38-086	horse	2012	USA	equine
JAAFMH01	37-094	horse	2011	USA	equine
JAAFMI01	36-057	mule	2011	USA	other
JAAFMJ01	36-054	horse	2011	USA	equine
JAAFMK01	36-009	horse	2011	USA	equine
JAAFML01	36-004	horse	2011	USA	equine
JAAFMM01	33-036	horse	2011	USA	equine
JAAFMN01	33-029	donkey	2011	USA	equine
JAAFMO01	31-073	horse	2011	USA	equine
JAAFMP01	30-061	horse	2011	USA	equine
JAAFMQ01	30-020	horse	2010	USA	equine
JAAFMR01	29-031	horse	2010	USA	equine
JAAFMS01	29-021	horse	2010	USA	equine
JAAFMT01	29-017	horse	2010	USA	equine
JAAFMU01	29-001	horse	2010	USA	equine
JAAFMV01	28-091	horse	2010	USA	equine
JAAFMW01	28-062	horse	2010	USA	equine
JAAFMX01	26-073	horse	2010	USA	equine
JAAFMY01	26-028	horse	2010	USA	equine
JAAFMZ01	26-006	horse	2010	USA	equine
JAAFNA01	21-081	horse	2010	USA	equine
JAAFNB01	20-093	horse	2010	USA	equine
JAAFNC01	17-036	horse	2009	USA	equine
JAAFND01	17-024	horse	2009	USA	equine
JAAFNE01	17-021	horse	2009	USA	equine
JAAFNF01	11-038	horse	2008	USA	equine
JAAFNG01	11-028	horse	2008	USA	equine
JAAFNH01	09-047	horse	2007	USA	equine
JAANBE01	31210331	cow, milk	2007	Canada	cattle
JAANBF01	21000024	cow, milk	2019	Canada	cattle
JAANBG01	31000024	cow, milk	2019	Canada	cattle
JAANBH01	51000033	cow, milk	2019	Canada	cattle
JAANBI01	41000044	cow, milk	2019	Canada	cattle
JAANBK01	11700739	cow, milk	2008	Canada	cattle
JAANBL01	31500081	cow, milk	2007	Canada	cattle
JAANBM01	21608872	cow, milk	2007	Canada	cattle
JAANBN01	30300330	cow, milk	2007	Canada	cattle
JAANBO01	10303344	cow, milk	2007	Canada	cattle
JAANBP01	30500174	cow, milk	2007	Canada	cattle
JAANBR01	30704176	cow, milk	2007	Canada	cattle
JAANBS01	32800326	cow, milk	2007	Canada	cattle
JAANBT01	10400326	cow, milk	2007	Canada	cattle
JAANBU01	31100823	cow, milk	2007	Canada	cattle
JAANBW01	41012475	cow, milk	2008	Canada	cattle
JAANBX01	30600096	cow, milk	2007	Canada	cattle
JAANBY01	41302682	cow, milk	2007	Canada	cattle
JAANBZ01	41704653	cow, milk	2007	Canada	cattle
JAANCA01	32200324	cow, milk	2007	Canada	cattle
JAANCB01	11105244	cow, milk	2007	Canada	cattle
JAANCC01	31713214	cow, milk	2008	Canada	cattle
JAANCD01	22516824	cow, milk	2008	Canada	cattle
JAANCE01	30108394	cow, milk	2007	Canada	cattle
JAANCF01	22200587	cow, milk	2007	Canada	cattle
JAANCG01	41103371	cow, milk	2007	Canada	cattle
JAANCH01	10508732	cow, milk	2007	Canada	cattle
JAASKT01	J231_MRSA_SCCmec type IVa	cat	2011	Japan	companion_animal
JAASKU01	J215_MRSA_SCCmec type II	cat	2011	Japan	companion_animal
JAASLA01	B524_MRSA_SCCmec type IVa	cow	2011	Belgium	cattle
JAASLB01	B231_MRSA-SCCmec type IVa	cow	2007	Belgium	cattle
JAASOT01	10112441	cow, milk	2008	Canada	cattle
JABTVD01	174	cow	2017	India	cattle
JABTVF01	183	cow	2017	India	cattle
JABTVG01	187	cow	2016	India	cattle
JABTVH01	364	cow	2016	India	cattle
JABTXM01	174	cow	2010	India	cattle
JABWTE01	21_2016	goat, milk	2016	Brazil	small_ruminant
JABWVL01	SAU 0018	cow	2007	Canada	cattle
JABWVM01	SAU 0023	cow	2007	Canada	cattle
JABWVN01	SAU 0027	cow	2007	Canada	cattle
JABWVO01	SAU 0040	cow	2007	Canada	cattle
JABWVP01	SAU 0046	cow	2007	Canada	cattle
JABWVQ01	SAU 0086	cow	2007	Canada	cattle
JABWVR01	SAU 0122	cow	2007	Canada	cattle
JABWVS01	SAU 0186	cow	2007	Canada	cattle
JABWVT01	SAU 0230	cow	2007	Canada	cattle
JABWVU01	SAU 0313	cow	2007	Canada	cattle
JABWVV01	SAU 0338	cow	2007	Canada	cattle
JABWVW01	SAU 0347	cow	2007	Canada	cattle
JABWVX01	SAU 0350	cow	2007	Canada	cattle
JABWVY01	SAU 0362	cow	2007	Canada	cattle
JABWVZ01	SAU 0427	cow	2007	Canada	cattle
JABWWA01	SAU 0462	cow	2007	Canada	cattle
JABWWB01	SAU 0482	cow	2007	Canada	cattle
JABWWC01	SAU 0540	cow	2007	Canada	cattle
JABWWD01	SAU 0547	cow	2007	Canada	cattle
JABWWE01	SAU 0563	cow	2008	Canada	cattle
JABWWF01	SAU 0567	cow	2007	Canada	cattle
JABWWG01	SAU 0635	cow	2007	Canada	cattle
JABWWH01	SAU 0797	cow	2007	Canada	cattle
JABWWI01	SAU 0799	cow	2007	Canada	cattle
JABWWJ01	SAU 0811	cow	2007	Canada	cattle
JABWWK01	SAU 0842	cow	2007	Canada	cattle
JABWWL01	SAU 0850	cow	2007	Canada	cattle
JABWWM01	SAU 1-SA	cow	2007	Canada	cattle
JABWWN01	SAU 10-SA	cow	2008	Canada	cattle
JABWWO01	SAU 1021	cow	2007	Canada	cattle
JABWWP01	SAU 1052	cow	2008	Canada	cattle
JABWWQ01	SAU 1115	cow	2007	Canada	cattle
JABWWR01	SAU 1132a	cow	2007	Canada	cattle
JABWWS01	SAU 1169	cow	2007	Canada	cattle
JABWWT01	SAU 1181	cow	2007	Canada	cattle
JABWWU01	SAU 1205	cow	2007	Canada	cattle
JABWWV01	SAU 1208	cow	2008	Canada	cattle
JABWWW01	SAU 1212	cow	2008	Canada	cattle
JABWWX01	SAU 1300	cow	2007	Canada	cattle
JABWWY01	SAU 1302	cow	2007	Canada	cattle
JABWWZ01	SAU 1310	cow	2007	Canada	cattle
JABWXA01	SAU 1328	cow	2008	Canada	cattle
JABWXB01	SAU 1379	cow	2007	Canada	cattle
JABWXC01	SAU 1393	cow	2007	Canada	cattle
JABWXD01	SAU 1482	cow	2007	Canada	cattle
JABWXE01	SAU 1528	cow	2007	Canada	cattle
JABWXF01	SAU 1553	cow	2007	Canada	cattle
JABWXG01	SAU 1710	cow	2007	Canada	cattle
JABWXH01	SAU 1726	cow	2007	Canada	cattle
JABWXI01	SAU 1779	cow	2008	Canada	cattle
JABWXJ01	SAU 1894	cow	2007	Canada	cattle
JABWXK01	SAU 1914	cow	2008	Canada	cattle
JABWXL01	SAU 1997	cow	2007	Canada	cattle
JABWXM01	SAU 2-SA	cow	2007	Canada	cattle
JABWXN01	SAU 2000	cow	2007	Canada	cattle
JABWXO01	SAU 2025	cow	2007	Canada	cattle
JABWXP01	SAU 2027	cow	2007	Canada	cattle
JABWXQ01	SAU 2104	cow	2007	Canada	cattle
JABWXR01	SAU 2192	cow	2007	Canada	cattle
JABWXS01	SAU 2236	cow	2008	Canada	cattle
JABWXT01	SAU 2286	cow	2007	Canada	cattle
JABWXU01	SAU 2464	cow	2008	Canada	cattle
JABWXV01	SAU 2526	cow	2008	Canada	cattle
JABWXW01	SAU 2690	cow	2007	Canada	cattle
JABWXX01	SAU 2811	cow	2008	Canada	cattle
JABWXY01	SAU 2872	cow	2007	Canada	cattle
JABWXZ01	SAU 2882	cow	2008	Canada	cattle
JABWYA01	SAU 2941	cow	2008	Canada	cattle
JABWYB01	SAU 2961	cow	2007	Canada	cattle
JABWYC01	SAU 2984	cow	2007	Canada	cattle
JABWYD01	SAU 3-SA	cow	2008	Canada	cattle
JABWYE01	SAU 3057	cow	2008	Canada	cattle
JABWYF01	SAU 3125	cow	2007	Canada	cattle
JABWYG01	SAU 3205	cow	2007	Canada	cattle
JABWYH01	SAU 3436	cow	2007	Canada	cattle
JABWYI01	SAU 3457	cow	2007	Canada	cattle
JABWYJ01	SAU 3559	cow	2007	Canada	cattle
JABWYK01	SAU 3641	cow	2008	Canada	cattle
JABWYL01	SAU 4-SA	cow	2008	Canada	cattle
JABWYM01	SAU 4039	cow	2007	Canada	cattle
JABWYN01	SAU 4178	cow	2007	Canada	cattle
JABWYO01	SAU 4235	cow	2008	Canada	cattle
JABWYP01	SAU 4315	cow	2007	Canada	cattle
JABWYQ01	SAU 4358	cow	2008	Canada	cattle
JABWYR01	SAU 4415	cow	2007	Canada	cattle
JABWYS01	SAU 4506	cow	2007	Canada	cattle
JABWYT01	SAU 4554	cow	2007	Canada	cattle
JABWYU01	SAU 4900	cow	2007	Canada	cattle
JABWYV01	SAU 5-SA	cow	2007	Canada	cattle
JABWYW01	SAU 5110	cow	2007	Canada	cattle
JABWYX01	SAU 5661	cow	2008	Canada	cattle
JABWYY01	SAU 5663	cow	2007	Canada	cattle
JABWYZ01	SAU 5724	cow	2007	Canada	cattle
JABWZA01	SAU 5945	cow	2007	Canada	cattle
JABWZB01	SAU 6-SA	cow	2007	Canada	cattle
JABWZC01	SAU 6049	cow	2007	Canada	cattle
JABWZD01	SAU 6056	cow	2007	Canada	cattle
JABWZE01	SAU 6766	cow	2007	Canada	cattle
JABWZF01	SAU 7231	cow	2007	Canada	cattle
JABWZG01	SAU 7404	cow	2007	Canada	cattle
JABWZH01	SAU 7526	cow	2007	Canada	cattle
JABWZI01	SAU 7581	cow	2007	Canada	cattle
JABWZJ01	SAU 7599	cow	2007	Canada	cattle
JABWZK01	SAU 7829	cow	2007	Canada	cattle
JABWZL01	SAU 8-SA	cow	2008	Canada	cattle
JABWZM01	SAU 8111	cow	2007	Canada	cattle
JABWZN01	SAU 8167	cow	2007	Canada	cattle
JABWZO01	SAU 8389	cow	2007	Canada	cattle
JABWZP01	SAU 8494	cow	2007	Canada	cattle
JABWZQ01	SAU 8503	cow	2007	Canada	cattle
JABWZR01	SAU 8817	cow	2007	Canada	cattle
JABWZS01	SAU 9082	cow	2007	Canada	cattle
JABWZT01	SAU 9255	cow	2007	Canada	cattle
JABWZU01	SAU 9309	cow	2007	Canada	cattle
JABWZV01	SAU 9314	cow	2007	Canada	cattle
JABWZW01	SAU 9362	cow	2007	Canada	cattle
JABWZX01	SAU 9450	cow	2007	Canada	cattle
JABWZY01	SAU 9493	cow	2007	Canada	cattle
JABWZZ01	SAU 9595	cow	2007	Canada	cattle
JACBXY01	STF	mouse	2014	United Kingdom	rodent
JACEHL01	1524	chicken	2019	USA	poultry
JACEHM01	1523	chicken	2019	USA	poultry
JACEHN01	1522	chicken	2019	USA	poultry
JACEHO01	1521	chicken	2019	USA	poultry
JACEHP01	1520	chicken	2019	USA	poultry
JACEHQ01	1519	chicken	2019	USA	poultry
JACEHR01	1518	chicken	2019	USA	poultry
JACEHS01	1517	chicken	2019	USA	poultry
JACEHT01	1515	chicken	2019	USA	poultry
JACEHU01	1514	chicken	2019	USA	poultry
JACEHV01	1513	chicken	2019	USA	poultry
JACEHW01	1511	chicken	2019	USA	poultry
JACEHX01	1516	chicken	2019	USA	poultry
JACEHY01	1510	chicken	2019	USA	poultry
JACSGU01	FMV16-7294	horse	2017	Canada	equine
JACSGV01	FMV16-5587	horse	2017	Canada	equine
JACSGW01	FMV17-17156	horse	2017	Canada	equine
JACSGX01	FMV17-17660	horse	2017	Canada	equine
JACTYC01	1213-P-50C	pig	2016	China	pig
JACTYD01	1213-P-50B	pig	2016	China	pig
JACTYE01	1213-P-48B	pig	2016	China	pig
JACTYF01	1213-P-48A	pig	2016	China	pig
JACTYG01	1213-P-46C	pig	2016	China	pig
JACTYH01	1213-P-46B	pig	2016	China	pig
JACTYI01	1213-P-37A	pig	2016	China	pig
JACTYJ01	1213-M-6A	pig	2016	China	pig
JACTYK01	1213-M-4A	pig	2016	China	pig
JACTYL01	1124-P2-12A	pig	2016	China	pig
JACTYN01	1123b-P1-6A	pig	2016	China	pig
JACTYO01	1123b-P1-4A	pig	2016	China	pig
JACTYP01	1123b-P1-17A	pig	2016	China	pig
JACTYQ01	1123b-P1-16A	pig	2016	China	pig
JACTYR01	1123b-P1-15A	pig	2016	China	pig
JACTYS01	1123b-P1-10A	pig	2016	China	pig
JACTYT01	1116-P2-13A	pig	2017	China	pig
JACTYV01	1114-P-9C	pig	2017	China	pig
JACTYW01	1114-P-7A	pig	2017	China	pig
JACTYX01	1114-P-4C	pig	2017	China	pig
JACTYY01	1114-P-4A	pig	2017	China	pig
JACTYZ01	1114-P-3A	pig	2017	China	pig
JACTZA01	1114-P-22B	pig	2017	China	pig
JACTZB01	1114-P-21A	pig	2017	China	pig
JACTZC01	1114-P-20C	pig	2017	China	pig
JACTZD01	1114-P-20B	pig	2017	China	pig
JACTZE01	1114-P-20A	pig	2017	China	pig
JACTZF01	1114-P-19A	pig	2017	China	pig
JACTZG01	1114-P-18B	pig	2017	China	pig
JACTZH01	1114-P-18A	pig	2017	China	pig
JACTZI01	1114-P-17A	pig	2017	China	pig
JACTZJ01	1114-P-16B	pig	2017	China	pig
JACTZK01	1114-P-14A	pig	2017	China	pig
JACTZL01	1114-P-13A	pig	2017	China	pig
JACTZM01	1114-P-12C	pig	2017	China	pig
JACTZN01	1114-P-12B	pig	2017	China	pig
JACTZO01	1114-P-12A	pig	2017	China	pig
JACTZP01	1114-P-11B	pig	2017	China	pig
JACTZQ01	1114-P-10B	pig	2017	China	pig
JACTZR01	1114-P-10A	pig	2017	China	pig
JACTZS01	1113-P3-5A	pig	2017	China	pig
JACTZT01	1113-P3-11A	pig	2017	China	pig
JACTZU01	1113-P1-9A	pig	2017	China	pig
JACTZV01	1113-P1-8B	pig	2017	China	pig
JACTZW01	1113-P1-11B	pig	2017	China	pig
JACTZX01	1113-P1-11A	pig	2017	China	pig
JACTZY01	1113-P1-10A	pig	2017	China	pig
JACUAD01	1112-P1-9A	pig	2017	China	pig
JACUAE01	1112-P1-3A	pig	2017	China	pig
JACUAF01	1112-P1-1A	pig	2017	China	pig
JACUAK01	0702-P-16A	pig	2017	China	pig
JACUAP01	0629-P-21B	pig	2017	China	pig
JACUAQ01	0629-P-21A	pig	2017	China	pig
JACUAR01	0629-P-11A	pig	2017	China	pig
JACUAS01	0629-P-10C	pig	2017	China	pig
JACUAT01	0629-P-10B	pig	2017	China	pig
JACUAU01	0629-P-10A	pig	2017	China	pig
JACUAW01	0623-P-20A	pig	2017	China	pig
JACUAX01	0622-M-7B	pig	2017	China	pig
JACUAY01	0619-P-1B	pig	2017	China	pig
JACUAZ01	0619-P-1A	pig	2017	China	pig
JACUBA01	0618-P-27A	pig	2017	China	pig
JACUBD01	0603-P-7A	pig	2017	China	pig
JACUBE01	0603-P-4A	pig	2017	China	pig
JACUBF01	0603-P-2A	pig	2017	China	pig
JACUBG01	0603-P-22A	pig	2017	China	pig
JACUBH01	0603-P-21A	pig	2017	China	pig
JACUBI01	0603-P-1A	pig	2017	China	pig
JACUBJ01	0603-P-16A	pig	2017	China	pig
JACUBK01	0603-P-14A	pig	2017	China	pig
JACUBL01	0603-P-13A	pig	2017	China	pig
JACUBQ01	0520-P-9A	pig	2017	China	pig
JACUBR01	0520-P-35A	pig	2017	China	pig
JACUBS01	0520-P-29B	pig	2017	China	pig
JACUBT01	0520-P-29A	pig	2017	China	pig
JACUBU01	0520-P-23B	pig	2017	China	pig
JACUBV01	0520-P-23A	pig	2017	China	pig
JACUBW01	0520-P-14A	pig	2017	China	pig
JACUBX01	0517-P-4A	pig	2017	China	pig
JACUBY01	0517-P-49A	pig	2017	China	pig
JACUBZ01	0517-P-20A	pig	2017	China	pig
JACUCA01	0517-P-13A	pig	2017	China	pig
JACUCD01	0509-M-9A	pig	2017	China	pig
JACUCE01	0509-M-7A	pig	2017	China	pig
JACUCF01	0509-M-6A	pig	2017	China	pig
JACUCG01	0509-M-4A	pig	2017	China	pig
JACUCH01	0509-M-30B	pig	2017	China	pig
JACUCI01	0509-M-30A	pig	2017	China	pig
JACUCJ01	0509-M-28A	pig	2017	China	pig
JACUCK01	0509-M-27C	pig	2017	China	pig
JACUCL01	0509-M-27B	pig	2017	China	pig
JACUCM01	0509-M-27A	pig	2017	China	pig
JACUCN01	0509-M-24B	pig	2017	China	pig
JACUCO01	0509-M-24A	pig	2017	China	pig
JACUCP01	0509-M-23B	pig	2017	China	pig
JACUCQ01	0509-M-23A	pig	2017	China	pig
JACUCR01	0509-M-21C	pig	2017	China	pig
JACUCS01	0509-M-21B	pig	2017	China	pig
JACUCT01	0509-M-21A	pig	2017	China	pig
JACUCU01	0509-M-20C	pig	2017	China	pig
JACUCV01	0509-M-20B	pig	2017	China	pig
JACUCW01	0509-M-20A	pig	2017	China	pig
JACUCX01	0509-M-19C	pig	2017	China	pig
JACUCY01	0509-M-19B	pig	2017	China	pig
JACUCZ01	0509-M-19A	pig	2017	China	pig
JACUDA01	0509-M-18C	pig	2017	China	pig
JACUDB01	0509-M-18B	pig	2017	China	pig
JACUDC01	0509-M-18A	pig	2017	China	pig
JACUDD01	0509-M-17B	pig	2017	China	pig
JACUDE01	0509-M-17A	pig	2017	China	pig
JACUDF01	0509-M-14B	pig	2017	China	pig
JACUDG01	0509-M-14A	pig	2017	China	pig
JACUDH01	0509-M-13A	pig	2017	China	pig
JACUDI01	0509-M-12A	pig	2017	China	pig
JACUDJ01	0509-M-11B	pig	2017	China	pig
JACUDK01	0509-M-11A	pig	2017	China	pig
JACUDR01	0506-P-9A	pig	2017	China	pig
JACUDS01	0506-P-8B	pig	2017	China	pig
JACUDT01	0506-P-8A	pig	2017	China	pig
JACUDU01	0506-P-6B	pig	2017	China	pig
JACUDV01	0506-P-6A	pig	2017	China	pig
JACUDW01	0506-P-5B	pig	2017	China	pig
JACUDX01	0506-P-51A	pig	2017	China	pig
JACUDY01	0506-P-50B	pig	2017	China	pig
JACUDZ01	0506-P-50A	pig	2017	China	pig
JACUEA01	0506-P-49A	pig	2017	China	pig
JACUEB01	0506-P-45A	pig	2017	China	pig
JACUEC01	0506-P-44A	pig	2017	China	pig
JACUED01	0506-P-43B	pig	2017	China	pig
JACUEE01	0506-P-40B	pig	2017	China	pig
JACUEF01	0506-P-40A	pig	2017	China	pig
JACUEG01	0506-P-3B	pig	2017	China	pig
JACUEH01	0506-P-39B	pig	2017	China	pig
JACUEI01	0506-P-38A	pig	2017	China	pig
JACUEJ01	0506-P-36B	pig	2017	China	pig
JACUEK01	0506-P-34B	pig	2017	China	pig
JACUEL01	0506-P-34A	pig	2017	China	pig
JACUEM01	0506-P-33B	pig	2017	China	pig
JACUEN01	0506-P-32A	pig	2017	China	pig
JACUEO01	0506-P-30C	pig	2017	China	pig
JACUEP01	0506-P-2A	pig	2017	China	pig
JACUEQ01	0506-P-28A	pig	2017	China	pig
JACUER01	0506-P-27C	pig	2017	China	pig
JACUES01	0506-P-27B	pig	2017	China	pig
JACUET01	0506-P-26B	pig	2017	China	pig
JACUEU01	0506-P-26A	pig	2017	China	pig
JACUEV01	0506-P-25B	pig	2017	China	pig
JACUEW01	0506-P-23B	pig	2017	China	pig
JACUEX01	0506-P-23A	pig	2017	China	pig
JACUEY01	0506-P-22B	pig	2017	China	pig
JACUEZ01	0506-P-21C	pig	2017	China	pig
JACUFA01	0506-P-21B	pig	2017	China	pig
JACUFB01	0506-P-19A	pig	2017	China	pig
JACUFC01	0506-P-17B	pig	2017	China	pig
JACUFD01	0506-P-17A	pig	2017	China	pig
JACUFE01	0506-P-16B	pig	2017	China	pig
JACUFF01	0506-P-15A	pig	2017	China	pig
JACUFG01	0506-P-14B	pig	2017	China	pig
JACUFH01	0506-P-14A	pig	2017	China	pig
JACUFI01	0506-P-12B	pig	2017	China	pig
JACUFJ01	0506-P-12A	pig	2017	China	pig
JACUFK01	0506-P-11A	pig	2017	China	pig
JACUFL01	0506-P-10C	pig	2017	China	pig
JACUFM01	0506-P-10B	pig	2017	China	pig
JACUFN01	0506-P-10A	pig	2017	China	pig
JACUFO01	0506-M-9B	pig	2017	China	pig
JACUFP01	0506-M-1A	pig	2017	China	pig
JACUFX01	0428-P-40A	pig	2017	China	pig
JACUFY01	0428-P-35A	pig	2017	China	pig
JACUFZ01	0428-P-26A	pig	2017	China	pig
JACUGE01	0414-P-6A	pig	2017	China	pig
JACUGF01	0406-P-39A	pig	2017	China	pig
JACUGG01	0406-P-36A	pig	2017	China	pig
JACUGL01	0325-P-13A	pig	2017	China	pig
JACUGN01	0324-P-9A	pig	2017	China	pig
JACUGO01	0324-P-28A	pig	2017	China	pig
JACUGP01	0324-P-14A	pig	2017	China	pig
JACUGQ01	0324-M-4A	pig	2017	China	pig
JACUGR01	0324-M-3A	pig	2017	China	pig
JACUGS01	0324-M-2A	pig	2017	China	pig
JACUGT01	0324-M-1A	pig	2017	China	pig
JACUGV01	0323-P1-5A	pig	2017	China	pig
JACUGW01	0318-P-6B	pig	2017	China	pig
JACUGX01	0318-P-6A	pig	2017	China	pig
JACUGY01	0318-P-5A	pig	2017	China	pig
JACUGZ01	0318-P-3A	pig	2017	China	pig
JACUHA01	0318-P-2C	pig	2017	China	pig
JACUHB01	0318-P-1A	pig	2017	China	pig
JACUHC01	0318-P-10A	pig	2017	China	pig
JACUHD01	0318-M-7B	pig	2017	China	pig
JACUHE01	0318-M-6B	pig	2017	China	pig
JACUHF01	0318-M-5A	pig	2017	China	pig
JACUHG01	0318-M-3C	pig	2017	China	pig
JACUHH01	0318-M-3B	pig	2017	China	pig
JACUHI01	0318-M-3A	pig	2017	China	pig
JACUHJ01	0318-M-2B	pig	2017	China	pig
JACUHK01	0318-M-1B	pig	2017	China	pig
JACUHL01	0318-M-1A	pig	2017	China	pig
JACUHP01	0316-P-8B	pig	2017	China	pig
JACUHQ01	0316-P-8A	pig	2017	China	pig
JACUHR01	0316-P-7A	pig	2017	China	pig
JACUHS01	0316-P-4A	pig	2017	China	pig
JACUHT01	0316-P-3B	pig	2017	China	pig
JACUHU01	0316-P-3A	pig	2017	China	pig
JACUHV01	0316-P-30A	pig	2017	China	pig
JACUHW01	0316-P-2B	pig	2017	China	pig
JACUHX01	0316-P-2A	pig	2017	China	pig
JACUHY01	0316-P-28A	pig	2017	China	pig
JACUHZ01	0316-P-27B	pig	2017	China	pig
JACUIA01	0316-P-27A	pig	2017	China	pig
JACUIB01	0316-P-25B	pig	2017	China	pig
JACUIC01	0316-P-23B	pig	2017	China	pig
JACUID01	0316-P-23A	pig	2017	China	pig
JACUIE01	0316-P-21B	pig	2017	China	pig
JACUIF01	0316-P-21A	pig	2017	China	pig
JACUIG01	0316-P-19B	pig	2017	China	pig
JACUIH01	0316-P-19A	pig	2017	China	pig
JACUII01	0316-P-18A	pig	2017	China	pig
JACUIJ01	0316-P-17A	pig	2017	China	pig
JACUIK01	0316-P-16B	pig	2017	China	pig
JACUIL01	0316-P-16A	pig	2017	China	pig
JACUIM01	0316-P-15B	pig	2017	China	pig
JACUIN01	0316-P-15A	pig	2017	China	pig
JACUIO01	0316-P-13A	pig	2017	China	pig
JACUIP01	0316-P-11A	pig	2017	China	pig
JACUIQ01	0316-P-10C	pig	2017	China	pig
JACUIR01	0316-P-10B	pig	2017	China	pig
JACUIS01	0316-P-10A	pig	2017	China	pig
JACUIT01	0316-M-6B	pig	2017	China	pig
JACUIU01	0316-M-6A	pig	2017	China	pig
JACUIV01	0316-M-5B	pig	2017	China	pig
JACUIW01	0316-M-5A	pig	2017	China	pig
JACUIX01	0316-M-3A	pig	2017	China	pig
JACUIY01	0316-M-1B	pig	2017	China	pig
JACUIZ01	0316-M-1A	pig	2017	China	pig
JACUJF01	0213-P-9B	pig	2017	China	pig
JACUJG01	0213-P-9A	pig	2017	China	pig
JACUJH01	0213-P-7B	pig	2017	China	pig
JACUJI01	0213-P-5B	pig	2017	China	pig
JACUJJ01	0213-P-3C	pig	2017	China	pig
JACUJK01	0213-P-3B	pig	2017	China	pig
JACUJL01	0213-P-1A	pig	2017	China	pig
JACUJM01	0213-P-18B	pig	2017	China	pig
JACUJN01	0213-P-18A	pig	2017	China	pig
JACUJO01	0213-P-12C	pig	2017	China	pig
JACUJP01	0213-P-12B	pig	2017	China	pig
JACUJQ01	0213-P-12A	pig	2017	China	pig
JACUJR01	0213-P-11A	pig	2017	China	pig
JACUJS01	0213-P-10A	pig	2017	China	pig
JACUJT01	0213-M-5B	pig	2017	China	pig
JACUJU01	0213-M-5A	pig	2017	China	pig
JACUJV01	0213-M-4B	pig	2017	China	pig
JACUJX01	0213-M-1C	pig	2017	China	pig
JACUJY01	0213-M-1A	pig	2017	China	pig
JACUKB01	0116E-P-6B	pig	2017	China	pig
JACUKC01	0116E-P-6A	pig	2017	China	pig
JACUKD01	0116E-P-4B	pig	2017	China	pig
JACUKE01	0116E-P-4A	pig	2017	China	pig
JACUKF01	0116D-M-3A	pig	2017	China	pig
JACUKG01	0116D-M-1B	pig	2017	China	pig
JACUKH01	0116B-P-7B	pig	2017	China	pig
JACUKI01	0116B-P-6B	pig	2017	China	pig
JACUKJ01	0116B-P-6A	pig	2017	China	pig
JACUKK01	0116B-P-5B	pig	2017	China	pig
JACUKL01	0116B-P-5A	pig	2017	China	pig
JACUKM01	0116B-P-4B	pig	2017	China	pig
JACUKN01	0116B-P-3B	pig	2017	China	pig
JACUKO01	0116B-P-3A	pig	2017	China	pig
JACUKP01	0116B-P-2B	pig	2017	China	pig
JACUKQ01	0116B-P-2A	pig	2017	China	pig
JACUKR01	0116B-P-1B	pig	2017	China	pig
JACUKS01	0116B-P-1A	pig	2017	China	pig
JADFCK01	G11	dog	2017	India	companion_animal
JADFCL01	G14	dog	2018	India	companion_animal
JADGKH01	STF.1	mouse	2014	United Kingdom	rodent
JADGLA01	19428wD1_P36	mouse	2014	United Kingdom	rodent
JADGLS01	4_5BalbC4O2_S4	mouse	2012	United Kingdom	rodent
JADWDK01	23622_DAR_9_18_1_3	red deer	2015	United Kingdom	cervid
JADWDL01	23662_DAR_4_18_1_C1	red deer	2015	United Kingdom	cervid
JADWDM01	23567_SAR_10_18_S2	sheep	2015	United Kingdom	small_ruminant
JADWDN01	23566_SAR_10_18_S1	sheep	2015	United Kingdom	small_ruminant
JADWDO01	23641_DAR_10_18_N3	red deer	2015	United Kingdom	cervid
JADWDP01	23639_DAR_10_18_N1	red deer	2015	United Kingdom	cervid
JADWDQ01	23638_DAR_9_18_N3	red deer	2015	United Kingdom	cervid
JADWDR01	23637_DAR_9_18_N1	red deer	2015	United Kingdom	cervid
JADWDS01	23621_DAR_8_18_1_LC1	red deer	2015	United Kingdom	cervid
JADWDT01	23625_DAR_6_18_1_LC3	red deer	2015	United Kingdom	cervid
JADWDU01	23636_DAR_6_18_1_LC2	red deer	2015	United Kingdom	cervid
JADWDV01	23635_DAR_6_18_1_LC1	red deer	2015	United Kingdom	cervid
JADWDW01	23623_DAR_5_18_N_C1	red deer	2015	United Kingdom	cervid
JADWDX01	23624_DAR_5_18_I_C2	red deer	2015	United Kingdom	cervid
JADWDY01	23634_DAR_5_18_I_C1	red deer	2015	United Kingdom	cervid
JADWDZ01	23568_DAR_04_18_2_C2	red deer	2015	United Kingdom	cervid
JADWEA01	23661_DAR_4_18_1_C3	red deer	2015	United Kingdom	cervid
JADWEB01	23551_DAR_03_18_N_C1	red deer	2015	United Kingdom	cervid
JADWEC01	23586_DAR_02_18_2_C3	red deer	2015	United Kingdom	cervid
JADWED01	23640_DAR_10_18_N2	red deer	2015	United Kingdom	cervid
JADWEE01	23633_DAR_2_18_1_C3	red deer	2015	United Kingdom	cervid
JADWEF01	23658_SAR_20_18_Q3	sheep	2015	United Kingdom	small_ruminant
JADWEG01	23657_SAR_20_18_Q2	sheep	2015	United Kingdom	small_ruminant
JADWEH01	23656_SAR_20_18_P1	sheep	2015	United Kingdom	small_ruminant
JADWEI01	23655_SAR_18_18_S2	sheep	2015	United Kingdom	small_ruminant
JADWEJ01	23654_SAR_18_18_S1	sheep	2015	United Kingdom	small_ruminant
JADWEK01	23653_SAR_17_18_S3	sheep	2015	United Kingdom	small_ruminant
JADWEL01	23652_SAR_17_18_S1	sheep	2015	United Kingdom	small_ruminant
JADWEM01	23651_SAR_16_18_S2	sheep	2015	United Kingdom	small_ruminant
JADWEN01	23650_SAR_16_18_S1	sheep	2015	United Kingdom	small_ruminant
JADWEO01	23649_SAR_13_18_N3	sheep	2015	United Kingdom	small_ruminant
JADWEP01	23565_SAR_13_18_N1	sheep	2015	United Kingdom	small_ruminant
JADWEQ01	23648_SAR_12_18_N2	sheep	2015	United Kingdom	small_ruminant
JADWER01	23647_SAR_12_18_N1	sheep	2015	United Kingdom	small_ruminant
JADWES01	23646_SAR_9_18_N3	sheep	2015	United Kingdom	small_ruminant
JADWET01	23645_SAR_9_18_N2	sheep	2015	United Kingdom	small_ruminant
JADWEV01	23550_SAR_3_18_N_3	sheep	2015	United Kingdom	small_ruminant
JADWEW01	23548_SAR_3_18_N_2	sheep	2015	United Kingdom	small_ruminant
JADWEX01	23547_SAR_3_18_N_1	sheep	2015	United Kingdom	small_ruminant
JADWEY01	23539_SAR_2_18_N_3	sheep	2015	United Kingdom	small_ruminant
JADWEZ01	23642_SAR_2_18_N2	sheep	2015	United Kingdom	small_ruminant
JADWFA01	30399_JW34501O1	red squirrel	2015	Jersey	squirrel
JADWFB01	23577_AR_053_18_O_BHC1	red squirrel	2015	United Kingdom	squirrel
JADWFC01	23578_AR_040_18_O_BHC1	red squirrel	2015	United Kingdom	squirrel
JADWFD01	23575_AR_053_18_O_BHC2	red squirrel	2015	United Kingdom	squirrel
JADWFE01	23574_AR_053_18_A_BHY1	red squirrel	2015	United Kingdom	squirrel
JADWFF01	23559_AR_040_18_O_BHC3	red squirrel	2015	United Kingdom	squirrel
JADWFG01	23571_AR_053_18_A_BHY3	red squirrel	2015	United Kingdom	squirrel
JADWFH01	23558_AR_040_18_O_BHC2	red squirrel	2015	United Kingdom	squirrel
JADWFI01	23573_AR_053_18_A_BHY2	red squirrel	2015	United Kingdom	squirrel
JADWFJ01	23576_AR_053_18_O_BHC3	red squirrel	2015	United Kingdom	squirrel
JADWFK01	23607_JW_32476_O3	red squirrel	2015	Jersey	squirrel
JADWFL01	23606_JW_32476_O2	red squirrel	2015	Jersey	squirrel
JADWFM01	AR_13_S1	red squirrel	2015	United Kingdom	squirrel
JADWFN01	AR_05_S3	red squirrel	2015	United Kingdom	squirrel
JADWFO01	AR_05_S2	red squirrel	2015	United Kingdom	squirrel
JADWFP01	AR_05_S1	red squirrel	2015	United Kingdom	squirrel
JADWFQ01	AR_04_S2	red squirrel	2015	United Kingdom	squirrel
JADWFR01	AR_04_S1	red squirrel	2015	United Kingdom	squirrel
JADWFS01	AR_03_S3	red squirrel	2015	United Kingdom	squirrel
JADWFT01	AR_03_S2	red squirrel	2015	United Kingdom	squirrel
JADWFU01	AR_03_S1	red squirrel	2015	United Kingdom	squirrel
JADWFV01	BI_49_S1	red squirrel	2015	United Kingdom	squirrel
JADWFW01	BI_44_S2	red squirrel	2015	United Kingdom	squirrel
JADWFX01	BI_42_S2	red squirrel	2015	United Kingdom	squirrel
JADWFY01	BI_42_S1	red squirrel	2015	United Kingdom	squirrel
JADWFZ01	BI_35_S1	red squirrel	2015	United Kingdom	squirrel
JADWGA01	BI_34_S3	red squirrel	2015	United Kingdom	squirrel
JADWGB01	BI_34_S2	red squirrel	2015	United Kingdom	squirrel
JADWGC01	27156_JW33412I5	red squirrel	2015	Jersey	squirrel
JADWGD01	27155_JW33412I3	red squirrel	2015	Jersey	squirrel
JADWGE01	27154_JW33412I2	red squirrel	2015	Jersey	squirrel
JADWGF01	27153_JW33412I1	red squirrel	2015	Jersey	squirrel
JADWGG01	27152_JW33412O5	red squirrel	2015	Jersey	squirrel
JADWGH01	27151_JW33412O4	red squirrel	2015	Jersey	squirrel
JADWGI01	27150_JW33412O3	red squirrel	2015	Jersey	squirrel
JADWGJ01	27149_JW33412O1	red squirrel	2015	Jersey	squirrel
JADWGK01	23660_SAR_14_18_N3	sheep	2015	United Kingdom	small_ruminant
JADWGL01	23659_SAR_14_18_N1	sheep	2015	United Kingdom	small_ruminant
JADWGM01	23644_SAR_7_18_N2	sheep	2015	United Kingdom	small_ruminant
JADWGN01	23584_DAR_03_18_I_Y2	red deer	2015	United Kingdom	cervid
JADWGO01	23583_DAR_03_18_I_Y1	red deer	2015	United Kingdom	cervid
JADWGP01	23582_BI_112_18_O_C3	red squirrel	2015	United Kingdom	squirrel
JADWGQ01	23581_BI_112_18_O_C2	red squirrel	2015	United Kingdom	squirrel
JADWGR01	23552_DAR_03_18_I_Y3	red deer	2015	United Kingdom	cervid
JADWGS01	23549_BI_112_18_O_C1	red squirrel	2015	United Kingdom	squirrel
JADWGT01	23540_SAR_7_18_N_3	sheep	2015	United Kingdom	small_ruminant
JADWGU01	BI_002_16_S1	red squirrel	2015	United Kingdom	squirrel
JADWGV01	AR_17_S2	red squirrel	2015	United Kingdom	squirrel
JADWGW01	AR_17_S1	red squirrel	2015	United Kingdom	squirrel
JADWGX01	AR_15_S4	red squirrel	2015	United Kingdom	squirrel
JADWGY01	AR_15_S3	red squirrel	2015	United Kingdom	squirrel
JADWGZ01	AR_11_S2	red squirrel	2015	United Kingdom	squirrel
JADWHA01	AR_11_S1	red squirrel	2015	United Kingdom	squirrel
JADWHB01	AR_10_S1	red squirrel	2015	United Kingdom	squirrel
JADWHC01	AR_09_S2	red squirrel	2015	United Kingdom	squirrel
JADWHD01	AR_09_S1	red squirrel	2015	United Kingdom	squirrel
JADWHE01	23610_BI_115_18_O_W2	red squirrel	2015	United Kingdom	squirrel
JADWHF01	23609_BI_106_18_O_C1	red squirrel	2015	United Kingdom	squirrel
JADWHG01	23580_AR_045_18_O_BHC3	red squirrel	2015	United Kingdom	squirrel
JADWHH01	23579_AR_045_18_O_BHC2	red squirrel	2015	United Kingdom	squirrel
JADWHI01	23564_BI_111_18_O_C1	red squirrel	2015	United Kingdom	squirrel
JADWHJ01	23563_AR_045_18_O_BHC1	red squirrel	2015	United Kingdom	squirrel
JADWHK01	23562_BI_111_18_O_C3	red squirrel	2015	United Kingdom	squirrel
JADWHL01	23561_BI_111_18_O_C2	red squirrel	2015	United Kingdom	squirrel
JADWHM01	23560_BI_115_18_O_W1	red squirrel	2015	United Kingdom	squirrel
JADWHN01	23556_AR_039_18_O_BHC3	red squirrel	2015	United Kingdom	squirrel
JADWHO01	23555_AR_039_18_O_BHC2	red squirrel	2015	United Kingdom	squirrel
JADWHP01	23554_BI_106_18_O_C2	red squirrel	2015	United Kingdom	squirrel
JADWHQ01	23553_BI_106_18_O_C3	red squirrel	2015	United Kingdom	squirrel
JADWHR01	BI_816_S2	red squirrel	2015	United Kingdom	squirrel
JADWHS01	BI_816_S1	red squirrel	2015	United Kingdom	squirrel
JADWHT01	BI_28_S3	red squirrel	2015	United Kingdom	squirrel
JADWHU01	BI_28_S2	red squirrel	2015	United Kingdom	squirrel
JADWHV01	BI_28_S1	red squirrel	2015	United Kingdom	squirrel
JADWHW01	30366_IOW744N4	red squirrel	2015	United Kingdom	squirrel
JADWHX01	30367_IOW744N3	red squirrel	2015	United Kingdom	squirrel
JADWHY01	30368_IOW744N2	red squirrel	2015	United Kingdom	squirrel
JADWHZ01	30369_IOW744N1	red squirrel	2015	United Kingdom	squirrel
JADWIA01	27172_IOWHB733O4	red squirrel	2015	United Kingdom	squirrel
JADWIC01	27170_IOWHB733O2	red squirrel	2015	United Kingdom	squirrel
JADWID01	27169_IOWHB733O1	red squirrel	2015	United Kingdom	squirrel
JADWIE01	27168_IOWHB733N4	red squirrel	2015	United Kingdom	squirrel
JADWIF01	27167_IOWHB733N3	red squirrel	2015	United Kingdom	squirrel
JADWIG01	27166_IOWHB733N2	red squirrel	2015	United Kingdom	squirrel
JADWIH01	27165_IOWHB733N1	red squirrel	2015	United Kingdom	squirrel
JADWII01	27164_IOWHB733S4	red squirrel	2015	United Kingdom	squirrel
JADWIJ01	27163_IOWHB733S3	red squirrel	2015	United Kingdom	squirrel
JADWIK01	27162_IOWHB733S2	red squirrel	2015	United Kingdom	squirrel
JADWIM01	27160_IOWHB733I4	red squirrel	2015	United Kingdom	squirrel
JADWIO01	27158_IOWHB733I2	red squirrel	2015	United Kingdom	squirrel
JADWIP01	27157_IOWHB733I1	red squirrel	2015	United Kingdom	squirrel
JADWIQ01	30398_JW34536I2	red squirrel	2015	Jersey	squirrel
JADWIR01	30397_JW34536I1	red squirrel	2015	Jersey	squirrel
JADWIS01	30396_JW34594O2	red squirrel	2015	Jersey	squirrel
JADWIT01	30395_JW34594O1	red squirrel	2015	Jersey	squirrel
JADWIU01	30394_JW34680O4	red squirrel	2015	Jersey	squirrel
JADWIV01	30393_JW34680O3	red squirrel	2015	Jersey	squirrel
JADWIW01	30392_JW34680O2	red squirrel	2015	Jersey	squirrel
JADWIX01	30391_JW34680O1	red squirrel	2015	Jersey	squirrel
JADWIY01	30390_JW34602O4	red squirrel	2015	Jersey	squirrel
JADWIZ01	30389_JW34602O3	red squirrel	2015	Jersey	squirrel
JADWJA01	30388_JW34602O2	red squirrel	2015	Jersey	squirrel
JADWJB01	30387_JW34602O1	red squirrel	2015	Jersey	squirrel
JADWJC01	30386_JW34662N5	red squirrel	2015	Jersey	squirrel
JADWJD01	30385_JW34662N4	red squirrel	2015	Jersey	squirrel
JADWJE01	30384_JW34662N3	red squirrel	2015	Jersey	squirrel
JADWJF01	30383_JW34662N2	red squirrel	2015	Jersey	squirrel
JADWJG01	30382_JW34662N1	red squirrel	2015	Jersey	squirrel
JADWJH01	30381_JW34782I1	red squirrel	2015	Jersey	squirrel
JADWJI01	30380_JW34783O3	red squirrel	2015	Jersey	squirrel
JADWJJ01	30379_JW34783O2	red squirrel	2015	Jersey	squirrel
JADWJK01	30378_JW34783O1	red squirrel	2015	Jersey	squirrel
JADWJL01	30377_JW34223O3	red squirrel	2015	Jersey	squirrel
JADWJM01	30376_JW34223O2	red squirrel	2015	Jersey	squirrel
JADWJN01	30375_JW34223O1	red squirrel	2015	Jersey	squirrel
JADWJO01	30374_JW34223I3	red squirrel	2015	Jersey	squirrel
JADWJP01	30373_JW34223I2	red squirrel	2015	Jersey	squirrel
JADWJQ01	30372_JW34223I1	red squirrel	2015	Jersey	squirrel
JADWJR01	30371_JW34223N2	red squirrel	2015	Jersey	squirrel
JADWJS01	30370_JW34223N1	red squirrel	2015	Jersey	squirrel
JADWJT01	JW_31330_O_BHY_5	red squirrel	2015	Jersey	squirrel
JADWJU01	JW_31330_O_BHY_4	red squirrel	2015	Jersey	squirrel
JADWJV01	JW_31330_O_BHY_3	red squirrel	2015	Jersey	squirrel
JADWJW01	JW_31330_O_BHY_2	red squirrel	2015	Jersey	squirrel
JADWJX01	JW_31330_L_BHY_5	red squirrel	2015	Jersey	squirrel
JADWJY01	JW_31330_L_BHY_4	red squirrel	2015	Jersey	squirrel
JADWJZ01	JW_31330_L_BHY_3	red squirrel	2015	Jersey	squirrel
JADWKA01	JW_31330_L_BHY_2	red squirrel	2015	Jersey	squirrel
JADWKB01	JW_31330_L_BHY_1	red squirrel	2015	Jersey	squirrel
JADWKC01	JW_31330_I_BHY_5	red squirrel	2015	Jersey	squirrel
JADWKD01	JW_31330_I_BHY_4	red squirrel	2015	Jersey	squirrel
JADWKE01	JW_31330_I_BHY_3	red squirrel	2015	Jersey	squirrel
JADWKF01	JW_31330_I_BHY_2	red squirrel	2015	Jersey	squirrel
JADWKG01	JW_30866_O_BHY_5	red squirrel	2015	Jersey	squirrel
JADWKH01	JW_30866_O_BHY_2	red squirrel	2015	Jersey	squirrel
JADWKI01	JW_30866_O_BHY_1	red squirrel	2015	Jersey	squirrel
JADWKJ01	JW_30866_I_BHY	red squirrel	2015	Jersey	squirrel
JADWKK01	JW_30866_A_Y	red squirrel	2015	Jersey	squirrel
JADWKL01	23631_JW_32660_O5	red squirrel	2015	Jersey	squirrel
JADWKM01	23630_JW_32660_O4	red squirrel	2015	Jersey	squirrel
JADWKN01	23629_JW_32660_O3	red squirrel	2015	Jersey	squirrel
JADWKO01	23628_JW_32660_O2	red squirrel	2015	Jersey	squirrel
JADWKP01	23627_JW_32704_I_SC2	red squirrel	2015	Jersey	squirrel
JADWKQ01	23626_JW_32635_O5	red squirrel	2015	Jersey	squirrel
JADWKR01	23620_JW_32660_RH5	red squirrel	2015	Jersey	squirrel
JADWKS01	23619_JW_32635_I1	red squirrel	2015	Jersey	squirrel
JADWKT01	23618_JW_32635_O4	red squirrel	2015	Jersey	squirrel
JADWKU01	23617_JW_32635_O3	red squirrel	2015	Jersey	squirrel
JADWKV01	23616_JW_32635_O2	red squirrel	2015	Jersey	squirrel
JADWKW01	23615_JW_32635_O1	red squirrel	2015	Jersey	squirrel
JADWKX01	23614_JW_32660_RH4	red squirrel	2015	Jersey	squirrel
JADWKY01	23613_JW_32660_RH3	red squirrel	2015	Jersey	squirrel
JADWKZ01	23612_JW_32660_RH2	red squirrel	2015	Jersey	squirrel
JADWLA01	23611_JW_32660_RH1	red squirrel	2015	Jersey	squirrel
JADWLB01	23608_JW_32476_O4	red squirrel	2015	Jersey	squirrel
JADWLC01	23605_JW_32476_O1	red squirrel	2015	Jersey	squirrel
JADWLD01	23604_JW_32660_O1	red squirrel	2015	Jersey	squirrel
JADWLE01	23603_JW_32660_LIP2	red squirrel	2015	Jersey	squirrel
JADWLF01	23602_JW_32660_LIP1	red squirrel	2015	Jersey	squirrel
JADWLG01	23601_JW_32979_A5	red squirrel	2015	Jersey	squirrel
JADWLH01	23600_JW_32979_A4	red squirrel	2015	Jersey	squirrel
JADWLI01	23599_JW_32979_A3	red squirrel	2015	Jersey	squirrel
JADWLJ01	23598_JW_32979_A2	red squirrel	2015	Jersey	squirrel
JADWLK01	23597_JW_32979_A1	red squirrel	2015	Jersey	squirrel
JADWLL01	23596_JW_32660_A5	red squirrel	2015	Jersey	squirrel
JADWLM01	23595_JW_32660_A4	red squirrel	2015	Jersey	squirrel
JADWLN01	23594_JW_32660_A3	red squirrel	2015	Jersey	squirrel
JADWLO01	23593_JW_32660_A2	red squirrel	2015	Jersey	squirrel
JADWLP01	23592_JW_32660_A1	red squirrel	2015	Jersey	squirrel
JADWLQ01	23590_JW_32635_L4	red squirrel	2015	Jersey	squirrel
JADWLR01	23589_JW_32635_L3	red squirrel	2015	Jersey	squirrel
JADWLS01	23588_JW_32635_L6	red squirrel	2015	Jersey	squirrel
JADWLT01	23587_JW_32635_L5	red squirrel	2015	Jersey	squirrel
JADWLU01	23572_AR_056_18_O_BHC1	red squirrel	2015	United Kingdom	squirrel
JADWLV01	23570_AR_056_18_O_BHC2	red squirrel	2015	United Kingdom	squirrel
JADWLW01	23569_AR_056_18_O_BHC3	red squirrel	2015	United Kingdom	squirrel
JADWLX01	23546_JW_32635_I4	red squirrel	2015	Jersey	squirrel
JADWLY01	23545_JW_32635_I5	red squirrel	2015	Jersey	squirrel
JADWLZ01	23544_JW_32635_I2	red squirrel	2015	Jersey	squirrel
JADWMA01	23543_JW_32635_I3	red squirrel	2015	Jersey	squirrel
JADWMB01	23542_JW_32635_L1	red squirrel	2015	Jersey	squirrel
JADWMC01	23541_JW_32635_L2	red squirrel	2015	Jersey	squirrel
JAEADT01	37920-1	goat	2019	Italy	small_ruminant
JAEADU01	37920-2	goat	2019	Italy	small_ruminant
JAEADV01	37920-3	goat	2019	Italy	small_ruminant
JAEADW01	37920-4	goat	2019	Italy	small_ruminant
JAEADX01	37920-5	goat	2019	Italy	small_ruminant
JAEADY01	37920-6	goat	2019	Italy	small_ruminant
JAEADZ01	37920-7	goat	2019	Italy	small_ruminant
JAEAEA01	37920-8	goat	2019	Italy	small_ruminant
JAEAEN01	60925	sheep, milk	2012	Italy	small_ruminant
JAEDAS01	Q38	dog	2015	Hungary	companion_animal
JAEDAU01	Q85	dog	2015	Hungary	companion_animal
JAELYB01	NC LYH	livingstone's fruit bat	2016	Jersey	bat
JAELYC01	NW LYH	livingstone's fruit bat	2016	Jersey	bat
JAELYD01	30412_155F202	livingstone's fruit bat	2019	Comoros	bat
JAELYE01	30406_155F136	livingstone's fruit bat	2019	Comoros	bat
JAELYF01	27181_155F72	livingstone's fruit bat	2019	Comoros	bat
JAELYG01	27184_155F92	livingstone's fruit bat	2019	Comoros	bat
JAELYH01	27186_155F131	livingstone's fruit bat	2019	Comoros	bat
JAELYI01	27191_155F222	livingstone's fruit bat	2019	Comoros	bat
JAELYJ01	27199_155F114	livingstone's fruit bat	2019	Comoros	bat
JAELYK01	27205_175F522	livingstone's fruit bat	2019	Comoros	bat
JAELYL01	27193_175F292	livingstone's fruit bat	2019	Comoros	bat
JAELYN01	27204_175F463	livingstone's fruit bat	2019	Comoros	bat
JAELYO01	27198_155F12	livingstone's fruit bat	2019	Comoros	bat
JAELYQ01	27201_175F382	livingstone's fruit bat	2019	Comoros	bat
JAELYR01	27200_175F351	livingstone's fruit bat	2019	Comoros	bat
JAELYS01	27197_175F322	livingstone's fruit bat	2019	Comoros	bat
JAELYT01	27195_175F313	livingstone's fruit bat	2019	Comoros	bat
JAELYU01	27194_175F303	livingstone's fruit bat	2019	Comoros	bat
JAELYW01	27185_155F122	livingstone's fruit bat	2019	Comoros	bat
JAELYX01	27177_54M3289Y5	livingstone's fruit bat	2019	Jersey	bat
JAELYY01	27176_54M3289Y4	livingstone's fruit bat	2019	Jersey	bat
JAELYZ01	27175_54M3289Y3	livingstone's fruit bat	2019	Jersey	bat
JAELZA01	27174_54M3289Y2	livingstone's fruit bat	2019	Jersey	bat
JAELZB01	27173_54M3289Y1	livingstone's fruit bat	2019	Jersey	bat
JAELZC01	23591_5_3_M3012_5	livingstone's fruit bat	2019	Jersey	bat
JAELZD01	23538_5_3_M3012_2	livingstone's fruit bat	2019	Jersey	bat
JAELZE01	23537_5_3_M3012_1	livingstone's fruit bat	2019	Jersey	bat
JAELZF01	23536_5_3_M3012_4	livingstone's fruit bat	2019	Jersey	bat
JAELZG01	23535_5_3_M3012_3	livingstone's fruit bat	2019	Jersey	bat
JAELZH01	27/4-8 LHC	livingstone's fruit bat	2016	Jersey	bat
JAELZI01	27/4-24 LC	livingstone's fruit bat	2016	Jersey	bat
JAELZJ01	27/4-20 AHC	livingstone's fruit bat	2016	Jersey	bat
JAELZK01	27/4-18 SC	livingstone's fruit bat	2016	Jersey	bat
JAELZL01	27/4-18 LC	livingstone's fruit bat	2016	Jersey	bat
JAELZM01	27/4-18 BHY	livingstone's fruit bat	2016	Jersey	bat
JAELZN01	23/2-17 Whaem	livingstone's fruit bat	2015	Jersey	bat
JAELZO01	23/11-14 HW	livingstone's fruit bat	2017	Jersey	bat
JAELZP01	23/11-13 HW	livingstone's fruit bat	2017	Jersey	bat
JAELZQ01	21/11-F8H LC	livingstone's fruit bat	2017	Jersey	bat
JAELZR01	21/11-F5 LY	livingstone's fruit bat	2017	Jersey	bat
JAELZS01	21/11-5 LC	livingstone's fruit bat	2017	Jersey	bat
JAELZT01	21/11-2 LC	livingstone's fruit bat	2017	Jersey	bat
JAELZU01	18/1-E BHC	livingstone's fruit bat	2016	Jersey	bat
JAELZV01	18/1-D BHC	livingstone's fruit bat	2016	Jersey	bat
JAELZW01	18/1-3 SG	livingstone's fruit bat	2016	Jersey	bat
JAELZX01	18/1-3 BHC	livingstone's fruit bat	2016	Jersey	bat
JAELZY01	18/1-2 BHY	livingstone's fruit bat	2016	Jersey	bat
JAELZZ01	18/1-19 BHC	livingstone's fruit bat	2016	Jersey	bat
JAEMAA01	18/1-12 BHC	livingstone's fruit bat	2016	Jersey	bat
JAEMAB01	30408_155F165	livingstone's fruit bat	2019	Comoros	bat
JAEMAC01	30409_155F184	livingstone's fruit bat	2019	Comoros	bat
JAEMAD01	30407_155F163	livingstone's fruit bat	2019	Comoros	bat
JAEMAE01	30404_155F173	livingstone's fruit bat	2019	Comoros	bat
JAEMAF01	30411_155F73	livingstone's fruit bat	2019	Comoros	bat
JAEMAG01	27190_155F201	livingstone's fruit bat	2019	Comoros	bat
JAEMAH01	27208_175TM674	livingstone's fruit bat	2019	Comoros	bat
JAEMAI01	27203_175F433	livingstone's fruit bat	2019	Comoros	bat
JAEMAK01	27179_155F52	livingstone's fruit bat	2019	Comoros	bat
JAEMAM01	27189_155F174	livingstone's fruit bat	2019	Comoros	bat
JAEMAN01	27182_155F75	livingstone's fruit bat	2019	Comoros	bat
JAEMAO01	27180_155F71	livingstone's fruit bat	2019	Comoros	bat
JAEMAQ01	NC LWH	livingstone's fruit bat	2016	Jersey	bat
JAEMAR01	NC LW	livingstone's fruit bat	2016	Jersey	bat
JAEMAS01	27/4-5 BHC	livingstone's fruit bat	2016	Jersey	bat
JAEMAT01	27/4-24 LHY	livingstone's fruit bat	2016	Jersey	bat
JAEMAU01	27/4-24 BHC	livingstone's fruit bat	2016	Jersey	bat
JAEMAV01	27/4-11 BHC	livingstone's fruit bat	2016	Jersey	bat
JAEMAW01	27/4-1 BHC	livingstone's fruit bat	2016	Jersey	bat
JAEMAX01	23/2-9 S	livingstone's fruit bat	2015	Jersey	bat
JAEMAY01	23/2-9 YBH	livingstone's fruit bat	2015	Jersey	bat
JAEMAZ01	23/2-5 YBH	livingstone's fruit bat	2015	Jersey	bat
JAEMBA01	23/2-5 SG	livingstone's fruit bat	2015	Jersey	bat
JAEMBB01	23/2-14 LBH	livingstone's fruit bat	2015	Jersey	bat
JAEMBC01	22/11-11 HW	livingstone's fruit bat	2017	Jersey	bat
JAEMBD01	21/11-F1 LY	livingstone's fruit bat	2017	Jersey	bat
JAEMBE01	18/1-F BHC	livingstone's fruit bat	2016	Jersey	bat
JAEQMS01	H68B1	european hedgehog	2020	Hungary	hedgehog
JAETWF01	AW7_20C9	rat	2020	Switzerland	rodent
JAETWG01	AW7_20C6	rat	2020	Switzerland	rodent
JAETWH01	AW7_20C2	rat	2020	Switzerland	rodent
JAETWI01	AW7_17C8	rat	2020	Switzerland	rodent
JAETWJ01	AW7_17C2	rat	2020	Switzerland	rodent
JAETWK01	AW7_17C1	rat	2020	Switzerland	rodent
JAETWS01	Laus102_18C10	rat	2020	Switzerland	rodent
JAETWT01	Laus102_18C4	rat	2020	Switzerland	rodent
JAETWU01	Laus102_18C1	rat	2020	Switzerland	rodent
JAETWV01	Laus102_16C8	rat	2020	Switzerland	rodent
JAETWW01	Laus102_16C5	rat	2020	Switzerland	rodent
JAETWX01	Laus102_16C1	rat	2020	Switzerland	rodent
JAEUCL01	GDK8D3A	duck	2018	China	poultry
JAEUCM01	GDK8D13A	duck	2018	China	poultry
JAEUCN01	GDK8D46A	duck	2018	China	poultry
JAEUCO01	GDK8D50A	duck	2018	China	poultry
JAEUCP01	GDQ8D272A	duck	2018	China	poultry
JAEUCQ01	GDQ8D276AT	duck	2018	China	poultry
JAEUCR01	GDQ8D278A	duck	2018	China	poultry
JAEUCS01	GDH9D5A	duck	2019	China	poultry
JAEUCT01	GDH9D16A	duck	2019	China	poultry
JAEUCU01	GDH9D24A	duck	2019	China	poultry
JAEUCV01	GDH9D25A	duck	2019	China	poultry
JAEUCW01	GDH9D43A	duck	2019	China	poultry
JAEUCX01	GDH9D44A	duck	2019	China	poultry
JAEUCY01	GDH9D46A	duck	2019	China	poultry
JAEUCZ01	GDH9D47A	duck	2019	China	poultry
JAEUDA01	GDH9D69A	duck	2019	China	poultry
JAEUDB01	GDH9D96A	duck	2019	China	poultry
JAEUDC01	GDH9D123A	duck	2019	China	poultry
JAEUDH01	GDB20D107A	duck	2020	China	poultry
JAEUDN01	GDQ20D60A	duck	2020	China	poultry
JAEUDO01	GDQ20D64A	duck	2020	China	poultry
JAEUDP01	GDQ20D65A	duck	2020	China	poultry
JAEUDQ01	GDQ20D83A	duck	2020	China	poultry
JAEUDR01	GDQ20D88A	duck	2020	China	poultry
JAEUED01	GDK8D64A	duck	2018	China	poultry
JAEUEE01	GDH9D10A	duck	2019	China	poultry
JAEUEF01	GDH9D36A	duck	2019	China	poultry
JAEUEG01	GDH9D39A	duck	2019	China	poultry
JAEUEH01	GDH9D50A	duck	2019	China	poultry
JAEUEI01	GDH9D59A	duck	2019	China	poultry
JAEUEU01	GDB20D93A	duck	2020	China	poultry
JAEUEV01	GDB20D94A	duck	2020	China	poultry
JAEUEW01	GDB20D95A	duck	2020	China	poultry
JAEUEX01	GDB20D96A	duck	2020	China	poultry
JAEUFE01	GDQ20D85A	duck	2020	China	poultry
JAGRZN01	SA1271	yak	2019	China	other
JAGRZO01	SA1270	yak	2019	China	other
JAGRZP01	SA1266	yak	2019	China	other
JAGRZQ01	SA1254	yak	2019	China	other
JAGRZR01	SA1224	yak	2019	China	other
JAGRZS01	SA1214	yak	2019	China	other
JAGRZT01	SA1110	yak	2019	China	other
JAGRZU01	SA1109	yak	2019	China	other
JAGRZV01	SA1108	yak	2019	China	other
JAGRZW01	SA1107	yak	2019	China	other
JAGRZX01	SA1095	yak	2019	China	other
JAGRZY01	SA1092	yak	2019	China	other
JAGRZZ01	SA1073	yak	2019	China	other
JAGSAA01	SA1064	yak	2019	China	other
JAGSAB01	SA1061	yak	2019	China	other
JAGSAC01	SA1053	yak	2019	China	other
JAGSAD01	SA1041	yak	2019	China	other
JAGSAE01	SA975	yak	2019	China	other
JAGSAF01	SA950	yak	2019	China	other
JAGSAG01	SA874	yak	2019	China	other
JAGSAH01	SA871	yak	2019	China	other
JAGSAI01	SA862	yak	2019	China	other
JAGSAJ01	SA803	yak	2019	China	other
JAGSAK01	SA756	yak	2019	China	other
JAGSAL01	SA705	yak	2019	China	other
JAGSAM01	SA692	yak	2019	China	other
JAGSAN01	SA678	yak	2019	China	other
JAGSAO01	SA620	yak	2019	China	other
JAGSAP01	SA619	yak	2019	China	other
JAGSAQ01	SA618	yak	2019	China	other
JAGSAR01	SA456	yak	2019	China	other
JAGSAS01	SA455	yak	2019	China	other
JAGSAT01	SA447	yak	2019	China	other
JAGSAU01	SA446	yak	2019	China	other
JAGSAV01	SA436	yak	2019	China	other
JAGSAW01	SA435	yak	2019	China	other
JAGSAX01	SA433	yak	2019	China	other
JAGSAY01	SA432	yak	2019	China	other
JAGSAZ01	SA431	yak	2019	China	other
JAGSBA01	SA425	yak	2019	China	other
JAGSBB01	SA423	yak	2019	China	other
JAGSBC01	SA422	yak	2019	China	other
JAGSBD01	SA421	yak	2019	China	other
JAGSBE01	SA420	yak	2019	China	other
JAGSBF01	SA410	yak	2019	China	other
JAGSBG01	SA404	yak	2019	China	other
JAGSBH01	SA401	yak	2019	China	other
JAGSBI01	SA399	yak	2019	China	other
JAGSBJ01	SA395	yak	2019	China	other
JAGSBK01	SA391	yak	2019	China	other
JAGSBL01	SA387	yak	2019	China	other
JAGSBM01	SA384	yak	2019	China	other
JAGSBN01	SA380	yak	2019	China	other
JAGSBO01	SA379	yak	2019	China	other
JAGSBP01	SA378	yak	2019	China	other
JAGSBQ01	SA375	yak	2019	China	other
JAGSBR01	SA373	yak	2019	China	other
JAGSBS01	SA371	yak	2019	China	other
JAGSBT01	SA370	yak	2019	China	other
JAGSBU01	SA369	yak	2019	China	other
JAGSBV01	SA367	yak	2019	China	other
JAGSBW01	SA366	yak	2019	China	other
JAGSBX01	SA365	yak	2019	China	other
JAGSBY01	SA364	yak	2019	China	other
JAGSBZ01	SA363	yak	2019	China	other
JAGSCA01	SA362	yak	2019	China	other
JAGSCB01	SA361	yak	2019	China	other
JAGSCC01	SA356	yak	2019	China	other
JAGSCD01	SA320	yak	2019	China	other
JAGSCE01	SA314	yak	2019	China	other
JAGSCF01	SA296	yak	2019	China	other
JAGSCG01	SA294	yak	2019	China	other
JAGSCH01	SA282	yak	2019	China	other
JAGSCI01	SA275	yak	2019	China	other
JAGSCJ01	SA274	yak	2019	China	other
JAGSCK01	SA268	yak	2019	China	other
JAGSCL01	SA258	yak	2019	China	other
JAGSCM01	SA228	yak	2019	China	other
JAGSCN01	SA162	yak	2019	China	other
JAGSCO01	SA157	yak	2019	China	other
JAGSCP01	SA152	yak	2019	China	other
JAGSCQ01	SA143	yak	2019	China	other
JAGSCR01	SA49	yak	2019	China	other
JAHCMZ01	7631-3	cow	2016	Norway	cattle
JAHCNA01	7636-3	cow	2016	Norway	cattle
JAHCNB01	7644-3	cow	2016	Norway	cattle
JAHCNC01	7648-3	cow	2016	Norway	cattle
JAHCND01	7654-1	cow	2016	Norway	cattle
JAHCNE01	7659-4	cow	2016	Norway	cattle
JAHCNF01	7681-1	cow	2016	Norway	cattle
JAHCNG01	7684-2	cow	2016	Norway	cattle
JAHCNH01	7686-3	cow	2016	Norway	cattle
JAHCNI01	7688-2	cow	2016	Norway	cattle
JAHCNJ01	7697-1-2	cow	2016	Norway	cattle
JAHCNK01	7702-1	cow	2016	Norway	cattle
JAHCNM01	7790-4	cow	2016	Norway	cattle
JAHCNN01	7849-4	cow	2016	Norway	cattle
JAHCNO01	7870-4	cow	2016	Norway	cattle
JAHCNP01	7882-1	cow	2016	Norway	cattle
JAHCNQ01	7888-3	cow	2016	Norway	cattle
JAHCNR01	7892-1	cow	2016	Norway	cattle
JAHCNT01	7915-4	cow	2016	Norway	cattle
JAHCNW01	7998-1	cow	2016	Norway	cattle
JAHCOM01	Ani-GT-109	cow	2016	Belgium	cattle
JAHCON01	Ani-GT-110	cow	2016	Belgium	cattle
JAHCOO01	Ani-GT-112	cow	2016	Belgium	cattle
JAHCOP01	Ani-GT-113	cow	2016	Belgium	cattle
JAHCOQ01	Ani-GT-114	cow	2016	Belgium	cattle
JAHCOR01	Ani-GT-115	cow	2016	Belgium	cattle
JAHCOS01	Ani-GT-116	cow	2016	Belgium	cattle
JAHCOT01	Ani-GT-117	cow	2016	Belgium	cattle
JAHCOU01	Ani-GT-118	cow	2016	Belgium	cattle
JAHCOV01	Ani-GT-119	cow	2016	Belgium	cattle
JAHCPF01	Ani-LG-028	cow	2016	Belgium	cattle
JAHCPG01	Ani-LG-029	cow	2016	Belgium	cattle
JAHCPI01	Ani-LG-035	cow	2016	Belgium	cattle
JAHCPN01	Ani-LG-054	cow	2016	Belgium	cattle
JAHCPP01	Ani-LG-056	cow	2016	Belgium	cattle
JAHCPZ01	Ani-LG-134	cow	2016	Belgium	cattle
JAHCQC01	Ani-LG-159	cow	2016	Belgium	cattle
JAHCQE01	Ani-LG-171	cow	2016	Belgium	cattle
JAHCQF01	Ani-LG-173	cow	2016	Belgium	cattle
JAHCQG01	Ani-LG-174	cow	2016	Belgium	cattle
JAHHIV01	31/2016	goat, milk	2016	Brazil	small_ruminant
JAHLZI01	K124	cow	2011	India	cattle
JAHLZJ01	K133	cow	2011	India	cattle
JAHLZK01	K139	cow	2011	India	cattle
JAHLZL01	K152	cow	2011	India	cattle
JAHLZM01	K159	cow	2011	India	cattle
JAHLZO01	K170	cow	2011	India	cattle
JAHLZP01	K111	cow	2011	India	cattle
JAHLZQ01	K113	cow	2011	India	cattle
JAHLZR01	K115	cow	2011	India	cattle
JAHLZT01	K181	cow	2011	India	cattle
JAHLZU01	K182	cow	2011	India	cattle
JAHLZV01	K187	cow	2011	India	cattle
JAHMIQ01	K109	cow	2011	India	cattle
JAHMIR01	K186	cow	2011	India	cattle
JAHMQO01	S252	shrimp	2019	India	other
JAHMQP01	S251	shrimp	2019	India	other
JAHMRQ01	S183	buffalo, milk	2018	India	other
JAHMRU01	S180	buffalo, milk	2018	India	other
JAHMRV01	S179	buffalo, milk	2018	India	other
JAHNUT01	B7	cow	2013	India	cattle
JAHNUW01	BP2	buffalo, milk	2013	India	other
JAHNUX01	BP5	buffalo, milk	2013	India	other
JAHNUY01	BP7	buffalo, milk	2013	India	other
JAHNUZ01	BP8	buffalo, milk	2013	India	other
JAHNVA01	BP9	buffalo, milk	2013	India	other
JAHNVB01	BP15	buffalo, milk	2013	India	other
JAHNVC01	BP20	buffalo, milk	2013	India	other
JAHNVG01	K1	cow	2009	India	cattle
JAHRIE01	B3	cow	2013	India	cattle
JAHSUJ01	K10	cow	2009	India	cattle
JAHSUK01	K13	cow	2009	India	cattle
JAHSUQ01	K39	cow	2009	India	cattle
JAHSUR01	K41	cow	2009	India	cattle
JAIRAN01	5_2016	goat, milk	2016	Brazil	small_ruminant
JAIRAO01	22_2016	goat, milk	2016	Brazil	small_ruminant
JAIRAP01	26_2016	goat, milk	2016	Brazil	small_ruminant
JAJUER01	OV20	sheep, milk	2015	Switzerland	small_ruminant
JAKFAU01	INSa31741	dolphin	2011	Portugal	other
JAKFAV01	INSaAq156	fish	2018	Portugal	other
JAKFAW01	INSaAq134	fish	2018	Portugal	other
JAKFAX01	INSaAq83	fish	2018	Portugal	other
JAKFAY01	INSaAq69	fish	2018	Portugal	other
JAKFAZ01	INSaAq61	fish	2018	Portugal	other
JAKFBA01	INSaAq36	fish	2018	Portugal	other
JAKJJJ01	STAU23	cow	2011	Brazil	cattle
JAKKIC01	STAU78	cow	2011	Brazil	cattle
JAKKID01	STAU32	cow	2010	Brazil	cattle
JAKKUZ01	GD4SA108	pig	2021	China	pig
JAKKVA01	GDH2SA15	pig	2020	China	pig
JAKKVD01	JX2SA13	pig	2020	China	pig
JAKKVE01	HN2SA30	pig	2020	China	pig
JAKKVG01	HN2SA20	pig	2020	China	pig
JAKKVH01	HN2SA18	pig	2020	China	pig
JAKKVI01	GX2SA08	pig	2020	China	pig
JAKKVJ01	GX2SA61	pig	2020	China	pig
JAKKVK01	GX2SA23	pig	2020	China	pig
JAKKVL01	GX2SA13	pig	2020	China	pig
JAKKVM01	GD2SA24	pig	2020	China	pig
JAKKVQ01	GD4SA124	pig	2021	China	pig
JAKKVR01	GD4SA116	pig	2021	China	pig
JAKKVS01	HN3SA39	pig	2021	China	pig
JAKKVT01	HN3SA38	pig	2021	China	pig
JAKKVU01	HN3SA31	pig	2021	China	pig
JAKKVV01	HN3SA14	pig	2021	China	pig
JAKKVW01	GX3SA14	pig	2021	China	pig
JAKKVX01	GX3SA02	pig	2021	China	pig
JAKKVY01	GDW3SA05	pig	2021	China	pig
JAKKVZ01	GDW3SA02	pig	2021	China	pig
JAKKWA01	GDW3SA01	pig	2021	China	pig
JAKKWB01	GDR3SA10	pig	2021	China	pig
JAKKWC01	GDR3SA09	pig	2021	China	pig
JAKKWD01	GDR3SA07	pig	2021	China	pig
JAKKWE01	GDR3SA03	pig	2021	China	pig
JAKKWF01	GDQ3SA08	pig	2021	China	pig
JAKKWH01	GDF3SA08	pig	2021	China	pig
JAKKWI01	GDF3SA07	pig	2021	China	pig
JAKKWJ01	GDF3SA06	pig	2021	China	pig
JAKKWK01	GDF3SA05	pig	2021	China	pig
JAKKWL01	GDA3SA04	pig	2021	China	pig
JAKKWM01	GDA3SA03	pig	2021	China	pig
JAKKWN01	GDA3SA01	pig	2021	China	pig
JAKRWN01	STAU73	cow	2011	Brazil	cattle
JALBGI01	BR-MHR281Sau	cow, milk	2021	Bangladesh	cattle
JALBGM01	BR-MHR220Sau	cow, milk	2021	Bangladesh	cattle
JALEAE01	1824L	cow	2015	Mexico	cattle
JALEAF01	18_S18	cow	2015	Mexico	cattle
JALEAG01	15_S14	cow	2015	Mexico	cattle
JALEAH01	14_S13	cow	2015	Mexico	cattle
JALEAI01	13Sons	cow	2015	Mexico	cattle
JALEAJ01	8_S11	cow	2015	Mexico	cattle
JALLHD01	GU 19	cow	2019	India	cattle
JALSEA01	PYP/19	pig	2019	India	pig
JALSEC01	PYP/17	pig	2019	India	pig
JALSED01	PYP/16	pig	2019	India	pig
JALSEE01	PYP/15	pig	2019	India	pig
JALSEF01	PYP/13	pig	2019	India	pig
JALSEG01	PYP/12	pig	2019	India	pig
JALSEH01	PYP/11	pig	2019	India	pig
JALSEI01	PYP/10	pig	2019	India	pig
JALSEJ01	PYP/09	pig	2019	India	pig
JALSEK01	PYP/08	pig	2019	India	pig
JALSEL01	PYP/07	pig	2019	India	pig
JALSEM01	PYP/06	pig	2019	India	pig
JALSEN01	PYP/05	pig	2019	India	pig
JALSEO01	PYP/04	pig	2019	India	pig
JALSEP01	PYP/03	pig	2019	India	pig
JALSEQ01	PYP/02	pig	2019	India	pig
JAMBJC01	BHI2-bin.5	bee	2020	China	other
JAMKYP01	S69	pig	2018	China	pig
JAMKYQ01	S68	pig	2018	China	pig
JAMKYR01	S67	pig	2018	China	pig
JAMKYS01	S66	pig	2018	China	pig
JAMKYT01	S65	pig	2018	China	pig
JAMKYU01	S64	pig	2018	China	pig
JAMKYV01	S63	pig	2018	China	pig
JAMKYW01	S62	pig	2018	China	pig
JAMKYX01	S60	pig	2018	China	pig
JAMKYY01	S59	pig	2018	China	pig
JAMKYZ01	S58	pig	2018	China	pig
JAMKZA01	S57	pig	2018	China	pig
JAMKZB01	S56	pig	2018	China	pig
JAMKZC01	S55	pig	2018	China	pig
JAMKZD01	S54	pig	2018	China	pig
JAMKZE01	S53	pig	2018	China	pig
JAMKZF01	S52	pig	2018	China	pig
JAMKZG01	S51	pig	2018	China	pig
JAMKZH01	S50	pig	2018	China	pig
JAMKZI01	S49	pig	2018	China	pig
JAMKZJ01	S48	pig	2018	China	pig
JAMKZK01	S47	pig	2018	China	pig
JAMKZL01	S46	pig	2018	China	pig
JAMKZM01	S45	pig	2018	China	pig
JAMKZN01	S44	pig	2018	China	pig
JAMKZO01	S43	pig	2018	China	pig
JAMKZP01	S42	pig	2018	China	pig
JAMKZQ01	S41	pig	2018	China	pig
JAMKZR01	S40	pig	2018	China	pig
JAMKZS01	S39	pig	2018	China	pig
JAMKZT01	S38	pig	2018	China	pig
JAMKZU01	S37	pig	2018	China	pig
JAMKZV01	S36	pig	2018	China	pig
JAMKZW01	S35	pig	2018	China	pig
JAMKZX01	S34	pig	2018	China	pig
JAMKZY01	S33	pig	2018	China	pig
JAMKZZ01	S32	pig	2018	China	pig
JAMLAA01	S31	pig	2018	China	pig
JAMLAB01	S30	pig	2018	China	pig
JAMLAC01	S29	pig	2018	China	pig
JAMLAD01	S28	pig	2018	China	pig
JAMLAE01	S27	pig	2018	China	pig
JAMLAF01	S26	pig	2018	China	pig
JAMLAG01	S25	pig	2018	China	pig
JAMLAH01	S24	pig	2018	China	pig
JAMLAI01	S23	pig	2018	China	pig
JAMLAJ01	S22	pig	2018	China	pig
JAMLAK01	S21	pig	2018	China	pig
JAMLAL01	S20	pig	2018	China	pig
JAMLAM01	S19	pig	2018	China	pig
JAMLAN01	S18	pig	2018	China	pig
JAMLAO01	S17	pig	2018	China	pig
JAMLAP01	S16	pig	2018	China	pig
JAMLAQ01	S15	pig	2018	China	pig
JAMLAR01	S14	pig	2018	China	pig
JAMLAS01	S13	pig	2018	China	pig
JAMLAT01	S12	pig	2018	China	pig
JAMLAU01	S11	pig	2018	China	pig
JAMLAV01	S10	pig	2018	China	pig
JAMLAW01	S9	pig	2018	China	pig
JAMLAX01	S8	pig	2018	China	pig
JAMLAY01	S7	pig	2018	China	pig
JAMLAZ01	S5	pig	2018	China	pig
JAMLBA01	S4	pig	2018	China	pig
JAMLBB01	S3	pig	2018	China	pig
JAMLBC01	S2	pig	2018	China	pig
JAMLBD01	S1	pig	2018	China	pig
JAMRDI01	S6	pig	2018	China	pig
JAMWLB01	Gar NS 7	goat	2020	India	small_ruminant
JAMWSZ01	Gar CS 26	duck	2020	India	poultry
JAMWTB01	Gar NS 11	cow	2020	India	cattle
JAMXBA01	BVC S1	cow	2018	India	cattle
JAMYXR01	DG29	pig	2004	Germany	pig
JAMYXS01	DG17	pig	2008	Germany	pig
JAMYXT01	DG12	pig	2008	Germany	pig
JAMYXU01	DG9	pig	2008	Germany	pig
JAMYXV01	DG4	pig	2008	Germany	pig
JAMYXW01	DG41	pig	2017	Germany	pig
JAMYXX01	DG39	pig	2015	Germany	pig
JAMYXY01	DG37	pig	2015	Germany	pig
JAMYXZ01	DG36	pig	2015	Germany	pig
JAMYYA01	DG34	pig	2015	Germany	pig
JAMYYB01	YN502	pig	2017	China	pig
JAMYYC01	YN523	pig	2017	China	pig
JAMYYD01	YN471	pig	2017	China	pig
JAMYYE01	SHP1	pig	2016	China	pig
JAMYYF01	GDC1	pig	2016	China	pig
JAMYYG01	DY82	pig	2014	China	pig
JAMYYH01	SF30	pig	2013	China	pig
JAMYYI01	PNB35	pig	2009	China	pig
JAMYYJ01	QDT9	pig	2014	China	pig
JAMYYK01	DL44	pig	2009	China	pig
JAMYYO01	82596	pig	2008	Germany	pig
JAMYYP01	82239	pig	2008	Germany	pig
JAMYYQ01	82237	pig	2008	Germany	pig
JAMYYR01	82235	pig	2008	Germany	pig
JAMYYS01	82234	pig	2008	Germany	pig
JAMYYT01	82056	pig	2008	Germany	pig
JAMYYU01	81871	pig	2008	Germany	pig
JAMYYV01	81870	pig	2008	Germany	pig
JAMYYW01	81638	pig	2008	Germany	pig
JAMYYX01	81118	pig	2008	Germany	pig
JAMYYY01	81001	pig	2008	Germany	pig
JAMYYZ01	80989	pig	2008	Germany	pig
JAMYZA01	80953	pig	2008	Germany	pig
JAMYZB01	80698	pig	2008	Germany	pig
JAMYZC01	80500	pig	2008	Germany	pig
JAMYZD01	80489	pig	2008	Germany	pig
JAMYZE01	80488	pig	2008	Germany	pig
JAMYZF01	80363	pig	2007	Germany	pig
JAMYZG01	80261	pig	2008	Germany	pig
JAMYZH01	80221	pig	2008	Germany	pig
JAMYZI01	80083	pig	2008	Germany	pig
JAMZMN01	P4	buffalo, milk	2016	Pakistan	other
JAMZMO01	P5	buffalo, milk	2016	Pakistan	other
JAMZMP01	P7	buffalo, milk	2016	Pakistan	other
JAMZMQ01	P18	cow	2016	Pakistan	cattle
JAMZMR01	P23	cow	2016	Pakistan	cattle
JANCIR01	81865	pig	2008	Germany	pig
JANFNA01	Sa-CS	chicken	2021	China	poultry
JANIKU01	127RC1	pig	2018	Spain	pig
JANIKV01	131RC1	pig	2018	Spain	pig
JANIKW01	133RC1	pig	2018	Spain	pig
JANIKX01	137RC1	pig	2018	Spain	pig
JANVFV01	ZJS9P223A	pig	2019	China	pig
JANVFW01	ZJS9P218A	pig	2019	China	pig
JANVFX01	ZJS9P128A	pig	2019	China	pig
JANVFY01	ZJS9P122A	pig	2019	China	pig
JANVFZ01	ZJS9P110A	pig	2019	China	pig
JANVGA01	ZJS9P63A	pig	2019	China	pig
JANVGB01	ZJS9P48A	pig	2019	China	pig
JANVGC01	ZJS9P47A	pig	2019	China	pig
JANVGD01	ZJS9P41A	pig	2019	China	pig
JANVGE01	ZJS9P36A	pig	2019	China	pig
JANVGF01	ZJS9P35A	pig	2019	China	pig
JANVGG01	ZJS9P24A	pig	2019	China	pig
JANVGL01	GDY9Z86P-1	pig	2019	China	pig
JANVGM01	GDY9Z77A	pig	2019	China	pig
JANVGO01	GDY9P41A	pig	2019	China	pig
JANVGQ01	GDY8P117A	pig	2018	China	pig
JANVHJ01	GDX8P10A	pig	2018	China	pig
JANVHK01	GDX8P6A	pig	2018	China	pig
JANVHN01	GDK8D85A	duck	2018	China	poultry
JANVHO01	GDH9P31A	pig	2019	China	pig
JANVHP01	GDH9P30A	pig	2019	China	pig
JANVHQ01	GDH9P23A	pig	2019	China	pig
JANVHU01	GDH9P9A	pig	2019	China	pig
JANVHV01	GDH9P8A	pig	2019	China	pig
JANVHW01	GDH9P3A	pig	2019	China	pig
JANVHX01	GDH9P2A	pig	2019	China	pig
JANVHY01	GDH9P1P	pig	2019	China	pig
JANVHZ01	GDH9D115A	duck	2019	China	poultry
JANVIA01	GDH9D114P	duck	2019	China	poultry
JANVIB01	GDH9D113A	duck	2019	China	poultry
JANVIC01	GDH9D103A	duck	2019	China	poultry
JANVID01	GDH9D99A	duck	2019	China	poultry
JANVIE01	GDH9D98A	duck	2019	China	poultry
JANVIF01	GDH9D70A	duck	2019	China	poultry
JANVIG01	GDH9D61A	duck	2019	China	poultry
JANVIH01	GDH9D52A	duck	2019	China	poultry
JANVII01	GDH9D41A	duck	2019	China	poultry
JANVIJ01	GDH8C94A	chicken	2018	China	poultry
JANVIK01	GDH8C92A	chicken	2018	China	poultry
JANVIP01	GDB9Z66A-1	pig	2019	China	pig
JANVIQ01	GDB9Z63A-2	pig	2019	China	pig
JANVIR01	GDB9Z60A-1	pig	2019	China	pig
JANVIS01	GDB9Z55A-1	pig	2019	China	pig
JANVIZ01	GDB9Z33A-2	pig	2019	China	pig
JANVJE01	GDB9P195A	pig	2019	China	pig
JANVJF01	GDB9P177A	pig	2019	China	pig
JANVJG01	GDB9P160A	pig	2018	China	pig
JANVJH01	GDB8P76A	pig	2018	China	pig
JANVJI01	GDB8P75A	pig	2018	China	pig
JANVJJ01	GDB8P64A	pig	2018	China	pig
JANVJK01	GDB8P61A	pig	2018	China	pig
JANVJL01	GDB8P53A	pig	2018	China	pig
JAOAKT01	GDQ20D87A	duck	2020	China	poultry
JAOAKU01	GDQ20D75A	duck	2020	China	poultry
JAOBXJ01	BR-MHR281Sau	cow	2021	Bangladesh	cattle
JAODTA01	BR-MHR220BAU	cow	2021	Bangladesh	cattle
JAOZXA01	GDQ8D276A	duck	2018	China	poultry
JAPCVM01	GDSH21D216S	duck	2021	China	poultry
JAPCVN01	GDSH21D215S	duck	2021	China	poultry
JAPCVO01	GDSH21D184S	duck	2021	China	poultry
JAPCVW01	GDH20D82S	duck	2020	China	poultry
JAPCVX01	GDH20D72S	duck	2020	China	poultry
JAPCVY01	GDH20D52S	duck	2020	China	poultry
JAPCWA01	GDH20D47S	duck	2020	China	poultry
JAPHNR01	LR-MRSA-2	pig	2015	Germany	pig
JAPHNS01	LR-MRSA-1	pig	2015	Germany	pig
JAPKJU01	sta-2-5	pig	2019	China	pig
JAQIDK01	BZ-6	cow	2019	China	cattle
JAQIDL01	BZ-3	cow	2019	China	cattle
JAQIDM01	BZ-7	cow	2019	China	cattle
JAQIDN01	BZ-13	cow	2019	China	cattle
JAQIRP01	BZ_2	cow	2019	China	cattle
JAQIRQ01	BZ_5	cow	2019	China	cattle
JAQJAY01	BZ-14	cow	2019	China	cattle
JAQJAZ01	BZ-16	cow	2019	China	cattle
JAQJBA01	BZ-23	cow	2019	China	cattle
JAQJBB01	BZ-26	cow	2019	China	cattle
JAQJBC01	BZ-38	cow	2019	China	cattle
JAQJBD01	BZ-44	cow	2019	China	cattle
JAQJBE01	BZ-48	cow	2019	China	cattle
JAQJBF01	BZ-49	cow	2019	China	cattle
JAQJBG01	BZ-51	cow	2019	China	cattle
JAQJBH01	BZ-59	cow	2019	China	cattle
JAQJBI01	BZ-73	cow	2019	China	cattle
JAQJBJ01	BZ-84	cow	2019	China	cattle
JAQJBK01	BZ-94	cow	2019	China	cattle
JAQJBL01	BZ-108	cow	2019	China	cattle
JAQJBM01	BZ-111	cow	2019	China	cattle
JAQJBN01	BZ-112	cow	2019	China	cattle
JAQJBO01	BZ-119	cow	2019	China	cattle
JAQJBP01	BZ-121	cow	2019	China	cattle
JAQJBQ01	BZ-122	cow	2019	China	cattle
JAQJBR01	BZ-124	cow	2019	China	cattle
JAQSUJ01	A1082	dog	2020	Thailand	companion_animal
JAQSUK01	A1083	dog	2020	Thailand	companion_animal
JAQSUL01	A1084	dog	2020	Thailand	companion_animal
JAQSUM01	B169	cat	2021	Thailand	companion_animal
JAQSUN01	B274	cat	2021	Thailand	companion_animal
JAQSUO01	B992	cat	2021	Thailand	companion_animal
JAQSUP01	B1342	cat	2021	Thailand	companion_animal
JAQYUV01	CHPC 1.8395	fish	2008	China	other
JARBJC01	M8773	pig	2021	Argentina	pig
JARBUV01	M8746	pig	2021	Argentina	pig
JARBUW01	M8743	pig	2021	Argentina	pig
JARBUX01	M8695	pig	2019	Argentina	pig
JARJBG01	12HR	camel, milk	2022	Kenya	other
JARJBH01	4HL	camel, milk	2022	Kenya	other
JARJLV01	W63	sheep, milk	2020	Greece	small_ruminant
JARJLW01	W60	sheep, milk	2020	Greece	small_ruminant
JARJLX01	W52	goat, milk	2020	Greece	small_ruminant
JARJLY01	W22	goat, milk	2020	Greece	small_ruminant
JARJLZ01	TS61	sheep, milk	2020	Greece	small_ruminant
JARJMA01	TS56	sheep, milk	2020	Greece	small_ruminant
JARJMB01	Staph722	sheep, milk	2020	Greece	small_ruminant
JARJMC01	Staph594	sheep, milk	2020	Greece	small_ruminant
JARJMD01	S80	goat, milk	2020	Greece	small_ruminant
JARJME01	S44	sheep, milk	2020	Greece	small_ruminant
JARJMF01	S5	goat, milk	2020	Greece	small_ruminant
JARJMH01	MIN6	goat, milk	2020	Greece	small_ruminant
JARJMI01	MIN4	goat, milk	2020	Greece	small_ruminant
JARJMJ01	MIN1	goat, milk	2020	Greece	small_ruminant
JARUXX01	SA-22-88	cow	2022	China	cattle
JARUXY01	SA-22-100	cow	2022	China	cattle
JARUXZ01	SA-22-119	cow	2022	China	cattle
JARUYA01	SA-22-60	cow	2022	China	cattle
JARUYB01	SA-22-59	cow	2022	China	cattle
JARUYC01	SA-22-58	cow	2022	China	cattle
JARUYD01	SA-22-57	cow	2022	China	cattle
JARUYE01	SA-22-56	cow	2022	China	cattle
JARUYF01	SA-22-55	cow	2022	China	cattle
JARUYG01	SA-22-70	cow	2022	China	cattle
JARUYH01	SA-22-69	cow	2022	China	cattle
JARUYI01	SA-22-67	cow	2022	China	cattle
JARUYJ01	SA-22-118	cow	2022	China	cattle
JARUYK01	SA-22-52	cow	2022	China	cattle
JARUYL01	SA-22-51	cow	2022	China	cattle
JARUYM01	SA-22-50	cow	2022	China	cattle
JARUYN01	SA-22-49	cow	2022	China	cattle
JARUYO01	SA-22-48	cow	2022	China	cattle
JARUYP01	SA-22-46	cow	2022	China	cattle
JARUYQ01	SA-22-68	cow	2022	China	cattle
JARUYR01	SA-22-92	cow	2022	China	cattle
JARUYS01	SA-22-22	cow	2022	China	cattle
JARUYT01	SA-22-111	cow	2022	China	cattle
JARUYU01	SA-22-103	cow	2022	China	cattle
JARUYV01	SA-22-96	cow	2022	China	cattle
JARUYW01	SA-22-83	cow	2022	China	cattle
JARUYX01	SA-22-82	cow	2022	China	cattle
JARUYY01	SA-22-77	cow	2022	China	cattle
JARUYZ01	SA-22-76	cow	2022	China	cattle
JARUZA01	SA-22-102	cow	2022	China	cattle
JARUZB01	SA-22-93	cow	2022	China	cattle
JARUZC01	SA-22-25	cow	2022	China	cattle
JARUZD01	SA-22-113	cow	2022	China	cattle
JARUZE01	SA-22-112	cow	2022	China	cattle
JARUZF01	SA-22-110	cow	2022	China	cattle
JARUZG01	SA-22-109	cow	2022	China	cattle
JARUZH01	SA-22-81	cow	2022	China	cattle
JARUZI01	SA-22-75	cow	2022	China	cattle
JARUZJ01	SA-22-66	cow	2022	China	cattle
JARUZK01	SA-22-65	cow	2022	China	cattle
JARUZL01	SA-22-64	cow	2022	China	cattle
JARUZM01	SA-22-63	cow	2022	China	cattle
JARUZN01	SA-22-62	cow	2022	China	cattle
JARUZO01	SA-22-61	cow	2022	China	cattle
JARUZP01	SA-22-27	cow	2022	China	cattle
JARUZQ01	SA-22-23	cow	2022	China	cattle
JARUZR01	SA-22-16	cow	2022	China	cattle
JARUZS01	SA-22-30	cow	2022	China	cattle
JARUZT01	SA-22-24	cow	2022	China	cattle
JARUZU01	SA-22-18	cow	2022	China	cattle
JARUZV01	SA-22-17	cow	2022	China	cattle
JARUZW01	SA-22-15	cow	2022	China	cattle
JARUZX01	SA-22-13	cow	2022	China	cattle
JARUZY01	SA-22-98	cow	2022	China	cattle
JARUZZ01	SA-22-36	cow	2022	China	cattle
JARVAA01	SA-22-34	cow	2022	China	cattle
JARVAB01	SA-22-73	cow	2022	China	cattle
JARVAC01	SA-22-72	cow	2022	China	cattle
JARVAD01	SA-22-71	cow	2022	China	cattle
JARVAE01	SA-22-87	cow	2022	China	cattle
JARVAF01	SA-22-33	cow	2022	China	cattle
JARVAG01	SA-22-32	cow	2022	China	cattle
JARVAH01	SA-22-45	cow	2022	China	cattle
JARVAI01	SA-22-44	cow	2022	China	cattle
JARVAJ01	SA-22-43	cow	2022	China	cattle
JARVAK01	SA-22-42	cow	2022	China	cattle
JARVAL01	SA-22-41	cow	2022	China	cattle
JARVAM01	SA-22-40	cow	2022	China	cattle
JARVAN01	SA-22-39	cow	2022	China	cattle
JARVAO01	SA-22-38	cow	2022	China	cattle
JARVAP01	SA-22-115	cow	2022	China	cattle
JARVAQ01	SA-22-105	cow	2022	China	cattle
JARVAR01	SA-22-108	cow	2022	China	cattle
JARVAS01	SA-22-101	cow	2022	China	cattle
JARVAT01	SA-22-74	cow	2022	China	cattle
JARVAU01	SA-22-53	cow	2022	China	cattle
JARVAV01	SA-22-106	cow	2022	China	cattle
JARVAW01	SA-22-104	cow	2022	China	cattle
JARVAX01	SA-22-89	cow	2022	China	cattle
JARVAY01	SA-22-78	cow	2022	China	cattle
JARVAZ01	SA-22-47	cow	2022	China	cattle
JARVBA01	SA-22-90	cow	2022	China	cattle
JARVBB01	SA-22-31	cow	2022	China	cattle
JARVBC01	SA-22-94	cow	2022	China	cattle
JARVBD01	SA-22-29	cow	2022	China	cattle
JARVBE01	SA-22-28	cow	2022	China	cattle
JARVBF01	SA-22-26	cow	2022	China	cattle
JARVBG01	SA-22-21	cow	2022	China	cattle
JARVBH01	SA-22-20	cow	2022	China	cattle
JARVBI01	SA-22-19	cow	2022	China	cattle
JARVBK01	SA-22-2	cow	2022	China	cattle
JARVBL01	SA-22-1	cow	2022	China	cattle
JARVBM01	SA-22-97	cow	2022	China	cattle
JARVBN01	SA-22-116	cow	2022	China	cattle
JARVBO01	SA-22-117	cow	2022	China	cattle
JARVBP01	SA-22-114	cow	2022	China	cattle
JARVBQ01	SA-22-99	cow	2022	China	cattle
JARVBR01	SA-22-91	cow	2022	China	cattle
JARVBS01	SA-22-86	cow	2022	China	cattle
JARVBT01	SA-22-85	cow	2022	China	cattle
JARVBU01	SA-22-84	cow	2022	China	cattle
JARVBV01	SA-22-80	cow	2022	China	cattle
JARVBW01	SA-22-79	cow	2022	China	cattle
JARVBX01	SA-22-54	cow	2022	China	cattle
JARVBY01	SA-22-35	cow	2022	China	cattle
JARVBZ01	SA-22-12	cow	2022	China	cattle
JARVCA01	SA-22-11	cow	2022	China	cattle
JARVCB01	SA-22-10	cow	2022	China	cattle
JARVCC01	SA-22-9	cow	2022	China	cattle
JARVCD01	SA-22-8	cow	2022	China	cattle
JARVCE01	SA-22-7	cow	2022	China	cattle
JARVCF01	SA-22-6	cow	2022	China	cattle
JARVCG01	SA-22-5	cow	2022	China	cattle
JARVCH01	SA-22-4	cow	2022	China	cattle
JARVCI01	SA-22-14	cow	2022	China	cattle
JARVCJ01	SA-22-37	cow	2022	China	cattle
JARVCK01	SA-22-95	cow	2022	China	cattle
JARYZF01	L3	horse	2022	China	equine
JARYZG01	L2	horse	2022	China	equine
JASCLZ01	4-9	chicken, carcass	2020	China	poultry
JASCMA01	4-3	chicken, carcass	2020	China	poultry
JASCMB01	4-10	chicken, carcass	2020	China	poultry
JASCMC01	3-5	chicken, carcass	2019	China	poultry
JASCMD01	3-16	chicken, carcass	2019	China	poultry
JASCME01	2-6	chicken, carcass	2019	China	poultry
JASCMF01	2-39	chicken, carcass	2019	China	poultry
JASCMG01	2-32	chicken, carcass	2019	China	poultry
JASCMH01	2-12	chicken, carcass	2019	China	poultry
JASCMI01	1-7	chicken, carcass	2019	China	poultry
JASCMJ01	1-6	chicken, carcass	2019	China	poultry
JASCMK01	1-25	chicken, carcass	2019	China	poultry
JASCML01	1-19	chicken, carcass	2019	China	poultry
JASCSH01	22-SA-1	cow	2022	China	cattle
JAUDTS01	M22.2	cow	2022	Thailand	cattle
JAUDUS01	M37.1	cow	2022	Thailand	cattle
JAUDUT01	M136.2	cow	2023	Thailand	cattle
JAUDUU01	M137.3	cow	2023	Thailand	cattle
JAUFOS01	mantsopa07	cow	2022	South Africa	cattle
JAUFOT01	mantsopa06	cow	2022	South Africa	cattle
JAUFOU01	mantsopa05	cow	2022	South Africa	cattle
JAUFOV01	mantsopa04	cow	2022	South Africa	cattle
JAUFOW01	mantsopa03	cow	2022	South Africa	cattle
JAUFOX01	mantsopa02	cow	2022	South Africa	cattle
JAUFOY01	mantsopa01	cow	2022	South Africa	cattle
JAUFOZ01	setsoto07	cow	2022	South Africa	cattle
JAUFPA01	setsoto06	cow	2022	South Africa	cattle
JAUFPB01	setsoto05	cow	2022	South Africa	cattle
JAUFPC01	setsoto04	cow	2022	South Africa	cattle
JAUFPD01	setsoto03	cow	2022	South Africa	cattle
JAUFPE01	setsoto02	cow	2022	South Africa	cattle
JAUFPF01	setsoto01	cow	2022	South Africa	cattle
JAUFPG01	phofung03	cow	2022	South Africa	cattle
JAUFPH01	phofung02	cow	2022	South Africa	cattle
JAUFPI01	phofung01	cow	2022	South Africa	cattle
JAUJZO01	1902550	pig, carcass	2019	China	pig
JAUJZP01	1902401	pig, carcass	2019	China	pig
JAUJZQ01	1902349	pig, carcass	2019	China	pig
JAUJZR01	1902331	pig, carcass	2019	China	pig
JAUJZS01	1902330	pig, carcass	2019	China	pig
JAUJZT01	1902321	pig, carcass	2019	China	pig
JAUJZU01	1902316	pig, carcass	2019	China	pig
JAUJZV01	1901545	pig, carcass	2019	China	pig
JAUJZW01	1901505	pig, carcass	2019	China	pig
JAUJZX01	1901455	pig, carcass	2019	China	pig
JAUJZY01	1901442	pig, carcass	2019	China	pig
JAUJZZ01	1901422	pig, carcass	2019	China	pig
JAUKAA01	1901417	pig, carcass	2019	China	pig
JAUKAB01	1901396	pig, carcass	2019	China	pig
JAUKAC01	1901376	pig, carcass	2019	China	pig
JAUKAD01	1901264	pig	2019	China	pig
JAUKAE01	1901262	pig	2019	China	pig
JAUKAF01	1901229	pig	2019	China	pig
JAUKAG01	1901222	pig	2019	China	pig
JAUKAH01	1901211	pig	2019	China	pig
JAUKAI01	1901161	pig	2019	China	pig
JAUKAJ01	1901159	pig	2019	China	pig
JAUKAO01	1127271	pig, carcass	2019	China	pig
JAUKAP01	1127245	pig, carcass	2019	China	pig
JAUKAQ01	1127241	pig, carcass	2019	China	pig
JAUKAR01	1127186	pig, carcass	2019	China	pig
JAUKAS01	1127161	pig	2019	China	pig
JAUKAT01	1127160	pig	2019	China	pig
JAUKAU01	1127151	pig	2019	China	pig
JAUKAV01	1127134	pig	2019	China	pig
JAUKAW01	1127130	pig	2019	China	pig
JAUKBA01	1021148	pig	2019	China	pig
JAUKBB01	1021124	pig	2019	China	pig
JAUKBC01	1021113	pig	2019	China	pig
JAUKBD01	1021089	pig	2019	China	pig
JAUKBE01	1021065	pig	2019	China	pig
JAUKBH01	0920260	pig, carcass	2019	China	pig
JAUKBI01	0920254	pig, carcass	2019	China	pig
JAUKBJ01	0920226	pig, carcass	2019	China	pig
JAUKBK01	0920220	pig, carcass	2019	China	pig
JAUKBL01	0920161	pig	2019	China	pig
JAUKBM01	0920157	pig	2019	China	pig
JAUKBN01	0920150	pig	2019	China	pig
JAUKBO01	0920126	pig	2019	China	pig
JAUKBQ01	0920110	pig	2019	China	pig
JAUKBR01	0920083	pig	2019	China	pig
JAUKBS01	0920072	pig	2019	China	pig
JAUKBT01	0920064	pig	2019	China	pig
JAUKBV01	0815683	pig, carcass	2019	China	pig
JAUKBW01	0815662	pig, carcass	2019	China	pig
JAUKBX01	0815639	pig, carcass	2019	China	pig
JAUKBY01	0815560	pig, carcass	2019	China	pig
JAUKBZ01	0815551	pig, carcass	2019	China	pig
JAUKCA01	0815548	pig, carcass	2019	China	pig
JAUKCB01	0815341	pig	2019	China	pig
JAUKCC01	0815303	pig	2019	China	pig
JAUKCD01	0815291	pig	2019	China	pig
JAUKCE01	0815284	pig	2019	China	pig
JAUKCF01	0815250	pig	2019	China	pig
JAUKCG01	0815217	pig	2019	China	pig
JAUKCH01	0815178	pig	2019	China	pig
JAUKCN01	0705758	pig, carcass	2019	China	pig
JAUKCO01	0705738	pig, carcass	2019	China	pig
JAUKCP01	0705732	pig, carcass	2019	China	pig
JAUKCQ01	0705702	pig, carcass	2019	China	pig
JAUKCR01	0705693	pig, carcass	2019	China	pig
JAUKCS01	0705685	pig, carcass	2019	China	pig
JAUKCT01	0705672	pig, carcass	2019	China	pig
JAUKCU01	0705603	pig, carcass	2019	China	pig
JAUKCV01	0705600	pig, carcass	2019	China	pig
JAUKCW01	0705581	pig, carcass	2019	China	pig
JAUKCX01	0705555	pig, carcass	2019	China	pig
JAUKCY01	0705547	pig, carcass	2019	China	pig
JAUKCZ01	0705533	pig, carcass	2019	China	pig
JAUKDA01	0705515	pig, carcass	2019	China	pig
JAUKDB01	0705509	pig, carcass	2019	China	pig
JAUKDC01	0705419	pig	2019	China	pig
JAUKDD01	0705412	pig	2019	China	pig
JAUKDE01	0705404	pig	2019	China	pig
JAUKDF01	0705398	pig	2019	China	pig
JAUKDG01	0705390	pig	2019	China	pig
JAUKDH01	0705385	pig	2019	China	pig
JAUKDI01	0705369	pig	2019	China	pig
JAUKDJ01	0705360	pig	2019	China	pig
JAUKDK01	0705353	pig	2019	China	pig
JAUKDL01	0705349	pig	2019	China	pig
JAUKDM01	0705343	pig	2019	China	pig
JAUKDN01	0705333	pig	2019	China	pig
JAUKDO01	0705316	pig	2019	China	pig
JAUKDP01	0705310	pig	2019	China	pig
JAUKDQ01	0705220	pig	2019	China	pig
JAUKDR01	0705217	pig	2019	China	pig
JAUKDS01	0705205	pig	2019	China	pig
JAUKDT01	0705187	pig	2019	China	pig
JAUKDU01	0705159	pig	2019	China	pig
JAUKDV01	0705151	pig	2019	China	pig
JAUKDW01	0705133	pig	2019	China	pig
JAUKDX01	0705130	pig	2019	China	pig
JAUPAV01	LNZ_R_SAU_10	pig	2012	South Korea	pig
JAUPAW01	LNZ_R_SAU_21	pig	2012	South Korea	pig
JAUPAX01	LNZ_R_SAU_22	pig	2012	South Korea	pig
JAUPAY01	LNZ_R_SAU_23	pig	2012	South Korea	pig
JAUPAZ01	LNZ_R_SAU_24	pig	2012	South Korea	pig
JAUPBA01	LNZ_R_SAU_25	pig	2012	South Korea	pig
JAUPBB01	LNZ_R_SAU_26	pig	2012	South Korea	pig
JAUPBC01	LNZ_R_SAU_27	pig	2012	South Korea	pig
JAUPBD01	LNZ_R_SAU_31	pig	2013	South Korea	pig
JAUPBE01	LNZ_R_SAU_37	pig	2013	South Korea	pig
JAUPBF01	LNZ_R_SAU_46	pig	2014	South Korea	pig
JAUPBG01	LNZ_R_SAU_57	pig	2015	South Korea	pig
JAUPBH01	LNZ_R_SAU_58	pig	2015	South Korea	pig
JAUPBI01	LNZ_R_SAU_62	pig	2016	South Korea	pig
JAUPBJ01	LNZ_R_SAU_64	pig	2017	South Korea	pig
JAVDPG01	2483	cow	2022	United Kingdom	cattle
JAVFBB01	ma09	cow	2022	South Africa	cattle
JAVFBC01	ma08	cow	2022	South Africa	cattle
JAVFBD01	ma07	cow	2022	South Africa	cattle
JAVFBE01	ma06	cow	2022	South Africa	cattle
JAVFBF01	ma05	cow	2022	South Africa	cattle
JAVFBG01	ma04	cow	2022	South Africa	cattle
JAVFBH01	ma03	cow	2022	South Africa	cattle
JAVFBI01	ma02	cow	2022	South Africa	cattle
JAVFBJ01	ma01	cow	2022	South Africa	cattle
JAVFBK01	se01	cow	2022	South Africa	cattle
JAVFBL01	pf11	cow	2022	South Africa	cattle
JAVFBM01	pf10	cow	2022	South Africa	cattle
JAVFBN01	pf09	cow	2022	South Africa	cattle
JAVFBO01	pf08	cow	2022	South Africa	cattle
JAVFBP01	pf07	cow	2022	South Africa	cattle
JAVFBQ01	pf06	cow	2022	South Africa	cattle
JAVFBR01	pf05	cow	2022	South Africa	cattle
JAVFBT01	pf03	cow	2022	South Africa	cattle
JAVFBU01	pf02	cow	2022	South Africa	cattle
JAVFBV01	pf01	cow	2022	South Africa	cattle
JAVFYM01	DRD-8	sheep, milk	2022	Greece	small_ruminant
JAVFYN01	DRD-7	sheep, milk	2022	Greece	small_ruminant
JAVFYO01	DRD-5	sheep, milk	2022	Greece	small_ruminant
JAVFYP01	DRD-20	sheep, milk	2022	Greece	small_ruminant
JAVFYQ01	DRD-13	sheep, milk	2022	Greece	small_ruminant
JAVGVV01	510585-22	cow	2021	Rwanda	cattle
JAVGVW01	510583-22	cow	2021	Rwanda	cattle
JAVGVX01	510582-22	cow	2021	Rwanda	cattle
JAVGVY01	510581-22	cow	2021	Rwanda	cattle
JAVGVZ01	510580-22	cow	2021	Rwanda	cattle
JAVGWA01	510579-22	cow	2021	Rwanda	cattle
JAVGWB01	510578-22	cow	2021	Rwanda	cattle
JAVGWC01	510575-22	cow	2021	Rwanda	cattle
JAVGWD01	510574-22	cow	2021	Rwanda	cattle
JAVGWE01	510573-22	cow	2021	Rwanda	cattle
JAVGWF01	510572-22	cow	2021	Rwanda	cattle
JAVGWG01	510571-22	cow	2021	Rwanda	cattle
JAVGWH01	510570-22	cow	2021	Rwanda	cattle
JAVGWI01	510569-22	cow	2021	Rwanda	cattle
JAVGWJ01	510568-22	cow	2021	Rwanda	cattle
JAVGWK01	510567-22	cow	2021	Rwanda	cattle
JAVGWL01	510566-22	cow	2021	Rwanda	cattle
JAVHUP01	HK256	rat	2023	Hong Kong	rodent
JAVHUQ01	HK255	rat	2023	Hong Kong	rodent
JAVHZW01	1902488	pig, carcass	2019	China	pig
JAVRJM01	ST8620	pig	2022	South Africa	pig
JAVRXV01	IPLA19	cow	2012	Spain	cattle
JAVRXW01	Sa7	cow	2008	Spain	cattle
JAVRXX01	Sa5	cow	2008	Spain	cattle
JAWDCT01	AMD	dog	2022	India	companion_animal
JAWDCZ01	W47	wild goat, milk	2020	Greece	other
JAWDDA01	TS63	sheep, milk	2020	Greece	small_ruminant
JAWDDB01	TS62	sheep, milk	2020	Greece	small_ruminant
JAWDDC01	TS60	sheep, milk	2020	Greece	small_ruminant
JAWDDD01	TS53	sheep, milk	2020	Greece	small_ruminant
JAWDDE01	S91	sheep, milk	2020	Greece	small_ruminant
JAWDDF01	S68	wild goat, milk	2020	Greece	other
JAWDDG01	S26	sheep, milk	2020	Greece	small_ruminant
JAWDDH01	S101a	sheep, milk	2020	Greece	small_ruminant
JAWDDI01	MIN2	goat, milk	2020	Greece	small_ruminant
JAWDDJ01	596	sheep, milk	2020	Greece	small_ruminant
JAWDDK01	591	sheep, milk	2020	Greece	small_ruminant
JAXUBH01	E99	cow	2021	Portugal	cattle
JAXUBI01	E96	cow	2021	Portugal	cattle
JAXUBJ01	E77	cow	2021	Portugal	cattle
JAXUBK01	E58	cow	2021	Portugal	cattle
JAXUBL01	E13	cow	2021	Portugal	cattle
JAYLWJ01	57321_sr	hedgehog	2020	France	hedgehog
JAYLWK01	57322_sr	hedgehog	2020	France	hedgehog
JAYLWL01	57323_sr	hedgehog	2020	France	hedgehog
JAYLWM01	57324_sr	hedgehog	2020	France	hedgehog
JAYLWN01	57325_sr	hedgehog	2020	France	hedgehog
JAYLWO01	57326_sr	hedgehog	2020	France	hedgehog
JAYLWP01	57327_sr	hedgehog	2020	France	hedgehog
JAYLWQ01	57328_sr	hedgehog	2020	France	hedgehog
JAYLWR01	57329_sr	hedgehog	2020	France	hedgehog
JAYLWS01	57330_sr	hedgehog	2020	France	hedgehog
JAYLWT01	57331_sr	hedgehog	2020	France	hedgehog
JAYLWU01	57332_sr	hedgehog	2020	France	hedgehog
JAYLWV01	57334_sr	hedgehog	2020	France	hedgehog
JAYLWW01	57335_sr	hedgehog	2020	France	hedgehog
JAYLWX01	57336_sr	hedgehog	2020	France	hedgehog
JAYLWY01	57337_sr	hedgehog	2020	France	hedgehog
JAYLWZ01	57338_sr	hedgehog	2020	France	hedgehog
JAYLXA01	57339_sr	hedgehog	2020	France	hedgehog
JAYLXB01	57340_sr	hedgehog	2020	France	hedgehog
JAYLXC01	57341_sr	hedgehog	2020	France	hedgehog
JAYLXD01	57342_sr	hedgehog	2020	France	hedgehog
JAYLXE01	57343_sr	hedgehog	2020	France	hedgehog
JAYLXF01	57344_sr	hedgehog	2020	France	hedgehog
JAYLXG01	57345_sr	hedgehog	2020	France	hedgehog
JAYLXH01	57346_sr	hedgehog	2020	France	hedgehog
JAYLXI01	57347_sr	hedgehog	2020	France	hedgehog
JAYLXJ01	57348_sr	hedgehog	2020	France	hedgehog
JAYLXK01	57349_sr	hedgehog	2020	France	hedgehog
JAYLXL01	57350_sr	hedgehog	2020	France	hedgehog
JAYLXM01	57351_sr	hedgehog	2020	France	hedgehog
JAYLXN01	57352_sr	hedgehog	2020	France	hedgehog
JAYLXO01	57353_sr	hedgehog	2020	France	hedgehog
JAYLXP01	57354_sr	hedgehog	2020	France	hedgehog
JAYLXQ01	57355_sr	hedgehog	2020	France	hedgehog
JAYLXR01	57356_sr	hedgehog	2020	France	hedgehog
JAYLXS01	57357_sr	hedgehog	2020	France	hedgehog
JAYLXT01	57358_sr	hedgehog	2020	France	hedgehog
JAYLXU01	57359_sr	hedgehog	2020	France	hedgehog
JAYLXV01	57360_sr	hedgehog	2020	France	hedgehog
JAYLXW01	57361_sr	hedgehog	2020	France	hedgehog
JAYLXX01	57362_sr	hedgehog	2020	France	hedgehog
JAYLXY01	57363_sr	hedgehog	2020	France	hedgehog
JAYLXZ01	57364_sr	hedgehog	2020	France	hedgehog
JAYLYA01	57365_sr	hedgehog	2020	France	hedgehog
JAYLYB01	57366_sr	hedgehog	2020	France	hedgehog
JAYLYC01	57367_sr	hedgehog	2020	France	hedgehog
JAYLYD01	57368_sr	hedgehog	2020	France	hedgehog
JAYLYE01	57370_sr	hedgehog	2020	France	hedgehog
JAYLYF01	57371_sr	hedgehog	2020	France	hedgehog
JAYLYG01	57372_sr	hedgehog	2020	France	hedgehog
JAYLYH01	57374_sr	hedgehog	2020	France	hedgehog
JAYLYI01	57375_sr	hedgehog	2020	France	hedgehog
JAYLYJ01	57376_sr	hedgehog	2020	France	hedgehog
JAYLYK01	57378_sr	hedgehog	2020	France	hedgehog
JAYLYL01	57379_sr	hedgehog	2020	France	hedgehog
JAYLYM01	57382_sr	hedgehog	2020	France	hedgehog
JAYLYN01	57386_sr	hedgehog	2020	France	hedgehog
JAYLYO01	57389_sr	hedgehog	2020	France	hedgehog
JAYLYP01	57392_sr	hedgehog	2020	France	hedgehog
JAYLYQ01	57397_sr	hedgehog	2020	France	hedgehog
JAYLYR01	57398_sr	hedgehog	2020	France	hedgehog
JAYLYS01	57399_sr	hedgehog	2020	France	hedgehog
JAYLYT01	57401_sr	hedgehog	2020	France	hedgehog
JAYLYU01	57402_sr	hedgehog	2020	France	hedgehog
JAYLYV01	57403_sr	hedgehog	2020	France	hedgehog
JAYLYW01	57404_sr	hedgehog	2020	France	hedgehog
JAYLYX01	57405_sr	hedgehog	2020	France	hedgehog
JAYLYY01	57406_sr	hedgehog	2020	France	hedgehog
JAYLYZ01	57407_sr	hedgehog	2020	France	hedgehog
JAYLZA01	57408_sr	hedgehog	2020	France	hedgehog
JAYLZB01	57410_sr	hedgehog	2020	France	hedgehog
JAYLZC01	57411_sr	hedgehog	2020	France	hedgehog
JAYLZD01	57412_sr	hedgehog	2020	France	hedgehog
JAYLZE01	57413_sr	hedgehog	2020	France	hedgehog
JAYLZF01	57414_sr	hedgehog	2020	France	hedgehog
JAYLZG01	57415_sr	hedgehog	2020	France	hedgehog
JAYLZH01	57416_sr	hedgehog	2020	France	hedgehog
JAYLZI01	57417_sr	hedgehog	2020	France	hedgehog
JAYLZJ01	57418_sr	hedgehog	2020	France	hedgehog
JAYLZK01	57419_sr	hedgehog	2020	France	hedgehog
JAYLZL01	57420_sr	hedgehog	2020	France	hedgehog
JAYLZM01	57421_sr	hedgehog	2020	France	hedgehog
JAYLZN01	57422_sr	hedgehog	2020	France	hedgehog
JAYLZO01	57423_sr	hedgehog	2020	France	hedgehog
JAYLZP01	57424_sr	hedgehog	2020	France	hedgehog
JAYLZQ01	57425_sr	hedgehog	2020	France	hedgehog
JAYLZR01	57426_sr	hedgehog	2020	France	hedgehog
JAYLZS01	57496_sr	hedgehog	2020	France	hedgehog
JAYLZT01	57924_sr	hedgehog	2020	France	hedgehog
JAYLZU01	57942_sr	hedgehog	2021	France	hedgehog
JAYLZV01	57943_sr	hedgehog	2021	France	hedgehog
JAYLZW01	57944_sr	hedgehog	2021	France	hedgehog
JAYLZX01	57945_sr	hedgehog	2021	France	hedgehog
JAYLZY01	57946_sr	hedgehog	2021	France	hedgehog
JAYLZZ01	57947_sr	hedgehog	2021	France	hedgehog
JAYMAA01	57948_sr	hedgehog	2021	France	hedgehog
JAYMAB01	57949_sr	hedgehog	2021	France	hedgehog
JAYMAC01	57950_sr	hedgehog	2021	France	hedgehog
JAYMAD01	57951_sr	hedgehog	2021	France	hedgehog
JAYMAE01	57952_sr	hedgehog	2021	France	hedgehog
JAYMAF01	57953_sr	hedgehog	2021	France	hedgehog
JAYMAG01	57954_sr	hedgehog	2021	France	hedgehog
JAYMAH01	57955_sr	hedgehog	2021	France	hedgehog
JAYMAI01	57956_sr	hedgehog	2021	France	hedgehog
JAYMAJ01	57958_sr	hedgehog	2021	France	hedgehog
JAYMAK01	57959_sr	hedgehog	2021	France	hedgehog
JAYMAL01	57960_sr	hedgehog	2021	France	hedgehog
JAYMAM01	58301_sr	hedgehog	2020	France	hedgehog
JAYMAN01	58302_sr	hedgehog	2021	France	hedgehog
JAYMAO01	58303_sr	hedgehog	2021	France	hedgehog
JAYMAP01	58304_sr	hedgehog	2021	France	hedgehog
JAYMAQ01	58305_sr	hedgehog	2021	France	hedgehog
JAYMAR01	58306_sr	hedgehog	2021	France	hedgehog
JAYMAS01	58307_sr	hedgehog	2020	France	hedgehog
JAYMAT01	58309_sr	hedgehog	2020	France	hedgehog
JAYMAU01	58310_sr	hedgehog	2021	France	hedgehog
JAYMAV01	58311_sr	hedgehog	2021	France	hedgehog
JAYMAW01	58312_sr	hedgehog	2021	France	hedgehog
JAYMAX01	58313_sr	hedgehog	2021	France	hedgehog
JAYMAY01	58314_sr	hedgehog	2021	France	hedgehog
JAYMAZ01	58315_sr	hedgehog	2021	France	hedgehog
JAYMBA01	58316_sr	hedgehog	2021	France	hedgehog
JAYMBB01	58317_sr	hedgehog	2021	France	hedgehog
JAYMBC01	58318_sr	hedgehog	2021	France	hedgehog
JAYMBD01	58319_sr	hedgehog	2021	France	hedgehog
JAYMBE01	58320_sr	hedgehog	2021	France	hedgehog
JAYMBF01	58321_sr	hedgehog	2021	France	hedgehog
JAYMBG01	58322_sr	hedgehog	2021	France	hedgehog
JAYMBH01	58323_sr	hedgehog	2021	France	hedgehog
JAYMBI01	58324_sr	hedgehog	2021	France	hedgehog
JAYMBJ01	58325_sr	hedgehog	2021	France	hedgehog
JAYMBK01	58326_sr	hedgehog	2021	France	hedgehog
JAYMBL01	58327_sr	hedgehog	2021	France	hedgehog
JAYMBM01	58329_sr	hedgehog	2021	France	hedgehog
JAYMBN01	58330_sr	hedgehog	2021	France	hedgehog
JAYMBO01	58331_sr	hedgehog	2021	France	hedgehog
JAYMBP01	58332_sr	hedgehog	2021	France	hedgehog
JAYMBQ01	58333_sr	hedgehog	2021	France	hedgehog
JAYMBR01	58334_sr	hedgehog	2021	France	hedgehog
JAYMBS01	58335_sr	hedgehog	2021	France	hedgehog
JAYMBT01	58336_sr	hedgehog	2021	France	hedgehog
JAYMBU01	58338_sr	hedgehog	2021	France	hedgehog
JAYMBV01	58339_sr	hedgehog	2021	France	hedgehog
JAYMBW01	58340_sr	hedgehog	2021	France	hedgehog
JAYMBX01	58341_sr	hedgehog	2021	France	hedgehog
JAYMBY01	58342_sr	hedgehog	2021	France	hedgehog
JAYMBZ01	58343_sr	hedgehog	2021	France	hedgehog
JAYMCA01	58344_sr	hedgehog	2021	France	hedgehog
JAYMCB01	58345_sr	hedgehog	2021	France	hedgehog
JAYMCC01	58346_sr	hedgehog	2021	France	hedgehog
JAYMCD01	58347_sr	hedgehog	2021	France	hedgehog
JAYMCE01	58348_sr	hedgehog	2021	France	hedgehog
JAYMCF01	58349_sr	hedgehog	2021	France	hedgehog
JAYMCG01	58350_sr	hedgehog	2021	France	hedgehog
JAYMCH01	58351_sr	hedgehog	2021	France	hedgehog
JAYMCI01	58352_sr	hedgehog	2021	France	hedgehog
JAYMCJ01	58353_sr	hedgehog	2021	France	hedgehog
JAYMCK01	58354_sr	hedgehog	2021	France	hedgehog
JAYMCL01	58355_sr	hedgehog	2021	France	hedgehog
JAYMCM01	58356_sr	hedgehog	2021	France	hedgehog
JAYMCN01	58357_sr	hedgehog	2021	France	hedgehog
JAZDVR01	AT	cow	2022	Russia	cattle
JAZHCW01	LA23	horse	2018	Czechia	equine
JAZHCX01	LA7	horse	2008	Czechia	equine
JBAGCW01	271	glaucous-blue grosbeak	2021	Brazil	other
JBAGCX01	275	white-bearded manakin	2021	Brazil	other
JBAPLO01	WU1-1	dog	2023	Thailand	companion_animal
JBBBJX01	WU25_2	cat	2023	Thailand	companion_animal
JBBWTY01	43187	dog	2019	USA	companion_animal
JBCGHW01	SA-MJD19b01	cow	2019	China	cattle
JBCGHX01	SA-BYS20e02	cow	2020	China	cattle
JBCGHY01	SA-BYS20e03	cow	2020	China	cattle
JBCGHZ01	SA-BYS20e04	cow	2020	China	cattle
JBCGIA01	SA-BYS20e05	cow	2020	China	cattle
JBCGIB01	SA-BYS20e06	cow	2020	China	cattle
JBCGIC01	SA-BYS20e07	cow	2020	China	cattle
JBCGID01	SA-BYS20e08	cow	2020	China	cattle
JBCGIE01	SA-BYS20e09	cow	2020	China	cattle
JBCGIF01	SA-BYS20e10	cow	2020	China	cattle
JBCGIG01	SA-BYS20e11	cow	2020	China	cattle
JBCGIH01	SA-BYS20e12	cow	2020	China	cattle
JBCGII01	SA-BYS20e13	cow	2020	China	cattle
JBCGIJ01	SA-BYS20e14	cow	2020	China	cattle
JBCGIK01	SA-BYS20e15	cow	2020	China	cattle
JBCGIM01	SA-BYS20c17	cow	2020	China	cattle
JBCGIN01	SA-BYS20c18	cow	2020	China	cattle
JBCGIO01	SA-BYS20c19	cow	2020	China	cattle
JBCGIP01	SA-BYS20c20	cow	2020	China	cattle
JBCGIQ01	SA-BYS20c21	cow	2020	China	cattle
JBCGIR01	SA-BYS20c22	cow	2020	China	cattle
JBCGIS01	SA-BYS20c23	cow	2020	China	cattle
JBCGIT01	SA-BYS20c24	cow	2020	China	cattle
JBCGIU01	SA-BYS20c25	cow	2020	China	cattle
JBCGIV01	SA-BYS20b26	cow	2020	China	cattle
JBCGIW01	SA-BYS20b27	cow	2020	China	cattle
JBCGIX01	SA-BYS20b28	cow	2020	China	cattle
JBCGIY01	SA-BYS20b29	cow	2020	China	cattle
JBCGIZ01	SA-BYS20b30	cow	2020	China	cattle
JBCGJA01	SA-BYS20b31	cow	2020	China	cattle
JBCGJB01	SA-BYS20b32	cow	2020	China	cattle
JBCGJC01	SA-BYS20b33	cow	2020	China	cattle
JBCGJD01	SA-BYS20b34	cow	2020	China	cattle
JBCGJE01	SA-BYS20b35	cow	2020	China	cattle
JBCGJF01	SA-BYS20b36	cow	2020	China	cattle
JBCGJG01	SA-BYS20b37	cow	2020	China	cattle
JBCGJH01	SA-BYS20b38	cow	2020	China	cattle
JBCGJI01	SA-BYS20b39	cow	2020	China	cattle
JBCGJX01	SA-MJD20e54	cow	2020	China	cattle
JBCGJY01	SA-MJD20e55	cow	2020	China	cattle
JBCGJZ01	SA-MJD20e56	cow	2020	China	cattle
JBCGKA01	SA-MJD20e57	cow	2020	China	cattle
JBCGKB01	SA-MJD20e58	cow	2020	China	cattle
JBCGKC01	SA-MJD20e59	cow	2020	China	cattle
JBCGKD01	SA-MJD20e60	cow	2020	China	cattle
JBCGKE01	SA-MJD20e61	cow	2020	China	cattle
JBCGKF01	SA-MJD20e62	cow	2020	China	cattle
JBCGKG01	SA-MJD20e63	cow	2020	China	cattle
JBCGKH01	SA-MJD20e64	cow	2020	China	cattle
JBCGKI01	SA-MJD20e65	cow	2020	China	cattle
JBCGKJ01	SA-MJD20e66	cow	2020	China	cattle
JBCGKK01	SA-MJD20e67	cow	2020	China	cattle
JBCGKL01	SA-MJD20e68	cow	2020	China	cattle
JBCGKN01	SA-MJD20c70	cow	2020	China	cattle
JBCGKO01	SA-MJD20c71	cow	2020	China	cattle
JBCGKP01	SA-MJD20c72	cow	2020	China	cattle
JBCGKQ01	SA-MJD20c73	cow	2020	China	cattle
JBCGKR01	SA-MJD20c74	cow	2020	China	cattle
JBCGKS01	SA-MJD20c75	cow	2020	China	cattle
JBCGKT01	SA-MJD20c76	cow	2020	China	cattle
JBCGKU01	SA-MJD20c77	cow	2020	China	cattle
JBCGKV01	SA-MJD20c78	cow	2020	China	cattle
JBCGKW01	SA-MJD20c79	cow	2020	China	cattle
JBCGKX01	SA-MJD20c80	cow	2020	China	cattle
JBCGKY01	SA-MJD20c81	cow	2020	China	cattle
JBCGKZ01	SA-MJD20c82	cow	2020	China	cattle
JBCGLA01	SA-MJD20b83	cow	2020	China	cattle
JBCGLB01	SA-MJD20b84	cow	2020	China	cattle
JBCGLC01	SA-MJD20b85	cow	2020	China	cattle
JBCGLD01	SA-MJD20b86	cow	2020	China	cattle
JBCGLE01	SA-MJD20b87	cow	2020	China	cattle
JBCGLF01	SA-MJD20b88	cow	2020	China	cattle
JBCGLG01	SA-MJD20b89	cow	2020	China	cattle
JBCGLH01	SA-MJD20b90	cow	2020	China	cattle
JBCGLI01	SA-MJD20b91	cow	2020	China	cattle
JBCGLJ01	SA-MJD20b92	cow	2020	China	cattle
JBCGLR01	SA-HN20e103	cow	2020	China	cattle
JBCGLS01	SA-HN20e107	cow	2020	China	cattle
JBCGLT01	SA-HN20e109	cow	2020	China	cattle
JBCGLU01	SA-HN20e110	cow	2020	China	cattle
JBCGLV01	SA-HN20e112	cow	2020	China	cattle
JBCGLW01	SA-HN20e113	cow	2020	China	cattle
JBCGLX01	SA-HN20e114	cow	2020	China	cattle
JBCGLY01	SA-HN20e116	cow	2020	China	cattle
JBCGMA01	SA-HN20e119	cow	2020	China	cattle
JBCGMB01	SA-HN20e120	cow	2020	China	cattle
JBCGMC01	SA-HN20e121	cow	2020	China	cattle
JBCGMD01	SA-HN20e122	cow	2020	China	cattle
JBCGME01	SA-HN20e123	cow	2020	China	cattle
JBCGMF01	SA-HN20e124	cow	2020	China	cattle
JBCGMG01	SA-HN20e125	cow	2020	China	cattle
JBCGMH01	SA-HN20e129	cow	2020	China	cattle
JBCGMI01	SA-JX20e132	cow	2020	China	cattle
JBCGMJ01	SA-JX20e133	cow	2020	China	cattle
JBCGML01	SA-JX20e135	cow	2020	China	cattle
JBCGMP01	SA-JX20e141	cow	2020	China	cattle
JBCGMR01	SA-JX20e144	cow	2020	China	cattle
JBCGMS01	SA-JX20e146	cow	2020	China	cattle
JBCGMT01	SA-JX20e147	cow	2020	China	cattle
JBCGMU01	SA-JX20e149	cow	2020	China	cattle
JBCGMV01	SA-JX20e150	cow	2020	China	cattle
JBCGVM01	SA-HN20e106	cow	2020	China	cattle
JBCGVO01	SA-HN20e101	cow	2020	China	cattle
JBCGVP01	SA-HN20e102	cow	2020	China	cattle
JBCGVQ01	SA-HN20e104	cow	2020	China	cattle
JBCGVR01	SA-HN20e105	cow	2020	China	cattle
JBCGVS01	SA-HN20e108	cow	2020	China	cattle
JBCGVT01	SA-HN20e111	cow	2020	China	cattle
JBCGVU01	SA-HN20e118	cow	2020	China	cattle
JBCGVV01	SA-HN20e126	cow	2020	China	cattle
JBCGVW01	SA-HN20e127	cow	2020	China	cattle
JBCGVX01	SA-HN20e128	cow	2020	China	cattle
JBCGVY01	SA-HN20e130	cow	2020	China	cattle
JBCGVZ01	SA-JX20e131	cow	2020	China	cattle
JBCGWA01	SA-JX20e138	cow	2020	China	cattle
JBCGWB01	SA-JX20e139	cow	2020	China	cattle
JBCGWC01	SA-JX20e142	cow	2020	China	cattle
JBCGWD01	SA-JX20e145	cow	2020	China	cattle
JBCGWE01	SA-JX20e148	cow	2020	China	cattle
JBCPSV01	EC4	cow	2020	China	cattle
JBCPSW01	EC2	cow	2020	China	cattle
JBCPSX01	EB7	cow, milk	2020	China	cattle
JBCPSY01	EB6	cow, milk	2020	China	cattle
JBCPSZ01	EB4	cow, milk	2020	China	cattle
JBCPTA01	EB3	cow, milk	2020	China	cattle
JBCPTB01	EB2	cow, milk	2020	China	cattle
JBCPTC01	EB1	cow, milk	2020	China	cattle
JBDMAH01	MR_3	goat	2023	Malaysia	small_ruminant
JBDQZG02	JCT0104	geoffroy's spider monkey	2016	United Kingdom	other
JBEGCN01	MHB BASRAH	cow	2023	Iraq	cattle
JBEGCP01	MHC BASRAH	dog	2024	Iraq	companion_animal
JBEGCQ01	MHF BASRAH	cat	2024	Iraq	companion_animal
JBEGCR01	MHO BASRAH	sheep	2024	Iraq	small_ruminant
JBFSZM01	254-1	fly	2022	Nigeria	other
JBFTCD01	70-2	fly	2022	Nigeria	other
JBFTCE01	71-1	fly	2022	Nigeria	other
JBHERM01	YZUsta1	chicken	2024	China	poultry
JBHERN01	YZUsta2	chicken	2024	China	poultry
JBHERP01	YZUsta5	chicken	2024	China	poultry
JBHERQ01	YZUsta6	chicken	2024	China	poultry
JBHERR01	YZUsta7	chicken	2024	China	poultry
JBHERS01	YZUsta8	chicken	2024	China	poultry
JBHERW01	YZUsta12	chicken	2024	China	poultry
JBHESB01	YZUsta17	chicken	2024	China	poultry
JBHESC01	YZUsta18	chicken	2024	China	poultry
JBHESF01	YZUsta21	pig	2024	China	pig
JBHESG01	YZUsta23	pig	2024	China	pig
JBHESH01	YZUsta24	pig	2024	China	pig
JBHESI01	YZUsta25	pig	2024	China	pig
JBHESJ01	YZUsta26	pig	2024	China	pig
JBHESK01	YZUsta27	pig	2024	China	pig
JBHESL01	YZUsta28	pig	2024	China	pig
JBHESM01	YZUsta29	pig	2024	China	pig
JBHESN01	YZUsta30	pig	2024	China	pig
JBHESO01	YZUsta31	pig	2024	China	pig
JBHESP01	YZUsta32	pig	2024	China	pig
JBHESQ01	YZUsta33	pig	2024	China	pig
JBHESR01	YZUsta34	pig	2024	China	pig
JBHESS01	YZUsta35	pig	2024	China	pig
JBHEST01	YZUsta36	pig	2024	China	pig
JBHESU01	YZUsta37	pig	2024	China	pig
JBHESV01	YZUsta38	pig	2024	China	pig
JBHESW01	YZUsta39	pig	2024	China	pig
JBHESX01	YZUsta40	pig	2024	China	pig
JBHESY01	YZUsta41	pig	2024	China	pig
JBHESZ01	YZUsta42	pig	2024	China	pig
JBHETA01	YZUsta43	pig	2024	China	pig
JBHETK01	YZUsta53	chicken	2024	China	poultry
JBHETN01	YZUsta56	fish	2024	China	other
JBHETO01	YZUsta57	fish	2024	China	other
JBHETP01	YZUsta58	chicken	2024	China	poultry
JBHETQ01	YZUsta59	fish	2024	China	other
JBHETT01	YZUsta62	fish	2024	China	other
JBHETU01	YZUsta63	fish	2024	China	other
JBHETV01	YZUsta64	fish	2024	China	other
JBHHAH01	63858	cat	2023	France	companion_animal
JBHHAI01	63857	cat	2023	France	companion_animal
JBHHAJ01	63856	cat	unknown	France	companion_animal
JBHHAK01	63852	dog	unknown	France	companion_animal
JBHHAL01	63850	cat	unknown	France	companion_animal
JBHHAM01	63849	cat	unknown	France	companion_animal
JBHHAN01	63831	horse	2023	France	equine
JBHHAO01	63825	dog	2023	France	companion_animal
JBHHAP01	63820	dog	2023	France	companion_animal
JBHHAQ01	63819	cat	2023	France	companion_animal
JBHHAR01	63815	cat	2023	France	companion_animal
JBHHAS01	63812	cat	2023	France	companion_animal
JBHHAT01	63811	cat	2023	France	companion_animal
JBHHAU01	63810	dog	2023	France	companion_animal
JBHHAV01	63693	cat	2023	France	companion_animal
JBHHAW01	63692	cat	2023	France	companion_animal
JBHHAX01	63687	dog	2023	France	companion_animal
JBHHAY01	63684	cat	2023	France	companion_animal
JBHHAZ01	63670	horse	2023	France	equine
JBHHBA01	63657	dog	2023	France	companion_animal
JBHHBB01	63655	dog	2023	France	companion_animal
JBHHBC01	63646	cat	2023	France	companion_animal
JBHHBD01	63430	cat	2023	France	companion_animal
JBHHBE01	63422	dog	2023	France	companion_animal
JBHHBF01	63416	cat	2023	France	companion_animal
JBHHBG01	63415	cat	2023	France	companion_animal
JBHHBH01	63334	dog	2023	France	companion_animal
JBHHBI01	63320	cat	2023	France	companion_animal
JBHHBJ01	63316	cat	2023	France	companion_animal
JBHHBK01	63309	cat	2023	France	companion_animal
JBHHBL01	63283	dog	2023	France	companion_animal
JBHHBM01	63280	dog	2023	France	companion_animal
JBHHBN01	63275	cat	2023	France	companion_animal
JBHHBO01	63272	cat	2023	France	companion_animal
JBHHBP01	63269	cat	2023	France	companion_animal
JBHHBQ01	63268	cat	2023	France	companion_animal
JBHHBR01	63261	cat	2023	France	companion_animal
JBHHBS01	62812	horse	unknown	France	equine
JBHHBT01	62811	horse	unknown	France	equine
JBHHBU01	62810	dog	2023	France	companion_animal
JBHHBV01	62808	dog	unknown	France	companion_animal
JBHHBW01	62807	cat	unknown	France	companion_animal
JBHHBX01	62806	cat	unknown	France	companion_animal
JBHHBY01	62781	dog	2023	France	companion_animal
JBHHBZ01	62780	dog	2023	France	companion_animal
JBHHCA01	62778	cat	2023	France	companion_animal
JBHHCB01	62764	cat	2023	France	companion_animal
JBHHCC01	62759	cat	2023	France	companion_animal
JBHHCD01	62758	cat	2023	France	companion_animal
JBHHCE01	62755	cat	2022	France	companion_animal
JBHHCF01	62754	cat	2023	France	companion_animal
JBHHCG01	62753	cat	2023	France	companion_animal
JBHHCH01	62745	horse	2023	France	equine
JBHHCI01	62743	horse	2023	France	equine
JBHHCJ01	62662	cat	2023	France	companion_animal
JBHHCK01	62661	cat	2023	France	companion_animal
JBHHCL01	62655	cat	2023	France	companion_animal
JBHHCM01	62654	cat	2023	France	companion_animal
JBHHCN01	62653	cat	2023	France	companion_animal
JBHHCO01	62647	cat	2022	France	companion_animal
JBHHCP01	62644	cat	2022	France	companion_animal
JBHHCQ01	62643	cat	2022	France	companion_animal
JBHHCR01	62642	cat	2022	France	companion_animal
JBHHCS01	62641	cat	2022	France	companion_animal
JBHHCT01	62635	cat	2022	France	companion_animal
JBHHCU01	62632	dog	2023	France	companion_animal
JBHHCV01	62626	dog	2022	France	companion_animal
JBHHCW01	62625	dog	2022	France	companion_animal
JBHHCX01	62622	dog	2022	France	companion_animal
JBHHCY01	62620	dog	2022	France	companion_animal
JBHHCZ01	62592	cat	2022	France	companion_animal
JBHHDA01	62583	cat	2022	France	companion_animal
JBHHDB01	62579	cat	2022	France	companion_animal
JBHHDC01	62578	cat	2022	France	companion_animal
JBHHDD01	62574	horse	2022	France	equine
JBHHDE01	62548	horse	2023	France	equine
JBHHDF01	62540	horse	2022	France	equine
JBHHDG01	62538	cat	2023	France	companion_animal
JBHHDH01	62535	cat	2023	France	companion_animal
JBHHDI01	62527	cat	2022	France	companion_animal
JBHHDJ01	62526	cat	2022	France	companion_animal
JBHHDK01	62523	cat	2022	France	companion_animal
JBHHDL01	62516	cat	2022	France	companion_animal
JBHHDM01	62507	dog	2022	France	companion_animal
JBHHDN01	62504	dog	2022	France	companion_animal
JBHHDO01	62501	dog	2022	France	companion_animal
JBHHDP01	62496	dog	2022	France	companion_animal
JBHHDQ01	62494	dog	2022	France	companion_animal
JBHHDR01	62235	horse	2022	France	equine
JBHHDS01	62234	dog	2022	France	companion_animal
JBHHDT01	62227	dog	2022	France	companion_animal
JBHHDU01	62224	horse	2022	France	equine
JBHHDV01	62221	horse	2022	France	equine
JBHHDW01	62219	horse	2022	France	equine
JBHHDX01	62190	horse	2022	France	equine
JBHHDY01	62188	horse	2022	France	equine
JBHHDZ01	62187	horse	2022	France	equine
JBHHEA01	62184	horse	2022	France	equine
JBHHEB01	62178	horse	2022	France	equine
JBHHEC01	62176	horse	2022	France	equine
JBHHED01	62163	horse	2022	France	equine
JBHHEE01	62162	horse	2022	France	equine
JBHHEF01	62160	horse	2022	France	equine
JBHHEG01	62159	horse	2022	France	equine
JBHHEH01	62156	horse	2022	France	equine
JBHHEI01	62147	horse	2022	France	equine
JBHHEJ01	62145	horse	2022	France	equine
JBHHEK01	62142	cat	2022	France	companion_animal
JBHHEL01	62140	cat	2022	France	companion_animal
JBHHEM01	62136	dog	2022	France	companion_animal
JBHHEN01	62124	dog	2022	France	companion_animal
JBHHEO01	62123	cat	2022	France	companion_animal
JBHHEP01	62122	cat	2022	France	companion_animal
JBHHEQ01	62062	horse	2022	France	equine
JBHHER01	62057	horse	2022	France	equine
JBHHES01	62052	horse	2022	France	equine
JBHHET01	62046	dog	2022	France	companion_animal
JBHHEU01	62043	cat	2022	France	companion_animal
JBHHEV01	61876	horse	2022	France	equine
JBHHEW01	61874	horse	2022	France	equine
JBHHEX01	61873	horse	2022	France	equine
JBHHEY01	61872	horse	2022	France	equine
JBHHEZ01	61870	horse	2022	France	equine
JBHHFA01	61869	horse	2022	France	equine
JBHHFB01	61867	horse	2022	France	equine
JBHHFC01	61861	horse	2022	France	equine
JBHHFD01	61858	horse	2022	France	equine
JBHHFE01	61857	horse	2022	France	equine
JBHHFF01	61856	horse	2022	France	equine
JBHHFG01	61855	horse	2022	France	equine
JBHHFH01	61853	horse	2022	France	equine
JBHHFI01	61852	horse	2022	France	equine
JBHHFJ01	61851	horse	2022	France	equine
JBHHFK01	61844	horse	2022	France	equine
JBHJLN01	083PP2016	cow	2016	Poland	cattle
JBHOLS01	M54.4	cow	2023	India	cattle
JBIHTU01	YZUsta36A	pig	2022	China	pig
JBIHTV01	YZUsta36	pig	2022	China	pig
JBIOAY01	BZ_9	cow	2020	China	cattle
JBIOAZ01	BZ_11	cow	2020	China	cattle
JBIOBA01	BZ_17	cow	2020	China	cattle
JBIRBQ01	BZ_45	cow	2020	China	cattle
JBIRBR01	BZ_52	cow	2020	China	cattle
JBIRBS01	BZ_54	cow	2020	China	cattle
JBIRBT01	BZ_55	cow	2020	China	cattle
JBIRBU01	BZ_56	cow	2020	China	cattle
JBIRBV01	BZ_57	cow	2020	China	cattle
JBIRBW01	BZ_59	cow	2020	China	cattle
JBIRBX01	BZ_61	cow	2020	China	cattle
JBIRBY01	BZ_62	cow	2020	China	cattle
JBIRBZ01	BZ_63	cow	2020	China	cattle
JBIRCA01	BZ_64	cow	2020	China	cattle
JBIRCB01	BZ_67	cow	2020	China	cattle
JBIRCC01	BZ_68	cow	2020	China	cattle
JBIRCD01	BZ_71	cow	2020	China	cattle
JBIRCE01	BZ_72	cow	2020	China	cattle
JBIRCF01	BZ_74	cow	2020	China	cattle
JBIRCG01	BZ_75	cow	2020	China	cattle
JBIRCH01	BZ_76	cow	2020	China	cattle
JBIRCI01	BZ_77	cow	2020	China	cattle
JBIRCJ01	BZ_78	cow	2020	China	cattle
JBIRCK01	BZ_79	cow	2020	China	cattle
JBIRCL01	BZ_81	cow	2020	China	cattle
JBIRCM01	BZ_82	cow	2020	China	cattle
JBIRCN01	BZ_83	cow	2020	China	cattle
JBIRCO01	BZ_85	cow	2020	China	cattle
JBIRCP01	BZ_86	cow	2020	China	cattle
JBIRCQ01	BZ_87	cow	2020	China	cattle
JBIRCR01	BZ_88	cow	2020	China	cattle
JBIRCS01	BZ_90	cow	2020	China	cattle
JBISCH01	BZ_33	cow	2020	China	cattle
JBISCI01	BZ_34	cow	2020	China	cattle
JBISCJ01	BZ_35	cow	2020	China	cattle
JBISCK01	BZ_36	cow	2020	China	cattle
JBISCL01	BZ_37	cow	2020	China	cattle
JBISCM01	BZ_39	cow	2020	China	cattle
JBISCN01	BZ_41	cow	2020	China	cattle
JBISCO01	BZ_42	cow	2020	China	cattle
JBJGAN01	S27	chicken	2018	China	poultry
JBJGAQ01	S46	chicken	2018	China	poultry
JBJGAS01	S49	chicken	2018	China	poultry
JBJGAV01	S63	chicken	2018	China	poultry
JBJGAX01	S8	chicken	2018	China	poultry
JBJGAY01	S9	chicken	2018	China	poultry
JBJLKP01	16C02	rat	2021	Switzerland	rodent
JBJLKQ01	16C12	rat	2021	Switzerland	rodent
JBJLQZ01	BioB-4	cow	2023	Bangladesh	cattle
JBJLRA01	BioB-3	cow	2022	Bangladesh	cattle
JBJLRB01	BioB-2	cow	2022	Bangladesh	cattle
JBJLWJ01	LS45	pig	2022	China	pig
JBKYKQ01	JP3	mouse	2023	China	rodent
JBLAWX01	BZ_92	cow	2020	China	cattle
JBLAWY01	BZ_91	cow	2020	China	cattle
JBLAWZ01	BZ_93	cow	2020	China	cattle
JBLAXA01	BZ_95	cow	2020	China	cattle
JBLVRV01	BZ_19	cow	2020	China	cattle
JBLVRW01	BZ_24	cow	2020	China	cattle
JBLVRX01	BZ_25	cow	2020	China	cattle
JBLVRY01	BZ_31	cow	2020	China	cattle
JBLVRZ01	BZ_32	cow	2020	China	cattle
JBLVSA01	BZ_96	cow	2020	China	cattle
JBLVSB01	BZ_97	cow	2020	China	cattle
JBLVSC01	BZ_98	cow	2020	China	cattle
JBLVSD01	BZ_99	cow	2020	China	cattle
JBLVSE01	BZ_100	cow	2020	China	cattle
JBLVSF01	BZ_101	cow	2020	China	cattle
JBLVSG01	BZ_102	cow	2020	China	cattle
JBLVSH01	BZ_103	cow	2020	China	cattle
JBLVSI01	BZ_104	cow	2020	China	cattle
JBLVSJ01	BZ_105	cow	2020	China	cattle
JBLVSK01	BZ_107	cow	2020	China	cattle
JBLVSL01	BZ_109	cow	2020	China	cattle
JBLVSM01	BZ_110	cow	2020	China	cattle
JBLVSN01	BZ_113	cow	2020	China	cattle
JBLVSO01	BZ_114	cow	2020	China	cattle
JBLVSP01	BZ_116	cow	2020	China	cattle
JBLVSQ01	BZ_118	cow	2020	China	cattle
JBLVSR01	BZ_120	cow	2020	China	cattle
JBLVSS01	BZ_123	cow	2020	China	cattle
JBLVST01	BZ_125	cow	2020	China	cattle
JBLVSU01	BZ_126	cow	2020	China	cattle
JBLVSV01	BZ_127	cow	2020	China	cattle
JBLVSW01	BZ_128	cow	2020	China	cattle
JBLVSX01	BZ_129	cow	2020	China	cattle
JBLVSY01	BZ_131	cow	2020	China	cattle
JBLVSZ01	BZ_132	cow	2020	China	cattle
JBLVTA01	BZ_133	cow	2020	China	cattle
JBLVTB01	BZ_134	cow	2020	China	cattle
JBLVTC01	BZ_136	cow	2020	China	cattle
JBLVTD01	BZ_137	cow	2020	China	cattle
JBLVTE01	BZ_138	cow	2020	China	cattle
JBLVTF01	BZ_139	cow	2020	China	cattle
JBLVTG01	BZ_140	cow	2020	China	cattle
JBLWFU01	YZUsta27	pig	2024	China	pig
JBLYEU01	G3.4	goat	2020	Germany	small_ruminant
JBLYEV01	G3.3	goat	2020	Germany	small_ruminant
JBLYEW01	G3.2	goat	2020	Germany	small_ruminant
JBLYEX01	G7.4	goat	2020	Germany	small_ruminant
JBLYEY01	G7.3	goat	2020	Germany	small_ruminant
JBLYEZ01	A1	goat	2020	Austria	small_ruminant
JBLYFA01	G3.1	goat	2020	Germany	small_ruminant
JBLYFB01	G7.2	goat	2020	Germany	small_ruminant
JBLYFC01	G7.1	goat	2020	Germany	small_ruminant
JBLYFD01	G5.4	goat	2020	Germany	small_ruminant
JBLYFE01	G5.3	goat	2020	Germany	small_ruminant
JBLYFF01	G5.2	goat	2020	Germany	small_ruminant
JBLYFG01	G5.1	goat	2020	Germany	small_ruminant
JBLYFH01	G2.2	goat	2020	Germany	small_ruminant
JBLYFI01	G2.1	goat	2020	Germany	small_ruminant
JBLYFJ01	G4	goat	2020	Germany	small_ruminant
JBLYFK01	P1.3	goat	2020	Poland	small_ruminant
JBLYFL01	P2	goat	2020	Poland	small_ruminant
JBLYFM01	P1.2	goat	2020	Poland	small_ruminant
JBLYFN01	P1.1	goat	2020	Poland	small_ruminant
JBLYFO01	G6.5	goat	2022	Germany	small_ruminant
JBLYFP01	G12.5	goat	2022	Germany	small_ruminant
JBLYFQ01	G12.4	goat	2022	Germany	small_ruminant
JBLYFR01	G12.3	goat	2022	Germany	small_ruminant
JBLYFS01	G12.2	goat	2022	Germany	small_ruminant
JBLYFT01	G12.1	goat	2022	Germany	small_ruminant
JBLYFU01	G6.4	goat	2022	Germany	small_ruminant
JBLYFV01	G6.3	goat	2022	Germany	small_ruminant
JBLYFW01	G6.2	goat	2022	Germany	small_ruminant
JBLYFX01	G6.1	goat	2022	Germany	small_ruminant
JBLYFY01	G11.4	goat	2022	Germany	small_ruminant
JBLYFZ01	G11.3	goat	2022	Germany	small_ruminant
JBLYGA01	G11.2	goat	2022	Germany	small_ruminant
JBLYGB01	G11.1	goat	2022	Germany	small_ruminant
JBLYGC01	G11.5	goat	2022	Germany	small_ruminant
JBLYGD01	G10	goat	2022	Germany	small_ruminant
JBLYGE01	G9.3	goat	2022	Germany	small_ruminant
JBLYGF01	G9.2	goat	2022	Germany	small_ruminant
JBLYGG01	G9.1	goat	2022	Germany	small_ruminant
JBLYGH01	A3	goat	2021	Austria	small_ruminant
JBLYGI01	A2	goat	2021	Austria	small_ruminant
JBLYGJ01	G8	goat	2021	Germany	small_ruminant
JBLYGK01	G1.10	goat	2021	Germany	small_ruminant
JBLYGL01	G1.9	goat	2021	Germany	small_ruminant
JBLYGM01	G1.8	goat	2021	Germany	small_ruminant
JBLYGN01	G1.7	goat	2021	Germany	small_ruminant
JBLYGO01	G1.6	goat	2021	Germany	small_ruminant
JBLYGP01	G1.5	goat	2021	Germany	small_ruminant
JBLYGQ01	G1.4	goat	2021	Germany	small_ruminant
JBLYGR01	G1.3	goat	2021	Germany	small_ruminant
JBLYGS01	G1.2	goat	2021	Germany	small_ruminant
JBLYGT01	G1.1	goat	2021	Germany	small_ruminant
JBMBTU01	SA_NM-7	buffalo, milk	2022	China	other
JBMJCJ01	64280	dog	2023	Algeria	companion_animal
JBMJCK01	64282	dog	2023	Algeria	companion_animal
JBMJCL01	64292	dog	2023	Algeria	companion_animal
JBMJCM01	64295	dog	2023	Algeria	companion_animal
JBMJCN01	64297	dog	2023	Algeria	companion_animal
JBMJCO01	64309	dog	2023	Algeria	companion_animal
JBMJCP01	64314	dog	2023	Algeria	companion_animal
JBNDXA01	PFJA-10	pig	2023	South Korea	pig
JBNUOP01	SA	fish	2023	China	other
JBPIZT01	FT527_175	cow	2025	Greece	cattle
JBPIZU01	FT526_174	cow	2025	Greece	cattle
JBPPHK01	RoD3-P	roe deer	2022	Germany	cervid
JBPPHL01	RoD2-P	roe deer	2022	Germany	cervid
JBPPHM01	RoD1-P	roe deer	2022	Germany	cervid
JBPPHN01	FD1-N	fallow deer	2022	Germany	cervid
JBPPHO01	RoD8-B	roe deer	2022	Germany	cervid
JBPPHP01	RoD7-B	roe deer	2022	Germany	cervid
JBPPHQ01	RoD6-B	roe deer	2022	Germany	cervid
JBPPHR01	RoD5-B	roe deer	2022	Germany	cervid
JBPPHS01	RoD4-B	roe deer	2022	Germany	cervid
JBPPHT01	RoD3-B	roe deer	2022	Germany	cervid
JBPPHU01	RoD2-B	roe deer	2022	Germany	cervid
JBPPHV01	RoD1-B	roe deer	2022	Germany	cervid
JBPPHW01	RoD2-M	roe deer	2022	Germany	cervid
JBPPHX01	RoD1-M	roe deer	2022	Germany	cervid
JBPPHY01	RD1-L	red deer	2022	Germany	cervid
JBPPHZ01	RoD2-L	roe deer	2022	Germany	cervid
JBPPIA01	RoD1-L	roe deer	2022	Germany	cervid
JBPPIB01	FD7-A	fallow deer	2022	Germany	cervid
JBPPIC01	FD6-A	fallow deer	2022	Germany	cervid
JBPPID01	RoD3-A	roe deer	2022	Germany	cervid
JBPPIE01	RoD2-A	roe deer	2022	Germany	cervid
JBPPIF01	WB2-L	wild boar	2022	Germany	wild_boar
JBPPIG01	WB1-L	wild boar	2022	Germany	wild_boar
JBPPIH01	RD2-K	red deer	2022	Germany	cervid
JBPPII01	RD1-K	red deer	2022	Germany	cervid
JBPPIJ01	RoD3-G	roe deer	2022	Germany	cervid
JBPPIK01	RD4-J	red deer	2022	Germany	cervid
JBPPIL01	RD3-J	red deer	2022	Germany	cervid
JBPPIM01	RD2-J	red deer	2022	Germany	cervid
JBPPIN01	RD1-J	red deer	2022	Germany	cervid
JBPPIO01	WB1-J	wild boar	2022	Germany	wild_boar
JBPPIP01	WB1-H	wild boar	2022	Germany	wild_boar
JBPPIQ01	RD5-H	red deer	2022	Germany	cervid
JBPPIR01	RD4-H	red deer	2022	Germany	cervid
JBPPIS01	RD3-H	red deer	2022	Germany	cervid
JBPPIT01	RD2-H	red deer	2022	Germany	cervid
JBPPIU01	RoD1-H	roe deer	2022	Germany	cervid
JBPPIV01	RD1-H	red deer	2022	Germany	cervid
JBPPIW01	RoD2-G	roe deer	2022	Germany	cervid
JBPPIX01	RoD1-G	roe deer	2022	Germany	cervid
JBPPIY01	WB2-F	wild boar	2022	Germany	wild_boar
JBPPIZ01	WB1-F	wild boar	2022	Germany	wild_boar
JBPPJA01	WB2-E	wild boar	2022	Germany	wild_boar
JBPPJB01	FD4-E	fallow deer	2022	Germany	cervid
JBPPJC01	FD3-E	fallow deer	2022	Germany	cervid
JBPPJD01	WB1-E	wild boar	2022	Germany	wild_boar
JBPPJE01	FD2-E	fallow deer	2022	Germany	cervid
JBPPJF01	FD1-E	fallow deer	2022	Germany	cervid
JBPPJG01	WB1-D	wild boar	2022	Germany	wild_boar
JBPPJH01	WB1-C	wild boar	2022	Germany	wild_boar
JBPPJI01	RD1-B	red deer	2022	Germany	cervid
JBPPJJ01	WB1-B	wild boar	2022	Germany	wild_boar
JBPPJK01	FD5-A	fallow deer	2022	Germany	cervid
JBPPJL01	RoD1-A	roe deer	2022	Germany	cervid
JBPPJM01	FD4-A	fallow deer	2022	Germany	cervid
JBPPJN01	FD3-A	fallow deer	2022	Germany	cervid
JBPPJO01	FD2-A	fallow deer	2022	Germany	cervid
JBPPJP01	FD1-A	fallow deer	2022	Germany	cervid
JBPQCZ01	MBBL25_3BM	buffalo, milk	2024	Bangladesh	other
JJON01	A187	pig	2009	China	pig
JJOO01	A71	pig	2009	China	pig
JJOP01	A69	pig	2009	China	pig
JYGF01	K12S0375	chicken	2012	South Korea	poultry
JZIN01	9	cow	2000	Finland	cattle
JZIP01	110	cow	2000	Finland	cattle
JZIQ01	112	cow	2000	Finland	cattle
LBCS01	sp17	european rabbit	2004	Spain	rabbit
LIRC01	BA01611	cow	2014	China	cattle
LIZM01	MRSA SKN07	cow	2014	India	cattle
LKVI01	ISU 1000	pig	2010	USA	pig
LKVJ01	ISU 1001	pig	2010	USA	pig
LKVK01	ISU 1002	pig	2010	USA	pig
LKVN01	ISU 1008	pig	2010	USA	pig
LKVO01	ISU 1009	pig	2010	USA	pig
LKVP01	ISU 1010	pig	2010	USA	pig
LKVT01	ISU 871	pig	2010	USA	pig
LKVU01	ISU 872	pig	2010	USA	pig
LKVV01	ISU 873	pig	2010	USA	pig
LKVW01	ISU 874	pig	2010	USA	pig
LKVX01	ISU 875	pig	2010	USA	pig
LKVY01	ISU 876	pig	2010	USA	pig
LKVZ01	ISU 877	pig	2010	USA	pig
LKWA01	ISU 878	pig	2010	USA	pig
LKWB01	ISU 879	pig	2010	USA	pig
LKWC01	ISU 880	pig	2010	USA	pig
LKWD01	ISU 881	pig	2010	USA	pig
LKWE01	ISU 882	pig	2010	USA	pig
LKWL01	ISU 912	pig	2010	USA	pig
LKWO01	ISU 915	pig	2010	USA	pig
LKWP01	ISU 916	pig	2010	USA	pig
LKWQ01	ISU 917	pig	2010	USA	pig
LKWR01	ISU 918	pig	2010	USA	pig
LKWU01	ISU 922	pig	2010	USA	pig
LKWV01	ISU 924	pig	2010	USA	pig
LKWW01	ISU 925	pig	2010	USA	pig
LKXB01	ISU 933	pig	2010	USA	pig
LKXC01	ISU 934	pig	2010	USA	pig
LKXD01	ISU 935	pig	2010	USA	pig
LKXE01	ISU 936	pig	2010	USA	pig
LKXF01	ISU 939	pig	2010	USA	pig
LKXH01	ISU 941	pig	2010	USA	pig
LKXN01	ISU 949	pig	2010	USA	pig
LKXO01	ISU 951	pig	2010	USA	pig
LKXP01	ISU 952	pig	2010	USA	pig
LKXQ01	ISU 953	pig	2010	USA	pig
LKXR01	ISU 954	pig	2010	USA	pig
LKXS01	ISU 956	pig	2010	USA	pig
LKXY01	ISU 968	pig	2010	USA	pig
LKXZ01	ISU 969	pig	2010	USA	pig
LKYA01	ISU 970	pig	2010	USA	pig
LKYB01	ISU 971	pig	2010	USA	pig
LKYE01	ISU 976	pig	2010	USA	pig
LKYF01	ISU 978	pig	2010	USA	pig
LKYG01	ISU 979	pig	2010	USA	pig
LKYL01	ISU 992	pig	2010	USA	pig
LKYR01	ISU 926	pig	2010	USA	pig
LNOO01	1269	cow	2014	Brazil	cattle
LNOP01	1364	cow	2014	Brazil	cattle
LNOQ01	170	cow	2014	Brazil	cattle
LRMX01	strain 19	cow	2005	Belgium	cattle
LRNE01	141	cow	2006	Belgium	cattle
LSAS01	ILS-20	camel, milk	2007	Kenya	other
LSAU01	ILS-26	camel, milk	2007	Kenya	other
LSAV01	ILS-37	camel, milk	2007	Kenya	other
LSDW01	ILS-53	camel, milk	2008	Kenya	other
LSDY01	ILS-66	camel, milk	2008	Kenya	other
LSEB01	ILS-76	goat, milk	2009	Kenya	small_ruminant
LSFA01	ILS-6	camel, milk	2007	Kenya	other
LSFB01	ILS-3	camel, milk	2007	Kenya	other
LSFD01	ILS-17	camel, milk	2007	Kenya	other
LUFG01	ST425	cat	2013	Australia	companion_animal
LYXH01	380/11	european rabbit	2004	Hungary	rabbit
MAQK01	Sa13-003	goat, milk	2013	Australia	small_ruminant
MAQL01	Sa13-004	sheep, milk	2013	Australia	small_ruminant
MAQM01	Sa13-005	sheep, milk	2013	Australia	small_ruminant
MAQN01	Sa13-006	goat, milk	2013	Australia	small_ruminant
MAQS01	Sa14-005	goat, milk	2014	Australia	small_ruminant
MAQT01	Sa14-006	goat, milk	2014	Australia	small_ruminant
MAQU01	Sa14-007	goat, milk	2014	Australia	small_ruminant
MOXP01	pa3	partridge	2006	United Kingdom	game_birds
MOYG01	ch3	chicken	1976	Belgium	poultry
MOYH01	ch9	chicken	1999	USA	poultry
MOYI01	ch23	chicken	2008	Poland	poultry
MOYJ01	ch24	chicken	2008	Poland	poultry
MOYK01	ph2	pheasant	unknown	United Kingdom	game_birds
MSGQ01	ch5	chicken	1976	Belgium	poultry
NAIU01	N13/4/96	dog	2013	Australia	companion_animal
NAIV01	Q13/1/325	dog	2013	Australia	companion_animal
NAIW01	Q13/1/305	dog	2013	Australia	companion_animal
NAIX01	V13/2/426	dog	2013	Australia	companion_animal
NAIY01	V13/2/458	horse	2013	Australia	equine
NAJD01	N13/1/662	kangaroo	2013	Australia	other
NAJE01	N13/1/715	horse	2013	Australia	equine
NAJF01	Q13/1/141	dog	2013	Australia	companion_animal
NAJG01	Q13/1/145	dog	2013	Australia	companion_animal
NAJH01	N13/1/17	cat	2013	Australia	companion_animal
NAQM01	V13/2/439	dog	2013	Australia	companion_animal
NBNF01	Sa52	cow	2016	Denmark	cattle
NISC01	S681	pig	2009	Switzerland	pig
PJLQ01	MR48	macaque	2017	Nepal	other
PJLR01	MR12	macaque	2017	Nepal	other
PPQU01	DSM 20714	sheep	1985	Germany	small_ruminant
PTAE01	E77	pig	2016	China	pig
PTBL01	DY82	pig	2016	China	pig
PUTY01	IMT33368	horse	2014	Germany	equine
PUTZ01	IMT33391	horse	2014	Germany	equine
PUUA01	IMT33826	horse	2014	Germany	equine
PUUB01	IMT33828	horse	2014	Germany	equine
PUUC01	IMT33861	horse	2014	Germany	equine
PUUD01	IMT33862	horse	2014	Germany	equine
PUUE01	IMT33997	horse	2014	Germany	equine
PUXH01	IMT34080	horse	2014	Germany	equine
PUXI01	IMT34209	horse	2014	Germany	equine
PUXJ01	IMT34426	horse	2014	Germany	equine
PUXK01	IMT36995	horse	2015	Germany	equine
PUXL01	IMT37082	horse	2015	Germany	equine
PUXM01	IMT37264	horse	2015	Germany	equine
PUXN01	IMT37277	horse	2015	Germany	equine
PUXO01	IMT37325	horse	2015	Germany	equine
PUXP01	IMT37340	horse	2015	Germany	equine
PUXQ01	IMT37510	horse	2015	Germany	equine
PYBG01	IMT37426	horse	2015	Germany	equine
QBFM01	IMT38888	horse	2014	Germany	equine
QFCT01	15	cow	2015	Netherlands	cattle
QFCV01	31	cow	2015	Netherlands	cattle
QFCW01	58	cow	2015	Netherlands	cattle
QFCX01	139	cow	2015	Netherlands	cattle
QITK01	IMT38358	horse	2016	Germany	equine
QITL01	IMT38422	horse	2016	Germany	equine
QITM01	IMT38431	horse	2016	Germany	equine
QITN01	IMT38587	horse	2016	Germany	equine
QITO01	IMT38594	horse	2016	Germany	equine
QITP01	IMT38653	horse	2016	Germany	equine
QQZR01	MI18-33	sheep	2018	USA	small_ruminant
QQZS01	MI18-34	sheep	2018	USA	small_ruminant
QQZT01	MI18-37	sheep	2018	USA	small_ruminant
QQZU01	MI18-935	sheep	2018	USA	small_ruminant
QQZV01	MI18-1034	sheep	2018	USA	small_ruminant
QQZW01	MI18-1505	sheep	2018	USA	small_ruminant
QQZX01	MI18-1974	sheep	2018	USA	small_ruminant
QWKQ01	JSNZ	laboratory mouse	2008	New Zealand	other
QWKR01	muCC88d	field vole	2012	Germany	rodent
QWKS01	DIP	blank vole	2014	Germany	other
QWKT01	muCC8c	field vole	2014	Germany	rodent
SDSL01	BCW_7423	dolphin	2013	USA	other
SDSM01	BCW_7424	dolphin	2013	USA	other
SDSR01	BCW_7431	dolphin	2013	USA	other
SEII01	BCW_7425	dolphin	2013	USA	other
SPPY01	P36	mouse	2014	United Kingdom	rodent
SRR25792323	ST1049	wild boar	2020	Portugal	wild_boar
SRR25792324	ST1047	wild boar	2020	Portugal	wild_boar
SRR25792325	ST1045	wild boar	2020	Portugal	wild_boar
SRR25792327	ST1037	wild boar	2020	Portugal	wild_boar
SRR25792330	ST1034	wild boar	2020	Portugal	wild_boar
SRR25792333	ST0566	wild boar	2020	Portugal	wild_boar
SRR25792334	ST1022	wild boar	2020	Portugal	wild_boar
SRR25792335	ST1021	wild boar	2020	Portugal	wild_boar
SRR25792336	ST1019	wild boar	2020	Portugal	wild_boar
SRR25792337	ST1013	wild boar	2020	Portugal	wild_boar
SRR25792339	ST1008	wild boar	2020	Portugal	wild_boar
SRR25792340	ST0982	wild boar	2020	Portugal	wild_boar
SRR25792341	ST0981	wild boar	2020	Portugal	wild_boar
SRR25792342	ST0980	wild boar	2020	Portugal	wild_boar
SRR25792343	ST0977	wild boar	2020	Portugal	wild_boar
SRR25792344	ST0565	wild boar	2020	Portugal	wild_boar
SRR25792345	ST0970	wild boar	2020	Portugal	wild_boar
SRR25792346	ST0969	wild boar	2020	Portugal	wild_boar
SRR25792349	ST0965	wild boar	2020	Portugal	wild_boar
SRR25792350	ST0964	wild boar	2020	Portugal	wild_boar
SRR25792351	ST0963	wild boar	2020	Portugal	wild_boar
SRR25792352	ST0962	wild boar	2020	Portugal	wild_boar
SRR25792353	ST0961	wild boar	2020	Portugal	wild_boar
SRR25792354	ST0958	wild boar	2020	Portugal	wild_boar
SRR25792356	ST0957	wild boar	2020	Portugal	wild_boar
SRR25792357	ST0956	wild boar	2020	Portugal	wild_boar
SRR25792358	ST0955	wild boar	2020	Portugal	wild_boar
SRR25792360	ST0940	red deer	2020	Portugal	cervid
SRR25792361	ST0939	red deer	2020	Portugal	cervid
SRR25792362	ST0826	red deer	2020	Portugal	cervid
SRR25792363	ST0824	red deer	2020	Portugal	cervid
SRR25792364	ST0823	red deer	2020	Portugal	cervid
SRR25792365	ST0818	red deer	2020	Portugal	cervid
SRR25792366	ST0563	wild boar	2020	Portugal	wild_boar
SRR25792369	ST0815	red deer	2020	Portugal	cervid
SRR25792370	ST0814	red deer	2020	Portugal	cervid
SRR25792371	ST0808	red deer	2020	Portugal	cervid
SRR25792372	ST0807	red deer	2020	Portugal	cervid
SRR25792374	ST0798	red deer	2020	Portugal	cervid
SRR25792375	ST0796	red deer	2020	Portugal	cervid
SRR25792376	ST0795	red deer	2020	Portugal	cervid
SRR25792378	ST0791	red deer	2020	Portugal	cervid
SRR25792379	ST0782	red deer	2020	Portugal	cervid
SRR25792380	ST0780	red deer	2020	Portugal	cervid
SRR25792381	ST0779	red deer	2020	Portugal	cervid
SRR25792382	ST0770	red deer	2020	Portugal	cervid
SRR25792383	ST0769	red deer	2020	Portugal	cervid
SRR25792384	ST0768	red deer	2020	Portugal	cervid
SRR25792385	ST0767	red deer	2020	Portugal	cervid
SRR25792386	ST0753	red deer	2020	Portugal	cervid
SRR25792387	ST0752	red deer	2020	Portugal	cervid
SRR25792388	ST0561	wild boar	2020	Portugal	wild_boar
SRR25792389	ST0726	red deer	2020	Portugal	cervid
SRR25792390	ST0725	red deer	2020	Portugal	cervid
SRR25792391	ST0724	red deer	2020	Portugal	cervid
SRR25792392	ST0723	red deer	2020	Portugal	cervid
SRR25792393	ST0722	red deer	2020	Portugal	cervid
SRR25792394	ST0721	red deer	2020	Portugal	cervid
SRR25792395	ST0720	red deer	2020	Portugal	cervid
SRR25792396	ST0719	red deer	2020	Portugal	cervid
SRR25792397	ST0718	red deer	2020	Portugal	cervid
SRR25792398	ST0699	wild boar	2020	Portugal	wild_boar
SRR25792399	ST0556	wild boar	2020	Portugal	wild_boar
SRR25792402	ST0652	wild boar	2020	Portugal	wild_boar
SRR25792403	ST0651	wild boar	2020	Portugal	wild_boar
SRR25792404	ST0650	wild boar	2020	Portugal	wild_boar
SRR25792406	ST0645	wild boar	2020	Portugal	wild_boar
SRR25792407	ST0644	wild boar	2020	Portugal	wild_boar
SRR25792408	ST0643	wild boar	2020	Portugal	wild_boar
SRR25792409	ST0642	wild boar	2020	Portugal	wild_boar
SRR25792410	ST0555	wild boar	2020	Portugal	wild_boar
SRR25792411	ST0623	wild boar	2020	Portugal	wild_boar
SRR25792412	ST0622	wild boar	2020	Portugal	wild_boar
SRR25792413	ST0621	wild boar	2020	Portugal	wild_boar
SRR25792414	ST0620	wild boar	2020	Portugal	wild_boar
SRR25792415	ST0619	wild boar	2020	Portugal	wild_boar
SRR25792416	ST0618	wild boar	2020	Portugal	wild_boar
SRR25792417	ST0617	wild boar	2020	Portugal	wild_boar
SRR25792418	ST0570	wild boar	2020	Portugal	wild_boar
SRR25792419	ST1185	fallow deer	2020	Portugal	cervid
SRR25792420	ST1183	fallow deer	2020	Portugal	cervid
SRR25792421	ST1169	fallow deer	2020	Portugal	cervid
SRR25792422	ST1152	fallow deer	2020	Portugal	cervid
SRR25792423	ST1151	fallow deer	2020	Portugal	cervid
SRR25792424	ST0569	wild boar	2020	Portugal	wild_boar
SRR25792425	ST1150	fallow deer	2020	Portugal	cervid
SRR25792426	ST1145	fallow deer	2020	Portugal	cervid
SRR25792427	ST1144	fallow deer	2020	Portugal	cervid
SRR25792428	ST1143	fallow deer	2020	Portugal	cervid
SRR25792429	ST1142	fallow deer	2020	Portugal	cervid
SRR25792430	ST1138	fallow deer	2020	Portugal	cervid
SRR25792431	ST1053	wild boar	2020	Portugal	wild_boar
SRR25792432	ST1052	wild boar	2020	Portugal	wild_boar
SRR25792433	ST1051	wild boar	2020	Portugal	wild_boar
SRR25792434	ST1050	wild boar	2020	Portugal	wild_boar
SRR25792435	ST0568	wild boar	2020	Portugal	wild_boar
SRR25792436	ST0554	wild boar	2020	Portugal	wild_boar
SRR25792437	ST0553	wild boar	2020	Portugal	wild_boar
VFAE01	FDAARGOS_612	pig	unknown	USA	pig
VKLC01	SP134	chicken	2017	New Zealand	poultry
VKLD01	SP135	chicken	2017	New Zealand	poultry
VKLE01	SP136	chicken	2017	New Zealand	poultry
VKLF01	SP82a	chicken	2016	New Zealand	poultry
VKLG01	SP82b	chicken	2016	New Zealand	poultry
VKLH01	SP88a	chicken	2016	New Zealand	poultry
VKLI01	SP88b	chicken	2016	New Zealand	poultry
VKLJ01	SP88c	chicken	2016	New Zealand	poultry
VKLK01	SP88d	chicken	2016	New Zealand	poultry
VKLL01	SP94a	yellow-eyed penguin	2014	New Zealand	other
VKLM01	SP94b	yellow-eyed penguin	2014	New Zealand	other
VKLN01	SP97a	yellow-eyed penguin	2015	New Zealand	other
VKLO01	SP98	yellow-eyed penguin	2015	New Zealand	other
VROJ01	ST612NSW24	horse	2009	Australia	equine
VROK01	ST612NSW23	horse	2009	Australia	equine
VROL01	ST612NSW22	horse	2009	Australia	equine
VROM01	ST612NSW21	horse	2008	Australia	equine
VRON01	ST612NSW20	horse	2009	Australia	equine
VROO01	ST612NSW19	horse	2009	Australia	equine
VROP01	ST612NSW18	horse	2009	Australia	equine
VROR01	ST612NSW15	horse	2008	Australia	equine
VROS01	ST612NSW14	horse	2009	Australia	equine
VROT01	ST612NSW13	horse	2009	Australia	equine
VROU01	ST612NSW12	horse	2009	Australia	equine
VROV01	ST612NSW11	horse	2008	Australia	equine
VROW01	ST612NSW10	horse	2009	Australia	equine
VROY01	ST612NSW8	horse	2008	Australia	equine
VROZ01	ST612NSW7	horse	2008	Australia	equine
VRPA01	ST612NSW6	horse	2008	Australia	equine
VRPB01	ST612NSW5	horse	2008	Australia	equine
VRPC01	ST612NSW4	horse	2008	Australia	equine
VRPD01	ST612NSW3	horse	2008	Australia	equine
VRPF01	ST612NSW1	horse	2008	Australia	equine
VSYP01	IMT41899	horse	2017	unknown	equine
VSYQ01	IMT43240	horse	2017	unknown	equine
VSYR01	IMT43231	horse	2017	unknown	equine
VSYS01	IMT43228	horse	2017	unknown	equine
VSYT01	IMT41468	horse	2017	unknown	equine
VSYU01	IMT41452	horse	2017	unknown	equine
VSYV01	IMT40952	horse	2017	unknown	equine
VSYW01	IMT40820	horse	2016	unknown	equine
VSYX01	IMT40768	horse	2016	unknown	equine
VSYY01	IMT39841	horse	2016	unknown	equine
VSYZ01	IMT39233	horse	2016	unknown	equine
VSZA01	IMT37728	horse	2015	unknown	equine
VSZB01	IMT37410	horse	2015	unknown	equine
VSZC01	IMT37341	horse	2015	unknown	equine
VSZD01	IMT37083	horse	2015	unknown	equine
VSZE01	IMT39637	horse	2016	unknown	equine
VSZF01	IMT39701	horse	2016	unknown	equine
VSZG01	IMT39173	horse	2016	unknown	equine
VSZH01	IMT39129	horse	2016	unknown	equine
WHRK01	CC9:pig10	pig	2015	USA	pig
WHRL01	CC9:pig9	pig	2015	USA	pig
WHRM01	CC9:pig8	pig	2015	USA	pig
WHRN01	CC9:pig7	pig	2015	USA	pig
WHRO01	CC9:pig6	pig	2015	USA	pig
WHRP01	CC9:pig5	pig	2015	USA	pig
WHRQ01	CC9:pig4	pig	2015	USA	pig
WHRR01	CC9:pig3	pig	2015	USA	pig
WHRS01	CC9:pig2	pig	2015	USA	pig
WHRT01	CC9:pig1	pig	2015	USA	pig
WIPM01	74	cow	2018	Russia	cattle
WIPN01	88	cow	2018	Russia	cattle
WIPS01	23	cow	2018	Russia	cattle
WIPT01	8	cow	2018	Russia	cattle
WJSU01	17PY01	chicken	2017	China	poultry
WJSV01	M19	chicken	2018	China	poultry
WOCG01	Saari 20	cow	2018	Finland	cattle
WOCH01	Saari 19	cow	2018	Finland	cattle
WOCI01	Saari 18	cow	2018	Finland	cattle
WOCJ01	Saari 17	cow	2018	Finland	cattle
WOCK01	Saari 16	cow	2018	Finland	cattle
WOCL01	Saari 15	cow	2018	Finland	cattle
WOCM01	Saari 14	cow	2011	Finland	cattle
WOCN01	Saari 13	cow	2011	Finland	cattle
WOCO01	Saari 12	cow	2018	Finland	cattle
WOCP01	Saari 11	cow	2016	Finland	cattle
WOCQ01	Saari 10	cow	2016	Finland	cattle
WOCR01	Saari 9	cow	2016	Finland	cattle
WOCS01	Saari 8	cow	2015	Finland	cattle
WOCT01	Saari 7	cow	2018	Finland	cattle
WOCU01	Saari 6	cow	2018	Finland	cattle
WOCV01	Saari 5	cow	2017	Finland	cattle
WOCW01	Saari 4	cow	2017	Finland	cattle
WOCX01	Saari 3	cow	2016	Finland	cattle
WOCY01	Saari 2	cow	2015	Finland	cattle
WOCZ01	Saari 1	cow	2015	Finland	cattle
WSFM01	mecC 165 PE	cow	2017	Brazil	cattle
